$MeshFormat
2.2 0 8
$EndMeshFormat
$Nodes
5581
1 -2.99 1.999972584682756 0
2 10 6.000000000000001 0
3 10 0 0
4 -3 0 0
5 -2.890631856666892 1.996724299229995 0
6 -2.791581558852712 1.988138354638785 0
7 -2.693112476098563 1.974401488751916 0
8 -2.595444744525636 1.955797418030447 0
9 -2.498743613090137 1.932683409805831 0
10 -2.40311512615358 1.90546506111991 0
11 -2.308608007398149 1.874573147714065 0
12 -2.215219612706067 1.840444660484833 0
13 -2.122904176526821 1.803509372857611 0
14 -2.031581481199999 1.7641812922036 0
15 -1.941144953506474 1.722854398801943 0
16 -1.851468574422338 1.679901625534052 0
17 -1.762412495577663 1.635676118604938 0
18 -1.673827362719968 1.590513978859517 0
19 -1.585557647537089 1.54473797107412 0
20 -1.497444147867012 1.498661769451033 0
21 -1.409325976676799 1.452594508748075 0
22 -1.321042291915356 1.406845467630391 0
23 -1.232434035784987 1.361728744254521 0
24 -1.143345968630923 1.317567761029074 0
25 -1.053629187578672 1.27469950461718 0
26 -0.9631817268383787 1.233494687352695 0
27 -0.876935586673762 1.196423956990327 0
28 -0.7979723136781033 1.164646466055669 0
29 -0.7257110457819036 1.137569193675953 0
30 -0.6596311320622078 1.114620298060952 0
31 -0.5992570442333962 1.095262973792589 0
32 -0.5441485131210101 1.079003914917798 0
33 -0.4938913820870841 1.065396933764949 0
34 -0.4456293827860933 1.053462474705539 0
35 -0.3971117552947289 1.042614264573214 0
36 -0.3483541840418632 1.032901660793106 0
37 -0.2993760931199114 1.024370896165478 0
38 -0.2502005607402451 1.017064276497561 0
39 -0.2008541048848764 1.011019373792801 0
40 -0.1513663837890657 1.00626825293375 0
41 -0.1017697260112949 1.002836764113328 0
42 -0.05209860164321743 1.000743945968168 0
43 -0.002388980768953199 0.9999986871558758 0
44 0.04731008925090999 1.001119749218869 0
45 0.09689222231917798 1.004705120800313 0
46 0.146234911093414 1.010750107402513 0
47 0.1952162180244695 1.019239770341371 0
48 0.2437150979686211 1.030153130243405 0
49 0.2916116988093783 1.043463217492347 0
50 0.3387876565353177 1.059137139013535 0
51 0.3851263876676459 1.077136160901647 0
52 0.4305133777347614 1.097415803867829 0
53 0.4748364648851811 1.11992595154736 0
54 0.5192842586214759 1.145398421085005 0
55 0.5665203404673147 1.175952244475843 0
56 0.6163855059148293 1.212555457174695 0
57 0.6688288122682297 1.255782822053385 0
58 0.7261373749734817 1.303649490259968 0
59 0.7892905811013586 1.356129769756216 0
60 0.8589582352694286 1.413697458153854 0
61 0.9349109751543246 1.476068858574775 0
62 1.011958239510387 1.538923642136881 0
63 1.089210825272675 1.601525853999528 0
64 1.166669555325714 1.663872800410848 0
65 1.244335240939597 1.725961751434321 0
66 1.322208681296518 1.787789940773103 0
67 1.400290662960161 1.849354565567167 0
68 1.478581959470105 1.910652786307764 0
69 1.557083330741379 1.97168172661676 0
70 1.635795522641712 2.032438473185092 0
71 1.714719349022748 2.092920138685544 0
72 1.793855478825679 2.153123698398095 0
73 1.873204673138218 2.213046172496911 0
74 1.952767620657796 2.272684500495241 0
75 2.032545077544458 2.332035646817728 0
76 2.112537676880392 2.3910964586504 0
77 2.192746110075162 2.449863801704815 0
78 2.273171049588623 2.508334502505667 0
79 2.353813148286712 2.566505348361102 0
80 2.43467303887028 2.624373087411153 0
81 2.515751333078464 2.681934428540546 0
82 2.597048621267096 2.739186041586296 0
83 2.678565471409432 2.796124557162588 0
84 2.760302484014562 2.852746605099936 0
85 2.842260187792728 2.909048742044449 0
86 2.924439094218353 2.965027490453163 0
87 3.006839717681583 3.020679352563665 0
88 3.089462563314838 3.076000802113882 0
89 3.172308052417048 3.130988235251086 0
90 3.255376635812295 3.185638047152254 0
91 3.338668735517379 3.239946593228258 0
92 3.422184743992302 3.293910189418662 0
93 3.505925023337242 3.347525112485651 0
94 3.589889904087045 3.400787600089237 0
95 3.67407968489885 3.45369385147113 0
96 3.758494651494016 3.506240040085198 0
97 3.843135099610884 3.558422328018261 0
98 3.928001166585323 3.610236763321405 0
99 4.013093145028851 3.661679473407761 0
100 4.098411109893298 3.712746438263342 0
101 4.183955200246742 3.763433663072614 0
102 4.269725549907733 3.813737135795892 0
103 4.355722184985195 3.863652768145138 0
104 4.441945119287172 3.913176453345257 0
105 4.52839433440576 3.962304055247965 0
106 4.615069776861136 4.011031407716773 0
107 4.70197138049655 4.059354328088476 0
108 4.789098964390681 4.107268561743131 0
109 4.876452332567728 4.154769839561204 0
110 4.964031347852423 4.201853917894897 0
111 5.051835639100029 4.248516422096759 0
112 5.139864982595194 4.294753052942948 0
113 5.228118967311266 4.340559409407894 0
114 5.316597188693023 4.385931093307904 0
115 5.405299201433871 4.430863685390473 0
116 5.494224505761688 4.475352739857057 0
117 5.583372546343524 4.519393785606709 0
118 5.672742711268649 4.562982327571706 0
119 5.762334330993109 4.606113848086166 0
120 5.852146677681857 4.648783808495369 0
121 5.942178995282157 4.690987665111458 0
122 6.032430465016868 4.732720854377458 0
123 6.122900156894354 4.773978773025195 0
124 6.21358717118907 4.814756844921431 0
125 6.304490470902322 4.855050446514644 0
126 6.395608976492374 4.894854952458558 0
127 6.486941566220355 4.934165737286903 0
128 6.578487067502751 4.972978173299722 0
129 6.670244190579163 5.011287604896469 0
130 6.762211608302085 5.049089385086951 0
131 6.854387943183214 5.086378871699311 0
132 6.946771727371266 5.12315141341487 0
133 7.039361414012042 5.159402357329441 0
134 7.132155390472045 5.195127056798392 0
135 7.225152042960588 5.230320898059992 0
136 7.318349558060263 5.264979227349624 0
137 7.41174618012471 5.29909745088126 0
138 7.50533996585337 5.332670945969346 0
139 7.599128991541901 5.36569513976668 0
140 7.693111213889258 5.398165461254757 0
141 7.787284505928441 5.43007735753266 0
142 7.881646684245584 5.461426305828261 0
143 7.976195486841405 5.492207808530123 0
144 8.07092857287855 5.522417396020348 0
145 8.165843522438033 5.552050629532101 0
146 8.260937836547726 5.581103104110525 0
147 8.356208942094669 5.609570453026336 0
148 8.451654217887373 5.637448358107992 0
149 8.547270894746266 5.664732523507578 0
150 8.643056179700716 5.691418715198145 0
151 8.739007202741302 5.717502747814813 0
152 8.835120980780564 5.742980478162168 0
153 8.931394488601967 5.7678478274684 0
154 9.0278246148709 5.792100772241936 0
155 9.124408147891488 5.815735344103063 0
156 9.221141827091889 5.838747645617749 0
157 9.318022330384766 5.861133849432511 0
158 9.415046216205125 5.882890187919972 0
159 9.512209994829616 5.904012972869981 0
160 9.609510101686885 5.924498591956823 0
161 9.706942899737577 5.944343512125576 0
162 9.804504672813911 5.96354428113379 0
163 9.902191662927857 5.982097537568359 0
164 10 5.900000000000813 0
165 10 5.800000000001625 0
166 10 5.700000000002437 0
167 10 5.600000000003157 0
168 10 5.500000000003426 0
169 10 5.400000000004042 0
170 10 5.300000000004148 0
171 10 5.200000000004416 0
172 10 5.100000000005228 0
173 10 5.000000000006041 0
174 10 4.900000000006854 0
175 10 4.800000000007666 0
176 10 4.700000000008478 0
177 10 4.60000000000929 0
178 10 4.500000000010102 0
179 10 4.400000000010348 0
180 10 4.30000000001042 0
181 10 4.200000000010492 0
182 10 4.100000000010564 0
183 10 4.000000000010694 0
184 10 3.900000000011107 0
185 10 3.80000000001155 0
186 10 3.700000000011893 0
187 10 3.600000000011965 0
188 10 3.500000000012037 0
189 10 3.400000000012109 0
190 10 3.300000000012182 0
191 10 3.200000000012254 0
192 10 3.100000000012326 0
193 10 3.000000000012398 0
194 10 2.900000000012187 0
195 10 2.800000000011889 0
196 10 2.700000000011591 0
197 10 2.600000000011293 0
198 10 2.500000000010996 0
199 10 2.400000000010698 0
200 10 2.3000000000104 0
201 10 2.200000000010103 0
202 10 2.100000000009805 0
203 10 2.000000000009536 0
204 10 1.900000000009551 0
205 10 1.800000000009623 0
206 10 1.700000000009696 0
207 10 1.600000000009768 0
208 10 1.50000000000984 0
209 10 1.400000000009346 0
210 10 1.300000000008678 0
211 10 1.20000000000801 0
212 10 1.100000000007343 0
213 10 1.000000000006676 0
214 10 0.9000000000060071 0
215 10 0.8000000000053404 0
216 10 0.7000000000046729 0
217 10 0.6000000000040044 0
218 10 0.5000000000033369 0
219 10 0.4000000000026702 0
220 10 0.3000000000020027 0
221 10 0.2000000000013351 0
222 10 0.1000000000006676 0
223 9.900000000000606 0 0
224 9.800000000001212 0 0
225 9.700000000001818 0 0
226 9.600000000002424 0 0
227 9.50000000000303 0 0
228 9.400000000003637 0 0
229 9.300000000004243 0 0
230 9.200000000004849 0 0
231 9.100000000005455 0 0
232 9.000000000006061 0 0
233 8.900000000006667 0 0
234 8.800000000007273 0 0
235 8.700000000007879 0 0
236 8.600000000008485 0 0
237 8.500000000009091 0 0
238 8.400000000009696 0 0
239 8.300000000010304 0 0
240 8.200000000010908 0 0
241 8.100000000011514 0 0
242 8.00000000001212 0 0
243 7.900000000012726 0 0
244 7.800000000013332 0 0
245 7.700000000013938 0 0
246 7.600000000014544 0 0
247 7.500000000015151 0 0
248 7.400000000015757 0 0
249 7.300000000016363 0 0
250 7.200000000016969 0 0
251 7.100000000017575 0 0
252 7.000000000018181 0 0
253 6.900000000018786 0 0
254 6.800000000019393 0 0
255 6.700000000019998 0 0
256 6.600000000020605 0 0
257 6.50000000002121 0 0
258 6.400000000021817 0 0
259 6.300000000022422 0 0
260 6.200000000023028 0 0
261 6.100000000023634 0 0
262 6.00000000002424 0 0
263 5.900000000024846 0 0
264 5.800000000025453 0 0
265 5.700000000026058 0 0
266 5.600000000026665 0 0
267 5.500000000027271 0 0
268 5.400000000027876 0 0
269 5.300000000028482 0 0
270 5.200000000029089 0 0
271 5.100000000029694 0 0
272 5.000000000030301 0 0
273 4.900000000030906 0 0
274 4.800000000031512 0 0
275 4.700000000032118 0 0
276 4.600000000032724 0 0
277 4.50000000003333 0 0
278 4.400000000033937 0 0
279 4.300000000034542 0 0
280 4.200000000035149 0 0
281 4.100000000035754 0 0
282 4.00000000003636 0 0
283 3.900000000036966 0 0
284 3.800000000037572 0 0
285 3.700000000038178 0 0
286 3.600000000038782 0 0
287 3.500000000039217 0 0
288 3.400000000039309 0 0
289 3.300000000039237 0 0
290 3.200000000039161 0 0
291 3.100000000039081 0 0
292 3.000000000039005 0 0
293 2.900000000038927 0 0
294 2.800000000038851 0 0
295 2.700000000038775 0 0
296 2.600000000038698 0 0
297 2.500000000038622 0 0
298 2.400000000038544 0 0
299 2.300000000038467 0 0
300 2.20000000003839 0 0
301 2.100000000038314 0 0
302 2.00000000003797 0 0
303 1.90000000003729 0 0
304 1.800000000036528 0 0
305 1.700000000035768 0 0
306 1.600000000035006 0 0
307 1.500000000034245 0 0
308 1.400000000033485 0 0
309 1.300000000032723 0 0
310 1.200000000031963 0 0
311 1.100000000031201 0 0
312 1.000000000030441 0 0
313 0.9000000000296797 0 0
314 0.800000000028918 0 0
315 0.7000000000281563 0 0
316 0.6000000000273946 0 0
317 0.5000000000266347 0 0
318 0.400000000025873 0 0
319 0.3000000000251131 0 0
320 0.2000000000243531 0 0
321 0.1000000000235914 0 0
322 2.283151445681142e-11 0 0
323 -0.09999999997793196 0 0
324 -0.1999999999786919 0 0
325 -0.2999999999794536 0 0
326 -0.3999999999802153 0 0
327 -0.4999999999809752 0 0
328 -0.5999999999817369 0 0
329 -0.6999999999824968 0 0
330 -0.7999999999832603 0 0
331 -0.8999999999840202 0 0
332 -0.999999999984782 0 0
333 -1.099999999985542 0 0
334 -1.199999999986302 0 0
335 -1.299999999987064 0 0
336 -1.399999999987823 0 0
337 -1.499999999988585 0 0
338 -1.599999999989347 0 0
339 -1.699999999990109 0 0
340 -1.79999999999087 0 0
341 -1.89999999999163 0 0
342 -1.999999999992392 0 0
343 -2.099999999993152 0 0
344 -2.199999999993913 0 0
345 -2.299999999994673 0 0
346 -2.399999999995435 0 0
347 -2.499999999996197 0 0
348 -2.599999999996957 0 0
349 -2.699999999997718 0 0
350 -2.79999999999848 0 0
351 -2.899999999999242 0 0
352 -2.999500000000001 0.09999862923392627 0
353 -2.999000000000002 0.1999972584678927 0
354 -2.998500000000003 0.2999958877018128 0
355 -2.998000000000005 0.3999945169356643 0
356 -2.997500000000006 0.4999931461694933 0
357 -2.997000000000007 0.5999917754033678 0
358 -2.996500000000009 0.6999904046371846 0
359 -2.99600000000001 0.799989033871057 0
360 -2.995500000000012 0.8999876631048739 0
361 -2.995000000000013 0.9999862923387595 0
362 -2.994500000000012 1.099984921573157 0
363 -2.99400000000001 1.199983550807576 0
364 -2.993500000000009 1.299982180041909 0
365 -2.993000000000008 1.399980809276328 0
366 -2.992500000000007 1.499979438510747 0
367 -2.992000000000005 1.599978067745166 0
368 -2.991500000000004 1.699976696979586 0
369 -2.991000000000003 1.799975326213918 0
370 -2.990500000000002 1.899973955448337 0
371 6.483886340987903 4.833127918521441 0
372 7.472368646780932 0.0881373138967803 0
373 9.920459281794155 2.599182006938477 0
374 5.858602895586435 4.557286899248618 0
375 6.775604441395433 0.08600075209157956 0
376 5.193698793324121 4.230121791640371 0
377 6.078612552154198 0.08557932257966402 0
378 7.124560685793431 5.093365751649721 0
379 4.600275844729404 3.912523385260801 0
380 9.922827393352648 3.194742770044773 0
381 5.458366012963713 0.08747788125281328 0
382 4.024802956768047 3.559221283358811 0
383 9.921525910947453 1.998585980332308 0
384 4.873085856822559 0.08568180836376574 0
385 8.057707507806184 0.08757863192080846 0
386 3.500515711901628 3.244002074384073 0
387 7.699015385521525 5.30835922497258 0
388 4.252990354609159 0.08657418458973516 0
389 9.923201590030411 3.795107391982032 0
390 2.998318678717847 2.910169153047394 0
391 3.668792497193961 0.0869399973451562 0
392 9.920835443612464 1.496059580161759 0
393 2.514073854181894 2.56891389138461 0
394 8.235511640205834 5.453039163136076 0
395 3.159990835285656 0.09344938776216727 0
396 8.582852833839064 0.08435830289338837 0
397 9.922274804103877 4.301432987259543 0
398 2.102811399790148 2.265201633110104 0
399 2.675771821029752 0.1150715955404455 0
400 1.718227830590593 1.983351929767163 0
401 2.126132311761829 0.08942876155149899 0
402 8.682459200478842 5.612167434941731 0
403 1.32720627343651 1.685989599840479 0
404 9.920317279124918 1.096366380078531 0
405 9.921888436112123 4.702269002207377 0
406 8.96458821305627 0.09296895104171914 0
407 0.5728569264021386 1.094596585570058 0
408 1.71158807048196 0.08623338960521922 0
409 0.7940939528239223 1.271306962060683 0
410 -1.721581931020913 1.515777054129099 -0
411 0.3835404581479976 1.025123975772188 0
412 -2.140145666888042 0.0824803576807826 -0
413 -0.5536695650744903 1.032003915893299 -0
414 1.336887696230634 0.08396914203904927 0
415 -0.3499319960832692 0.9850231499187663 -0
416 0.2047077076590195 0.9807761907739413 0
417 0.06293707333276238 0.9601096936492298 0
418 9.920605224039704 5.10143285919935 0
419 -1.743333890250901 0.08587087473185115 -0
420 -2.90411521589003 0.8402876297452359 -0
421 -0.1541692726509632 0.9633468723926657 -0
422 -0.7304075717200877 1.076524920383181 -0
423 -0.9637324115511563 1.154044670029041 -0
424 0.9764379978314934 0.09591774723872099 0
425 -1.418219300699522 1.333425111413068 -0
426 9.052823831973736 5.702999628026288 0
427 -2.069206077086378 1.684360658272689 -0
428 9.910558737576016 0.6965436672314493 0
429 -1.316608797139407 0.0906500930986615 -0
430 0.5899484518264 0.08610193759547398 0
431 -0.9330179241571732 0.08452465399998536 -0
432 -0.618313122807206 0.09143309354968365 -0
433 1.014633415254657 1.43707130810158 0
434 0.2159126866262171 0.09942211398135459 0
435 -0.05511764367485861 0.08867113380352792 -0
436 9.367395191361565 0.0887303987513305 0
437 -2.908421493300666 1.229546914723092 -0
438 9.920585989744495 2.30012116344419 0
439 9.921666089828337 2.896648592284409 0
440 9.922946381869496 3.494382658574968 0
441 6.478120000636619 0.1124940727104183 0
442 7.064031118427098 0.09459052473879417 0
443 4.577709695933043 0.0999762218163685 0
444 5.190431928555346 0.09275838889787108 0
445 5.78230888185103 0.09868494445407217 0
446 7.789444949144315 0.09146997293905565 0
447 3.987547022408234 0.09033539205088631 0
448 -2.42985422251176 0.08500913485730127 -0
449 2.752214919905762 2.74556452177515 0
450 3.2491841349018 3.07155067112385 0
451 3.76489740727598 3.401056087360645 0
452 4.253171206426602 3.70654616683841 0
453 4.862257484997601 4.058854588063897 0
454 5.509984896524128 4.391995095445012 0
455 6.127070996503144 4.681205710529042 0
456 6.753017284702167 4.955055415663019 0
457 7.414588830724719 5.208888285270393 0
458 7.959071480263519 5.399347540981939 0
459 9.921316086173105 5.398934045770026 0
460 -2.885146521317184 0.5381523825492702 -0
461 -2.367701231715777 1.801002392081384 -0
462 9.412691612809576 5.777348177598172 0
463 -2.906922236714975 1.524603924951709 -0
464 9.910677099947851 0.3834146692178717 0
465 0.4702909187625263 1.06795728430173 0
466 -1.140850517986373 1.222489192138508 -0
467 9.921383506381037 5.696566356587721 0
468 -0.04813376411956177 0.9552879922936234 -0
469 -0.2530993401812844 0.9739998609303989 -0
470 -0.4556435858806099 1.009827390207204 -0
471 9.667898142687818 0.1215219566112051 0
472 0.6749418506694338 1.182776326118955 0
473 -2.635643518233947 1.872265665796229 -0
474 1.52071414978728 0.08497376496136408 0
475 0.7882300542694597 0.09001808481986212 0
476 -1.52362334759783 0.09453892006913341 -0
477 1.160892321721847 0.08683884214937346 0
478 -1.944019343080541 0.08218364699078957 -0
479 -1.122783452164615 0.08611226862550471 -0
480 -2.621062703822099 0.08692705762989539 -0
481 9.918559899686706 0.8980262045534231 0
482 9.920633009408499 1.29602052737296 0
483 1.939421068114522 0.09578464472207096 0
484 9.923216110181773 4.099363767936988 0
485 3.367920862888371 0.1129475886342192 0
486 9.921747892894745 1.696399865706198 0
487 2.960573705115164 0.08577437951614 0
488 2.472451207578165 0.0727374185542506 0
489 8.381233789767993 0.09952911139252051 0
490 6.268909463903198 0.08780425824431172 0
491 8.772474866897273 0.08536918610184907 0
492 7.283109256456145 0.09011329404753007 0
493 9.182935964807731 0.09009415860937899 0
494 9.921966603574599 4.502081998091085 0
495 9.92150674504842 4.902117409743047 0
496 -2.90423526306363 1.036912936146344 -0
497 -2.909406145278967 0.3752519735706286 -0
498 1.17465553492723 1.560387331749924 0
499 1.480896154545114 1.805799481738452 0
500 1.869440678354579 2.10095858517919 0
501 2.284905489034041 2.392020419352878 0
502 4.424523301244896 3.810330052972198 0
503 -1.551793338383404 1.430793306281406 -0
504 5.034079972816624 4.152825310576992 0
505 5.681227538884939 4.470355459154256 0
506 6.304741806830227 4.753839652958595 0
507 6.934452096077488 5.026313876990755 0
508 8.413280165270775 5.512023171884145 0
509 8.866813786931063 5.661246897464433 0
510 9.601997470960487 5.826489868197285 0
511 -1.894751865032381 1.600040729052227 -0
512 -2.910133674544963 1.714506241375212 -0
513 9.770272763524968 5.871983030139006 0
514 9.912418275699517 0.1884608057579151 0
515 -2.810974646561885 0.0876231451922596 -0
516 -2.813232839060359 1.897512456753103 -0
517 9.91217180659134 5.888656037288039 0
518 0.6245163748450087 1.142268837100704 0
519 0.5712306440674708 1.033525987189079 0
520 0.6245211680896171 1.018977835030738 0
521 0.5698727980114668 0.9959814397035821 0
522 0.6050314156333363 0.9758552875938528 0
523 0.5772451364548281 0.9362551704684683 0
524 0.6126961420343813 0.9137435963800186 0
525 0.5452320127203062 0.8928903505658653 0
526 0.5985669816125853 0.8619229876673409 0
527 0.667867350344763 0.8757593923397026 0
528 0.5559018796025418 0.8275059525437951 0
529 0.6701691989483928 0.811028419589081 0
530 0.7316827709574217 0.821700905200863 0
531 0.7316541126439422 0.7554344983315879 0
532 0.796898204066139 0.8296802355499987 0
533 0.79371202213904 0.7538178378826523 0
534 0.8665737225347998 0.7543520695918806 0
535 0.7288208757722852 0.7080079624783515 0
536 0.8625630491974524 0.6661548671842928 0
537 0.9466031818348133 0.7669295239180572 0
538 0.9462794597558521 0.8586066585665812 0
539 1.02981542357365 0.7936803640957194 0
540 1.02891703772119 0.8897066164518544 0
541 1.114760625617986 0.8319763306803996 0
542 1.115026854463874 0.7326527231375557 0
543 1.200980826473696 0.776451362447891 0
544 1.200754552991971 0.876957650349283 0
545 1.288329635483883 0.8210429562524406 0
546 1.288013914806054 0.9230521178357938 0
547 1.379201055777644 0.8609071130883903 0
548 1.377479857070332 0.9664974181495614 0
549 1.482992375039457 0.9048314166437896 0
550 1.465589045196087 1.004085510611035 0
551 1.548591073431983 0.9560245624830921 0
552 1.546714528829292 1.021945996773461 0
553 1.625193758318228 1.011073831741321 0
554 1.603786421803783 0.9262526835915645 0
555 1.709851806170811 0.9891315721754677 0
556 1.716689565516731 1.091734920183143 0
557 1.804201992322252 1.086328691565941 0
558 1.805510093804576 1.188325093237772 0
559 1.892374730867916 1.10085045704204 0
560 1.892441668488906 1.203340106845051 0
561 1.980151354359706 1.128601750743262 0
562 1.979486476263479 1.231206651013943 0
563 2.066874289837883 1.157655602454054 0
564 2.066100183474536 1.260716650477721 0
565 2.152480754892615 1.181844564328572 0
566 2.152543230348077 1.075749762594755 0
567 2.238195115847184 1.203609071574457 0
568 2.238635095039927 1.307026666489167 0
569 2.324827735955383 1.223865533164193 0
570 2.325174809331087 1.325447318376682 0
571 2.411934557637839 1.243150826890708 0
572 2.411982717907066 1.343631307990067 0
573 2.498856845812539 1.36502468109171 0
574 2.498523733116811 1.466682917999512 0
575 2.585556745868941 1.394951679470813 0
576 2.585253990495679 1.496392633227609 0
577 2.672173984988548 1.433906270337435 0
578 2.672269904934408 1.333416400551825 0
579 2.75887144863969 1.378599240443362 0
580 2.758796700342125 1.47907176654754 0
581 2.845461301997816 1.426983306163306 0
582 2.845402620938437 1.527136756835957 0
583 2.932047710223592 1.476490017178658 0
584 2.931999196616514 1.576534201257381 0
585 3.018632667477464 1.526359933797111 0
586 3.018590521218989 1.626372899510968 0
587 3.105216977446327 1.576348175395841 0
588 3.105255865379275 1.476341369350693 0
589 3.191842340993587 1.526358114963714 0
590 3.191802403495237 1.626365329624151 0
591 3.278447498704294 1.576334933940877 0
592 3.278396667904975 1.676371674430925 0
593 3.365212730037767 1.62601255462682 0
594 3.365086045796793 1.726206339924771 0
595 3.452631456810601 1.674599335980373 0
596 3.45219858279527 1.77499414237118 0
597 3.542474953819714 1.719911781160983 0
598 3.54525167068554 1.614454321935686 0
599 3.659325109152455 1.648547722862051 0
600 3.6336622605583 1.759809576271515 0
601 3.728463828931973 1.719781320215741 0
602 3.72056093565743 1.792656652099612 0
603 3.807624086643508 1.817988617399503 0
604 3.801605406728927 1.918250470709191 0
605 3.89767452403118 1.847177991562799 0
606 3.888568402951297 1.944019614384144 0
607 3.982632475550664 1.876256450568053 0
608 4.005335567251195 1.799314484622823 0
609 4.058186166537868 1.828020175170148 0
610 4.058869813711494 1.8884976644394 0
611 4.134468257058282 1.877987530765029 0
612 4.14203306557433 1.973933167329472 0
613 4.227984548759886 1.964920916655085 0
614 4.230142253358304 2.067667745362353 0
615 4.315654461945662 1.962006599810689 0
616 4.311520059633509 1.857519853165406 0
617 4.4032621217721 1.971301322677547 0
618 4.40386743490323 2.073617656779705 0
619 4.490678490388214 1.992551257086823 0
620 4.491037155656263 2.094486387269683 0
621 4.57768913720945 2.018156668651135 0
622 4.578220038792325 2.120838067661754 0
623 4.664265939053733 2.041777336881712 0
624 4.664052680233011 1.939878049644273 0
625 4.750467093374807 2.066002090826304 0
626 4.75032125033404 2.17176025204982 0
627 4.836601124204918 2.096634846895444 0
628 4.835957481979028 2.20104188385611 0
629 4.923154709122109 2.134278655832619 0
630 4.922587119638157 2.235936737655032 0
631 5.009951084583985 2.173300689362631 0
632 5.010173121958137 2.073138387825234 0
633 5.096812243766575 2.105326678208763 0
634 5.096711790060666 2.203251716411901 0
635 5.183431564664748 2.121055433375711 0
636 5.183393335130607 2.218775264973794 0
637 5.270011574502753 2.223798988161465 0
638 5.270019738502713 2.323805453194541 0
639 5.356525909863013 2.330730870159324 0
640 5.356606870473518 2.231602869892388 0
641 5.44319393886363 2.251659096066255 0
642 5.443035241974995 2.352930933087303 0
643 5.529795362712525 2.286795233826684 0
644 5.5296334034045 2.387457581927899 0
645 5.616408467463211 2.330614540349442 0
646 5.616286581027192 2.430733782887577 0
647 5.703057341584893 2.378189016572313 0
648 5.703434671827702 2.277803131143833 0
649 5.790854245001161 2.326204562436774 0
650 5.789899269511103 2.426276712568511 0
651 5.878346228528226 2.371832618713129 0
652 5.876754781361428 2.470736968120695 0
653 5.964707960320626 2.409407515689071 0
654 5.970650138304781 2.314089664996136 0
655 6.04952159431477 2.339376385369774 0
656 6.049854072495661 2.433787721085114 0
657 6.135028417000835 2.447054134642352 0
658 6.136207738286291 2.549453743615848 0
659 6.221598558867043 2.455933749983937 0
660 6.218461639531214 2.352848098176423 0
661 6.308766323460836 2.470514982130659 0
662 6.308957768104849 2.57463066927242 0
663 6.396247434460485 2.495558576966611 0
664 6.395638844742814 2.599214769461928 0
665 6.483983404989374 2.527729924081588 0
666 6.482993072332843 2.631769105393406 0
667 6.571198307545005 2.55952753341644 0
668 6.570797188218753 2.450586005813481 0
669 6.656705579773107 2.58649980667182 0
670 6.741494038293411 2.608662275147955 0
671 6.742195706185781 2.718388283394599 0
672 6.827091937463481 2.623430150966204 0
673 6.827313686272955 2.516546319495827 0
674 6.914428257779655 2.524822075079961 0
675 6.914091387825974 2.627553103431744 0
676 7.001383077132632 2.626812035645021 0
677 7.001705760504566 2.730317217490688 0
678 7.088349238049673 2.733343474527348 0
679 7.088335188960534 2.632650609154908 0
680 7.17500185831318 2.648280060068205 0
681 7.174566664016818 2.749259132040407 0
682 7.261599910809958 2.670665343398922 0
683 7.261057369647395 2.770512287958786 0
684 7.261732710170727 2.570384114986893 0
685 7.34822675412349 2.692487543971696 0
686 7.347880510397009 2.792267099985679 0
687 7.434731076001723 2.815783753690074 0
688 7.434327535514174 2.918114137584928 0
689 7.521407205676082 2.846659410238801 0
690 7.521228293801549 2.948385623543269 0
691 7.60803191198329 2.885820165937039 0
692 7.607945332160672 2.986489633904108 0
693 7.6946332340415 2.929779454703849 0
694 7.694676600432974 2.828945048356803 0
695 7.69458816234511 3.029758147570138 0
696 7.781225673134199 2.972267626302239 0
697 7.78118671801345 3.072028507912137 0
698 7.432861941464362 3.021779749628724 0
699 7.86781811511495 3.003774607917206 0
700 7.86778033560094 3.10315362063441 0
701 7.954416918344647 3.014844878705206 0
702 7.954379532626429 3.113736854761714 0
703 7.867743293874145 3.201796817425821 0
704 7.954341985155645 3.2131663330541 0
705 7.867706061821964 3.301224055018339 0
706 7.954304422258508 3.312643145607419 0
707 8.040909540822117 3.306045239263544 0
708 8.040871097155694 3.406509423229988 0
709 7.86766802997241 3.400625876088958 0
710 8.127479470658718 3.39212829847666 0
711 8.12743953491999 3.494006772656164 0
712 8.214045401207596 3.488294655078163 0
713 8.214005848415207 3.590287489819804 0
714 8.300643812737162 3.500470700910067 0
715 8.30060610713539 3.601960160218212 0
716 8.213964459946418 3.691608291853984 0
717 8.300568620231898 3.702725054498947 0
718 8.213908923897321 3.791916903604164 0
719 8.30052954675396 3.802933043598802 0
720 3.637774076436013 1.519659273491758 0
721 8.213831863673846 3.892053887306602 0
722 8.300480356221215 3.902979504250661 0
723 8.387205216923363 3.622840274199353 0
724 8.213765635806396 3.992373934928407 0
725 8.300378752701128 4.00315259440929 0
726 8.21377474640048 4.09154225200535 0
727 8.299772303519726 4.10303849771138 0
728 8.387106049792957 4.022839559663539 0
729 8.387176138193121 4.122944707810643 0
730 8.473986808991517 4.042486281756942 0
731 8.474616219322272 4.142482207889589 0
732 8.560667904192993 4.162272908735741 0
733 8.560453028515123 4.258146293408244 0
734 8.21327139165518 4.185497772902385 0
735 8.128239100992635 4.100249186083849 0
736 2.758916113143963 1.278386615415393 0
737 8.645962681343752 4.185390607704929 0
738 8.63934320830205 4.280011440931073 0
739 3.191891727433864 1.426323051263352 0
740 8.300681784560595 3.399951319332602 0
741 3.799190746537093 2.022486469469231 0
742 8.563314653095865 4.327335350538322 0
743 8.622267337090801 4.362045345784105 0
744 8.134013927495872 4.194073104372281 0
745 8.041109498336819 4.118232255837833 0
746 8.72470991530866 4.309159520626982 0
747 8.708534222762202 4.402364387371303 0
748 8.050073787928696 4.218280907367238 0
749 7.949175778790355 4.131161869064671 0
750 8.595460612190459 4.441319161961536 0
751 2.324523237965948 1.120894550220835 0
752 3.365040407682867 1.826185838217593 0
753 8.81427246050437 4.332288912210776 0
754 8.818624434145597 4.447043499157934 0
755 7.959175092557395 4.244163141000001 0
756 5.443250492379686 2.152823002664169 0
757 4.402278063960894 1.870210477973906 0
758 5.183427645419698 2.317918399944767 0
759 6.308096788207085 2.36953212011111 0
760 7.954455316690675 2.913354421532186 0
761 4.750537624847529 1.965087069250553 0
762 6.394717326867683 2.703219246701551 0
763 4.491264901907165 2.195050705857541 0
764 8.896262811777515 4.421887646433779 0
765 8.905504797487705 4.555562697031721 0
766 8.828424087794941 4.581320122767313 0
767 8.910670689263528 4.669902304866445 0
768 8.898782087262521 4.351249790047444 0
769 2.93191581101034 1.676502160417905 0
770 7.866961869271949 4.262626763037678 0
771 7.782169781982605 4.258754903371528 0
772 8.826045634817335 4.651992261607754 0
773 8.908770004002147 4.769540761897771 0
774 1.891548924877 0.9985410856374684 0
775 9.01190466580222 4.599781454768889 0
776 7.982237517140486 4.34866205045965 0
777 7.781765865926805 4.367922656259016 0
778 7.691521770709829 4.329033428498843 0
779 7.701424229806648 4.22903938287162 0
780 7.598944955276068 4.283154967006457 0
781 7.617224923418341 4.185735020699013 0
782 7.508925747041658 4.23165053199284 0
783 7.530800470041632 4.139979236031026 0
784 7.426585080830945 4.189551890999202 0
785 7.444940168230649 4.100907688354068 0
786 7.350278304605829 4.173180421258261 0
787 7.357236695354761 4.081059424725534 0
788 7.262749223875779 4.084688885233348 0
789 7.264443033842042 3.972762267062887 0
790 7.166573474191221 3.974191834758015 0
791 7.172925440522972 3.866717200540969 0
792 7.073217330130591 3.951749361667583 0
793 7.083403533019722 3.850466998636577 0
794 6.984863978509939 3.916307076613743 0
795 6.995771421719319 3.8217554169371 0
796 6.902823645727045 3.884291812697168 0
797 6.910384051868659 3.795009747755672 0
798 6.827388325065935 3.869389520196176 0
799 6.827031809771217 3.781182878414382 0
800 6.743696773444764 3.778732550727225 0
801 6.740482995370709 3.679791881744104 0
802 6.655456237492272 3.675130688204125 0
803 6.654018386030623 3.579237192917433 0
804 6.570656790910049 3.654783295237685 0
805 6.570940705705754 3.754802940355022 0
806 6.483278147575885 3.720354783307743 0
807 6.48473930635627 3.619235931097005 0
808 6.396012201108457 3.680449729849197 0
809 6.397163833300443 3.579971398361945 0
810 6.309028723994819 3.645386695608213 0
811 6.309484587445098 3.545308550410902 0
812 6.222249078481727 3.617855349579283 0
813 6.22238430321626 3.51736681062962 0
814 6.135634629617353 3.4912992733724 0
815 6.135691046195872 3.389395272893671 0
816 6.049018821955191 3.45981735500661 0
817 6.828396255667291 3.931007802108397 0
818 6.048964938111752 3.560861875562636 0
819 5.962371952484188 3.521207410482102 0
820 5.96242426848859 3.419975899367667 0
821 5.875784581157029 3.475273467513823 0
822 5.875831691855135 3.374832478391728 0
823 5.789198936614018 3.42675590334228 0
824 5.789241221596803 3.326657122893825 0
825 5.702613325200054 3.378093436211848 0
826 6.3958612718771 3.782396496793781 0
827 7.047395040404873 4.047565751182996 0
828 5.702652411614833 3.278068407768089 0
829 5.616025916577915 3.332734212731076 0
830 5.789155841751723 3.527029003791064 0
831 6.82624970022243 3.68406102627648 0
832 7.349777495308853 4.235203068512284 0
833 5.616060566605247 3.233221355996019 0
834 5.529435444911048 3.295981028498333 0
835 5.529391932490926 3.396172241304388 0
836 5.442802921421128 3.371012402274997 0
837 5.442841124557075 3.272040035029459 0
838 5.356245867812298 3.257520218143089 0
839 7.174270702520325 3.763336806956114 0
840 6.40022557965308 3.479097800780907 0
841 7.569438982123687 4.406164435324412 0
842 8.822710624833132 4.74700018847682 0
843 8.907422740088972 4.873457818972018 0
844 2.496716207580026 1.568384428812276 0
845 5.356272069259154 3.157427099602669 0
846 5.269647972072704 3.247531462625719 0
847 8.647799972349549 4.083570531034787 0
848 5.356210407813924 3.356688499866622 0
849 5.269679850292407 3.14766138471264 0
850 5.183089034461952 3.133061446892698 0
851 5.875901344065077 3.274917023809074 0
852 5.18314141417019 3.032013346695278 0
853 5.09650028519753 3.107531901353793 0
854 5.096460011296392 3.208069273827308 0
855 5.009870186186439 3.174587387659977 0
856 5.009909344062502 3.074106583446392 0
857 4.923279943146088 3.141847076995589 0
858 4.923317297698089 3.042138689438063 0
859 4.836687184668818 3.115440135392941 0
860 4.836724150747827 3.015595482588101 0
861 4.750131247466591 2.990441457218044 0
862 4.750166160619 2.888469701563215 0
863 4.663540220648402 2.960202944934151 0
864 4.047001370857964 1.731983306104978 0
865 5.096884955319803 2.003809218352392 0
866 4.143589011085712 2.074710249197344 0
867 8.821361830161283 4.848979362502686 0
868 8.906608398296942 4.979872676077212 0
869 8.993517244973454 4.895027105806066 0
870 8.992453417072356 5.001373015612967 0
871 9.079971096807951 4.91126522872777 0
872 8.733059202374683 4.818807429427561 0
873 9.079060499495711 5.016323040376205 0
874 4.750093996352573 3.089954909023569 0
875 9.16560080634315 4.914046901289637 0
876 9.165601384449308 5.018136448495075 0
877 5.009831687914071 3.276069962103595 0
878 4.663576403074791 2.858623934031361 0
879 4.576950986783767 2.925448401131281 0
880 1.377356809621783 0.7486624539833158 0
881 7.781076580689069 3.368708558547534 0
882 1.977900811837219 1.329551053621754 0
883 5.356273295083502 3.057637870984644 0
884 7.63837067436414 4.097314255720186 0
885 4.576987950428832 2.824946404352519 0
886 4.490360562994939 2.893698432870742 0
887 4.490322611219846 2.995277203067239 0
888 4.403727562372326 2.973466910228372 0
889 4.403765037316671 2.873026677846438 0
890 4.317153417938408 2.864083336284167 0
891 4.317175316219861 2.763463329841825 0
892 4.230435463911064 2.868193227498575 0
893 4.230413862583478 2.768134749429306 0
894 4.143358539917013 2.778353977510466 0
895 8.820683605439779 4.953573916882889 0
896 4.230401770428005 2.968716659705593 0
897 4.143229559249329 2.675476664522431 0
898 4.055929332251282 2.682496490913563 0
899 4.056366022876097 2.577426446780808 0
900 3.96960242020051 2.680529368733369 0
901 3.969800471570947 2.787390954330344 0
902 3.884242481331108 2.668510519006837 0
903 3.798333113975087 2.646136515062254 0
904 3.798242113825278 2.539844653048483 0
905 3.711496477313953 2.612579711917534 0
906 3.711695579571705 2.509232169498763 0
907 3.624487293218785 2.570874144230907 0
908 3.624854052664072 2.46963766431948 0
909 3.537536931894192 2.524306356105135 0
910 9.252081402860762 5.006418273011132 0
911 9.251400944933023 4.901809387914156 0
912 9.252356483641398 5.109061597980377 0
913 3.538017623572212 2.424084790482194 0
914 3.450782051352938 2.475513407170778 0
915 4.750192163638314 2.786724388130704 0
916 5.529218792230351 2.487127078723498 0
917 7.781033075890878 3.468912479411842 0
918 7.694421491025468 3.426739923834353 0
919 8.041023133160218 3.00539929974881 0
920 8.041060796054607 2.905712713330731 0
921 8.127630994625283 2.991400169899125 0
922 8.127668193495463 2.892917390442932 0
923 8.214234985531935 2.987589450501688 0
924 8.214272048902853 2.889467650543735 0
925 8.300870635678136 2.899958372949063 0
926 8.300908688498966 2.799212862920081 0
927 8.387503718011114 2.819119428344782 0
928 8.387542161863152 2.717335766513095 0
929 8.300947058102423 2.697358274277414 0
930 8.387579951603591 2.616950799105614 0
931 8.300984380100623 2.596557927256048 0
932 8.387616202388909 2.517023174881273 0
933 8.301013418236407 2.496135357113944 0
934 8.387644959658294 2.417018586901591 0
935 8.300987519857848 2.39623784651928 0
936 8.387622227172688 2.316680166334004 0
937 8.300765146830324 2.296153693484714 0
938 8.387403370919168 2.215712004381639 0
939 8.299808997494475 2.19464688694859 0
940 8.38695154807435 2.114223657785245 0
941 8.297583314073055 2.089533198338875 0
942 8.38668406577913 2.012351752941214 0
943 8.296317357378575 1.981782278289788 0
944 8.386955550309123 1.910635472056618 0
945 8.297948784461292 1.877235488749628 0
946 8.387413384178053 1.809733698524054 0
947 8.299843777117474 1.776191309798123 0
948 8.387615331060781 1.709469359719823 0
949 8.300323526862531 1.675849007839703 0
950 8.212413767197011 1.744268373125759 0
951 8.212647965463656 1.643538843502368 0
952 8.12589020691405 1.724079477119638 0
953 8.387631718768533 1.609060967374302 0
954 8.125553641413664 1.620309861029118 0
955 8.03983020592683 1.607550488768446 0
956 8.039835033225874 1.496589752984081 0
957 7.954732838010689 1.600141407537166 0
958 7.954639408867775 1.488316630256131 0
959 7.869400292305262 1.480862812303688 0
960 8.474174277578111 2.638418405038201 0
961 8.474510429260759 2.035004453884364 0
962 8.474526942112162 1.632707127698907 0
963 8.474516646229793 1.532021975854683 0
964 7.868882377597174 1.371044402284028 0
965 7.783403824448235 1.470763100031844 0
966 7.953861370148569 1.376805220418484 0
967 7.783286710895845 1.364741492654334 0
968 7.696319109983378 1.457837366091042 0
969 8.561269511205831 1.64696814070152 0
970 8.561203593383761 1.545510822045897 0
971 7.696522993696438 1.354751033128853 0
972 7.609513349044579 1.337827736532243 0
973 7.611050116200087 1.236544564524875 0
974 7.522405823279759 1.309830194788086 0
975 8.647821277846882 1.555853913112244 0
976 8.647832200597222 1.455110173662024 0
977 7.521055991159295 1.411646489750926 0
978 7.430550203063079 1.37534812128127 0
979 7.434163876886322 1.272589392881906 0
980 7.338557036869291 1.332914164614579 0
981 7.31868815191616 1.447791393545309 0
982 7.230897086309692 1.37663584056488 0
983 7.251677210697331 1.293981939076092 0
984 7.174077144034403 1.344578694173758 0
985 7.172284367573771 1.276810264648597 0
986 7.088937611345122 1.281471592131278 0
987 7.110146214591075 1.399111854953124 0
988 6.996264845628298 1.279383803511091 0
989 7.000282314868564 1.173263642289293 0
990 6.90352807269588 1.253653038672384 0
991 8.734404153604169 1.57190610519149 0
992 8.734428667174972 1.471880799636507 0
993 8.647864173761866 1.355739467774094 0
994 8.73446185907255 1.371874908867412 0
995 8.647901100252319 1.256417273389338 0
996 8.734498437791128 1.272114002528859 0
997 6.912013697060236 1.153021178058792 0
998 6.816275526754382 1.217386700011169 0
999 8.647939004906682 1.15694547205263 0
1000 6.97833863384797 1.403624275765667 0
1001 8.211449951287978 2.186768553889404 0
1002 7.868749722575799 1.589146894494106 0
1003 6.824858234586126 1.122126805620598 0
1004 6.733794105860652 1.186323887180784 0
1005 8.734536062777973 1.172237063498174 0
1006 8.821053067788487 1.399677203762103 0
1007 8.647977611452951 1.057226628281862 0
1008 6.739429395557736 1.094567425805653 0
1009 6.655666920542982 1.174458312984724 0
1010 6.659745817898675 1.243302851060799 0
1011 6.575290501698777 1.179945823897838 0
1012 6.599754790041536 1.294950725058435 0
1013 6.487699204614581 1.182211569129637 0
1014 6.484152329093804 1.079086633055654 0
1015 6.397879695568706 1.173412087203674 0
1016 6.39864670091615 1.275608375233576 0
1017 6.310319181496723 1.2601434562209 0
1018 6.310064784980439 1.159612370599321 0
1019 6.223044855194828 1.140123583580485 0
1020 6.223190474762616 1.239733729698088 0
1021 6.136454398360775 1.214459738618903 0
1022 6.136411586430142 1.114088407573477 0
1023 6.049841489594219 1.187945885216396 0
1024 6.049865848796557 1.087865375931177 0
1025 5.963253013254893 1.16476336997323 0
1026 6.049813493523561 1.289107850652015 0
1027 7.697138582496264 1.252516883427964 0
1028 6.915215944528107 1.054118181251257 0
1029 8.474268966210539 2.338464306517347 0
1030 8.734575275139161 1.072178646157218 0
1031 8.821167643231842 1.098665081679488 0
1032 5.963305281326961 1.064455404493345 0
1033 5.876712255401522 1.040591704145259 0
1034 8.821216599221449 0.9983969893572732 0
1035 8.907801860920058 1.035789427723741 0
1036 5.876809999476236 0.9383341202004736 0
1037 5.790117344997109 1.00963601329119 0
1038 5.790074355781963 1.110148853137646 0
1039 5.703485907410305 1.070784821700392 0
1040 5.703447320289523 1.171593147468267 0
1041 5.616861441501695 1.126472530687955 0
1042 5.616899675276919 1.026036566012827 0
1043 5.530274562699835 1.082094113839379 0
1044 5.530312820762541 0.9825272397455251 0
1045 5.443679834896978 1.044971447972 0
1046 5.44361243628336 1.145521900909391 0
1047 5.356919463895133 1.116734893869738 0
1048 8.648021028215565 0.9568008774639265 0
1049 6.050002635227096 0.9871910289787528 0
1050 5.357025527536937 1.017205626255334 0
1051 5.270232651492863 0.9920438170526291 0
1052 5.269926568464356 1.092073462261845 0
1053 5.182757006091634 1.066998051056826 0
1054 5.183229968904013 0.9650087823811651 0
1055 5.096176342588738 1.042594459769534 0
1056 8.907901292654641 0.9357895419984668 0
1057 8.994485133437584 0.9794685144424919 0
1058 5.096450014513328 0.9387255355524893 0
1059 5.010646316790291 1.021413860388932 0
1060 4.925120857862153 1.000936288447075 0
1061 4.924477302494654 0.8958781618595103 0
1062 4.838625041704073 0.9805748527364315 0
1063 4.838864640068365 1.084678686519701 0
1064 4.751518729330595 1.063302704166243 0
1065 4.751497262375585 0.9612985243360054 0
1066 4.664448055629537 0.9399725491756131 0
1067 4.664379961363584 0.8378746355619912 0
1068 4.577491963566379 0.9143139889768456 0
1069 4.577671140310495 1.015433645261962 0
1070 4.490999014927226 0.9886603452554009 0
1071 8.994967623025683 0.8794567963089139 0
1072 4.49060733189408 0.888575057030681 0
1073 4.404358921923111 0.965463192617825 0
1074 8.734374494394991 1.674077185130829 0
1075 9.081586655209641 0.9227181227108627 0
1076 9.083645914657453 0.8214067601663708 0
1077 8.908357130756094 0.8356794611237183 0
1078 4.403896068237499 0.8656244667000941 0
1079 4.317486911503376 0.8414403535894026 0
1080 4.317745678982567 0.9411308829067908 0
1081 4.231214477686801 0.9102215579958107 0
1082 4.231216121176621 0.8096012103817722 0
1083 4.14459412897768 0.871276596091935 0
1084 4.144641256481875 0.9719805551246242 0
1085 4.058000095940997 0.9308301087996255 0
1086 4.057669313254407 0.8307414378262399 0
1087 3.971056303956824 0.8995980903096878 0
1088 8.561376363052585 1.048499396684699 0
1089 8.561418329246612 0.9475877813772817 0
1090 8.474818131451613 0.9339256244349 0
1091 8.474859663664221 0.831549979644422 0
1092 8.388216435682402 0.9079708560978083 0
1093 8.388258026443296 0.8057226266693663 0
1094 8.301596358838211 0.8703539568543733 0
1095 9.081143410705726 1.021622527076995 0
1096 8.214389880400848 2.488890767696549 0
1097 3.970067161925079 0.7996786528757878 0
1098 3.883114788383637 0.886487967234873 0
1099 9.168106349573558 0.9549480860799807 0
1100 9.1677190449712 1.053214238107792 0
1101 8.474910438348346 0.7294640146141425 0
1102 8.301651573780525 0.7690192303153099 0
1103 8.214897801011091 0.8257079903614175 0
1104 4.057963483703506 1.032581762294192 0
1105 3.881747393979964 0.7862766131919966 0
1106 3.794289851201 0.7848089077081267 0
1107 3.792474342356897 0.8863545075169049 0
1108 3.708383640373868 0.7795464793395024 0
1109 3.700577648558714 0.8792920460258106 0
1110 3.611246356007576 0.8550713139496933 0
1111 3.621989088655221 0.7582207284258177 0
1112 3.525602544627762 0.8227089308369009 0
1113 3.532095670961918 0.7265667220304264 0
1114 3.445693133064934 0.8044072220540217 0
1115 8.215023028204746 0.7252570239392793 0
1116 8.1280808937694 0.7785127336254668 0
1117 9.254265779506403 0.9698981713224563 0
1118 9.254223001121892 1.068136344921794 0
1119 3.966225562288536 0.6972254620349961 0
1120 3.589144849305506 0.9467044511022232 0
1121 8.128363272642011 0.6785645038120778 0
1122 8.041210565520828 0.733509350656402 0
1123 3.424946575259536 0.6925617108929913 0
1124 3.363241146584365 0.7283796705937542 0
1125 3.370322634000361 0.7967361992512479 0
1126 3.290529238081103 0.7700200136912694 0
1127 3.308171470250283 0.6874098617732831 0
1128 3.202728859762012 0.7225675683618435 0
1129 3.196513579292395 0.8240206888475429 0
1130 3.107748441271776 0.7753382369944916 0
1131 3.111042924177243 0.6734506095547841 0
1132 3.019825173027198 0.7259309397118631 0
1133 8.041683621180409 0.6341660968563394 0
1134 7.954376962234113 0.696481763582054 0
1135 3.873223200667961 0.6829826221562741 0
1136 3.451275854660508 2.375630721681858 0
1137 3.364177735531466 2.425929799176053 0
1138 4.835831942674477 2.307038677991806 0
1139 7.69436651530304 3.526764074734868 0
1140 7.607713295799174 3.484016280092004 0
1141 8.388136215476777 1.007923958109084 0
1142 9.338774733568693 4.986674118194081 0
1143 9.338209845816877 4.884901255136175 0
1144 9.07885974048159 5.118803755465225 0
1145 3.020496629025375 0.6256830760633725 0
1146 2.932595810919454 0.6763621002837331 0
1147 8.214982355109989 0.6257562734089455 0
1148 9.34065771175435 1.068765086883085 0
1149 9.340364114003895 0.9690007911302736 0
1150 9.340694533265397 1.170078744238723 0
1151 3.883461689992564 2.774623585967178 0
1152 3.622422180687868 2.671070887391334 0
1153 3.364621058641458 2.326121503229497 0
1154 3.277534690470163 2.376009473032048 0
1155 3.278007686620489 2.276240760234839 0
1156 3.190949419595349 2.326043809532064 0
1157 3.191410911862464 2.226268701867708 0
1158 3.104384602869024 2.276261675174279 0
1159 8.387465912089748 2.91920355248922 0
1160 8.127214790466281 3.798622037358739 0
1161 9.25414941657068 1.167911270307883 0
1162 9.340687008094537 1.270900339571823 0
1163 9.254106936008133 1.268287329605113 0
1164 9.340658139993792 1.371324282765366 0
1165 9.254071081945682 1.368343739967811 0
1166 9.340620115208679 1.471354407115495 0
1167 9.25403330992804 1.468306075556609 0
1168 9.340568498739138 1.571074084082943 0
1169 9.253991804764969 1.568123667122088 0
1170 9.340505166577188 1.67073863030771 0
1171 9.25394679168042 1.668140813232362 0
1172 9.340445659860471 1.77046864414871 0
1173 9.253899600341315 1.768211475598563 0
1174 9.340381091695757 1.870313184510664 0
1175 9.253849902150392 1.868078665793552 0
1176 9.340302621239639 1.970223501066067 0
1177 9.25379677804194 1.967941776662295 0
1178 9.340246775405118 2.070068574759755 0
1179 9.253745379038746 2.067755755724454 0
1180 9.340210771259221 2.1700601403077 0
1181 9.253702393889075 2.167906137153656 0
1182 9.340156708246127 2.270310638739236 0
1183 9.253663638114599 2.268163320959856 0
1184 9.340111451593717 2.3705549598201 0
1185 9.253626450833664 2.368108585225391 0
1186 9.340088680741545 2.470664158280064 0
1187 9.253594708982048 2.468221743133726 0
1188 9.340057585478437 2.570650609926724 0
1189 9.253565649758432 2.568334732441389 0
1190 9.340041278080884 2.670561395179761 0
1191 9.253537932998608 2.668264599290297 0
1192 9.340049912030519 2.770692603911896 0
1193 9.253513327255153 2.76829713941017 0
1194 9.340053055546125 2.870884588853021 0
1195 9.253488601697795 2.868539255605744 0
1196 9.340044432929176 2.970260887286681 0
1197 9.253460168302009 2.968717573376091 0
1198 9.166872676307623 2.951561155461166 0
1199 9.166836801128415 3.052409326208002 0
1200 9.253428826247113 3.067350124065999 0
1201 9.166799776558753 3.152544020819485 0
1202 9.253393311249416 3.166919299582744 0
1203 9.166761991949141 3.252760197169584 0
1204 9.253353816556578 3.266844925627544 0
1205 9.166723835285408 3.352925732684444 0
1206 9.253312438059982 3.366937529137763 0
1207 9.080172277837292 3.220296486545266 0
1208 9.166685848905578 3.452888200955663 0
1209 9.253274285179181 3.466710167349268 0
1210 9.166648334436836 3.552664875526439 0
1211 9.253239706615869 3.566185825666699 0
1212 9.167043145534722 2.250217037840222 0
1213 9.166994327208348 2.550119669911074 0
1214 9.080058774412381 3.520758369560836 0
1215 9.166611129033715 3.652140394734301 0
1216 9.253204536794586 3.665791486306071 0
1217 9.16719409968989 1.949517787399634 0
1218 9.166573627048795 3.75214054092994 0
1219 9.253168221301932 3.765862792646449 0
1220 9.339805865527392 3.565065747762554 0
1221 9.339922359083419 3.266146260670514 0
1222 3.96325291747396 0.5900225891293981 0
1223 2.932749605744013 0.5769391977442956 0
1224 2.845880927109324 0.6268106577995572 0
1225 2.845770057769531 0.7264515093590609 0
1226 2.759165165209136 0.6771992606527262 0
1227 2.759113851253389 0.7770974643998131 0
1228 2.672525481225496 0.7310429063938401 0
1229 2.672593283103333 0.6317039827990095 0
1230 2.585940614737618 0.6934207756764245 0
1231 3.362290315314439 2.524957033004197 0
1232 3.798020233257665 2.435700672927218 0
1233 3.104791962890539 2.176349258724334 0
1234 3.017545478623828 2.227318413367231 0
1235 4.143483930738261 2.572048184868065 0
1236 8.038312051812371 0.8350238610990965 0
1237 3.106398242160085 0.8758716444998008 0
1238 7.954986055467328 0.5974624393661484 0
1239 7.867469646388654 0.6697966289910741 0
1240 0.5092523977594992 0.8404307985460847 0
1241 0.5094582806807441 0.7843401356563477 0
1242 0.4653976615530549 0.8225650503105323 0
1243 0.456185419607069 0.7803822343005968 0
1244 0.4110354046863311 0.8083141236586858 0
1245 0.4241063240735291 0.7530055725215292 0
1246 0.3920969526886652 0.7695433838329898 0
1247 0.3779078677041686 0.7263907267141502 0
1248 0.4316271808500665 0.7066254768323039 0
1249 0.3615674716212182 0.6819151916497783 0
1250 0.3190515093546846 0.707859970975511 0
1251 0.2984989471889279 0.6713342221800233 0
1252 0.274466802294687 0.6388001414141457 0
1253 0.2492967605662587 0.659451163618834 0
1254 0.2476013910315779 0.6074803813681843 0
1255 0.2208376918491513 0.6442782758266108 0
1256 0.4075871560724093 0.6513442345635994 0
1257 0.2821030751832307 0.5883133081046215 0
1258 0.172747898504743 0.6134216682877898 0
1259 0.1571047783023945 0.5508680246870589 0
1260 0.1091024220648739 0.5627097491411391 0
1261 0.06246683560373927 0.572698151551754 0
1262 0.06445919946629841 0.6221003194726569 0
1263 0.02029757261208974 0.5793813817953919 0
1264 0.01995233977704 0.544061337029027 0
1265 -0.02087388493606351 0.579162238858663 -0
1266 -0.01382909455649763 0.5212162601454512 -0
1267 -0.06599264889414806 0.5761807043298861 -0
1268 -0.1136265013790275 0.5679361612791338 -0
1269 -0.06688730698520774 0.5220871057200996 -0
1270 -0.1202897804176399 0.6303236097750431 -0
1271 -0.1697211231440086 0.5978763909868275 -0
1272 0.1508344418099869 0.5142367414176514 0
1273 -0.02838631845166847 0.4771497350898639 -0
1274 -0.1514182776443868 0.6556641614481176 -0
1275 -0.1815079889217367 0.6402000290932792 -0
1276 -0.2114894396986027 0.5775735740630666 -0
1277 -0.2226021982651134 0.6210845996426865 -0
1278 -0.2415979619008133 0.5626401647594239 -0
1279 -0.2705947188241208 0.5909847613546211 -0
1280 -0.2770488268516321 0.6551751542935529 -0
1281 -0.3267952477552949 0.5893323777054893 -0
1282 -0.3761261625197952 0.5854223100338775 -0
1283 -0.37865966849788 0.5252769504261444 -0
1284 -0.4260784183198275 0.5818531545307813 -0
1285 -0.4217779923398861 0.6411469399323146 -0
1286 -0.4783865902401522 0.584048889738911 -0
1287 -0.4710196130869216 0.6442598146016918 -0
1288 -0.5215584609706587 0.6547579954796056 -0
1289 -0.532778269695187 0.595036317123371 -0
1290 -0.5874192372909617 0.6105082373508363 -0
1291 -0.07277638982269029 0.4655310109921213 -0
1292 -0.5753093888877392 0.6718329401062844 -0
1293 -0.6421676344993339 0.6180649890291556 -0
1294 -0.6428999659200295 0.5719581361412718 -0
1295 -0.7017051006691581 0.6061152888680835 -0
1296 -0.1043581939381909 0.6940334296582986 -0
1297 0.208593704919992 0.6920263850614971 0
1298 -0.6804822416634346 0.5431057943758122 -0
1299 -0.7739738891828648 0.5805380870972391 -0
1300 -0.1483797318994819 0.6925588226391884 -0
1301 -0.7762490466628376 0.665268587972256 -0
1302 -0.8548079586865313 0.6496191638789373 -0
1303 -0.04369817558354698 0.4176279579756577 -0
1304 -0.8613149404131413 0.5591645377922054 -0
1305 -0.9371982564681546 0.6478859216689717 -0
1306 -0.09089603395914467 0.3898873608253601 -0
1307 1.461413844255374 1.100454708263931 0
1308 7.607577485053045 3.584404225238837 0
1309 7.521031151344271 3.551536260891863 0
1310 7.694086078598097 3.627707421160308 0
1311 9.166533607482602 3.851793747163338 0
1312 9.253129818159232 3.866106346517044 0
1313 9.339717773470817 3.866880754613403 0
1314 9.339682124992692 3.969935694991678 0
1315 9.079942800063385 3.819885507255421 0
1316 2.586050065797713 0.5943660850180598 0
1317 2.499360143014802 0.665290375580635 0
1318 7.949131648078842 4.02003447879524 0
1319 3.680181895509789 0.9993930582898293 0
1320 3.618983203360555 1.056921358608579 0
1321 3.70421800474463 1.110894825844873 0
1322 3.547790805966685 0.6283935023534412 0
1323 8.041097541321346 2.808281382215357 0
1324 3.102352174090425 2.37540593061421 0
1325 9.426231862703418 3.963451816909287 0
1326 9.426162363677532 4.06656781880028 0
1327 9.339628647667695 4.073796883364738 0
1328 9.426091417400857 4.168170473045369 0
1329 9.339572809794426 4.175907530395386 0
1330 9.425992969994114 4.267915142001852 0
1331 9.426374078857631 2.76381726903761 0
1332 9.426267629880662 2.463840642593595 0
1333 9.426407830263742 2.162863094775788 0
1334 9.426717486562623 1.863127005780448 0
1335 3.846685993787352 0.5540199120891255 0
1336 9.425515516374467 4.970884077697631 0
1337 9.425288761553993 4.870537929244851 0
1338 9.427034283806616 1.564469555711428 0
1339 9.427109305070978 1.163215293479311 0
1340 -0.1013572249200454 0.7513597882393006 -0
1341 -0.9546988894113704 0.5549557660468747 -0
1342 -1.058778720733769 0.5647454415816303 -0
1343 -1.01934045600754 0.6622062786057319 -0
1344 -1.112327787795587 0.61664033373458 -0
1345 -1.151647968313983 0.5176413876273903 -0
1346 -1.172926103701186 0.595940568990636 -0
1347 -1.17678112694708 0.676713217106568 -0
1348 -1.263794501086797 0.6577378798350653 -0
1349 -1.260267656266935 0.7535962599586853 -0
1350 -1.353154508717654 0.7328410615157359 -0
1351 -1.354596506892141 0.6354303508480148 -0
1352 -1.442088693404908 0.7230108657342471 -0
1353 -1.435996317973641 0.8151185887758139 -0
1354 -1.529101426021925 0.72732367516963 -0
1355 -1.540201696029628 0.6262953530239459 -0
1356 -1.613535468276142 0.7449071394096707 -0
1357 -1.597012067290394 0.8370756166142033 -0
1358 -1.697077187645757 0.7693984475777355 -0
1359 -1.677999241328469 0.8629728776672655 -0
1360 -1.781321565131794 0.7936171158419892 -0
1361 -1.796886812565047 0.6943917350704349 -0
1362 -1.866831547650738 0.813748203158134 -0
1363 -1.851491427707696 0.912406111275885 -0
1364 -1.953164787979962 0.8300418406137733 -0
1365 -1.968030262731528 0.729905637442972 -0
1366 -2.041591784992944 0.8455548941840034 -0
1367 -2.026201193792516 0.9452982300497224 -0
1368 -2.130209901315447 0.8594974114130809 -0
1369 -2.144913707129095 0.7588940873873938 -0
1370 -2.12979602426164 0.9723884281545829 -0
1371 -2.202002398628413 0.9443217340771152 -0
1372 -2.206322172623132 1.054885006245412 -0
1373 -2.253345081508016 0.9875345550035389 -0
1374 -2.28262822055849 1.120126768640839 -0
1375 -2.072475636330643 1.061819605483828 -0
1376 -2.326238506386254 1.044489527964836 -0
1377 -2.362842858735656 1.183297483018538 -0
1378 -2.361952575606139 0.9634570554356405 -0
1379 -2.404649044828261 1.103029140197913 -0
1380 -2.443474338759102 1.241718596434689 -0
1381 -2.315701402587258 1.259827537575215 -0
1382 -2.401201185197211 1.32073449794005 -0
1383 3.017891457030272 2.126976763104511 0
1384 2.929707770864904 2.181733071452628 0
1385 3.451454733214875 2.275713741702461 0
1386 7.520742120692253 3.452969415674261 0
1387 7.434376404143831 3.539725084860085 0
1388 2.672486613628728 0.8318318607325452 0
1389 9.339399876778636 4.275274996582107 0
1390 9.425778094583157 4.366143586798393 0
1391 2.49951482986524 0.5659025477889023 0
1392 2.412974757816711 0.5409955405821159 0
1393 2.412806935445706 0.6404627350944228 0
1394 2.326249186874486 0.6142241329151874 0
1395 2.326495612822182 0.5146299669348076 0
1396 2.239708876650509 0.5876193187657511 0
1397 2.239559939974141 0.6889361617202482 0
1398 2.152967222640481 0.6648259950826351 0
1399 2.153141184655038 0.5641592244185301 0
1400 2.066568702683433 0.5406695997422014 0
1401 7.868230130654878 0.5696596952711824 0
1402 7.78146492346259 0.547102746067948 0
1403 7.780255249608003 0.6498806374941812 0
1404 7.693070999055277 0.6327951199065746 0
1405 7.690825912507062 0.7416684112627283 0
1406 7.601465448767764 0.7283131441646746 0
1407 7.515854839243264 0.7089508916463589 0
1408 7.520098585969425 0.6034652351219826 0
1409 7.436030758759038 0.6944438437830573 0
1410 7.435180148664864 0.5915376879840306 0
1411 7.350352267837204 0.5774910230638066 0
1412 7.354128695195613 0.6839944789166128 0
1413 7.262673804750253 0.6649617065484091 0
1414 7.263382724062531 0.5554023283328154 0
1415 7.169247829516 0.634360130368698 0
1416 7.262221572982456 0.7785740554592245 0
1417 7.174422174861895 0.5285211348429232 0
1418 7.082303976681023 0.6059798256255913 0
1419 3.021453210756314 0.5264345912102828 0
1420 -0.1489812038038571 0.745140453079673 -0
1421 1.199958582220765 0.9756835508188622 0
1422 0.6456628737871885 1.065003188876472 0
1423 -0.4187054726245815 0.6935391868958152 -0
1424 1.201044894394072 0.6743431425019326 0
1425 1.11495886325621 0.6319923422365117 0
1426 1.200825909685296 0.573024453685978 0
1427 1.114833623516193 0.5311898098205631 0
1428 -1.239256140970191 0.4810521992948431 -0
1429 1.546478103751608 1.113416993561724 0
1430 1.459769215183525 1.198967274044926 0
1431 1.546247599150422 1.211348700982152 0
1432 -1.583137711568708 0.9040478161443964 -0
1433 -1.627743978115614 0.6460530348178142 -0
1434 -1.552977967850917 0.522034085058164 -0
1435 -1.641532113036096 0.546136222598918 -0
1436 1.689522764589901 0.8719630847416696 0
1437 2.929426630421629 2.080131360963291 0
1438 2.838761039380991 2.14566143362759 0
1439 2.842189412570111 2.252653517378665 0
1440 2.75339772347146 2.240827218998242 0
1441 2.744462129605423 2.130528108796226 0
1442 2.637272699577219 2.128027670544365 0
1443 2.651978831792877 2.03743252542506 0
1444 2.552270575540259 2.064857410042649 0
1445 2.593735764198806 1.993667079030342 0
1446 2.474922627346557 2.016149193159336 0
1447 2.517575063149151 1.944631700527628 0
1448 2.414304562912328 1.981413013903732 0
1449 2.425820425111892 1.896300532930512 0
1450 2.313560638702151 1.935098732681192 0
1451 2.2746735080501 1.84745139435419 0
1452 2.184169930771117 1.904342632201014 0
1453 2.210538020927391 1.771701229703871 0
1454 2.125139115510227 1.831943707654683 0
1455 -1.641838405695209 0.9468536934533767 -0
1456 2.133383200666614 1.685716757860429 0
1457 2.04838127782878 1.766785223878468 0
1458 2.551487041606995 1.871010850605382 0
1459 3.017992788151107 2.02688219575 0
1460 7.692828581720461 0.8461775059057319 0
1461 7.589523649967536 0.8524029679958014 0
1462 9.426559512923085 2.963854452980629 0
1463 7.520538530996535 3.654323793737916 0
1464 9.427151302209946 1.365024828838221 0
1465 9.337690301212275 4.782906248971873 0
1466 9.425183623970234 4.76901628655795 0
1467 4.491023090287882 1.089905981970251 0
1468 8.125837537070298 1.51437737437135 0
1469 8.474560866512739 1.431730760673509 0
1470 6.692622166751732 1.354794646397571 0
1471 7.075493502928152 0.6815324994175908 0
1472 6.99683314583419 0.5855956016783724 0
1473 6.911510697404073 0.5666202636995666 0
1474 6.895456342025319 0.655413930570941 0
1475 6.834075168135944 0.6247585151193545 0
1476 6.830784132813005 0.5551209875490403 0
1477 6.748454541938414 0.5566698234042895 0
1478 6.772590341661905 0.6747539758063936 0
1479 6.662223798117685 0.6682161014844867 0
1480 6.659477315266221 0.559385183446751 0
1481 6.566866721954766 0.5567784795815007 0
1482 6.569783984013996 0.6656783229192856 0
1483 6.478540600200469 0.5547511913210157 0
1484 6.39777649586425 0.5481542849442479 0
1485 6.397101303338887 0.6486018022161916 0
1486 6.312087594744168 0.6240684370305642 0
1487 6.31894374272685 0.5238685147149768 0
1488 6.226494964567411 0.597788547591046 0
1489 4.403795683305513 2.773478982313685 0
1490 5.18243139489052 1.169793317929178 0
1491 5.962330223195158 3.621875981945609 0
1492 7.433252487462574 3.441279822894512 0
1493 7.345554220992108 3.448727979029094 0
1494 7.336852562071323 3.348037048778122 0
1495 7.250440644746576 3.372631071815616 0
1496 7.222198682024437 3.291302392401281 0
1497 7.172059546664872 3.324732688409203 0
1498 7.167311988479396 3.225230604636694 0
1499 7.121668647859161 3.291083296841669 0
1500 7.095013907254421 3.148111790268924 0
1501 7.046351723532818 3.240781247093419 0
1502 7.173956952602438 3.384282998536836 0
1503 5.616021041752649 2.53071888641174 0
1504 5.528520744866301 2.587685926338106 0
1505 5.615670979935971 2.631154807902235 0
1506 5.528165651442004 2.690827966528473 0
1507 5.615529550447658 2.732522502845794 0
1508 6.222497592625883 3.415494629123162 0
1509 4.7513927062486 1.165398729027884 0
1510 5.790173411783525 0.9077227813212512 0
1511 5.877047230541442 0.835823695005287 0
1512 5.790278522789196 0.8063501422056684 0
1513 5.877396578195095 0.7339394891442812 0
1514 5.790417369673571 0.7054530744139211 0
1515 5.877665357157064 0.6323131932261058 0
1516 5.790550756959387 0.604729267438336 0
1517 5.703675241351375 0.6678839664954305 0
1518 5.703670082921481 0.5677222912564571 0
1519 5.617001094139436 0.6244864486826672 0
1520 5.877892396976822 0.5313344176203555 0
1521 5.616834263231886 0.5244747310988549 0
1522 5.530353833564086 0.5803265787171376 0
1523 8.187376551336738 1.952457430650843 0
1524 6.481701029549064 2.735677287120039 0
1525 6.394051796143285 2.807697242051844 0
1526 6.479734296405361 2.838577417086422 0
1527 6.394227825179771 2.906911234867269 0
1528 6.473597211566977 2.935937252043211 0
1529 6.313325669506916 2.893586306427205 0
1530 6.226280789631156 2.880685921843281 0
1531 6.228514702127523 2.995338073208308 0
1532 6.138402852277947 2.974677026326815 0
1533 6.336668970566369 3.017900641141313 0
1534 7.434848322454834 2.716744557511136 0
1535 3.454216648869262 0.579074167969855 0
1536 3.581407475058245 0.5389366111804169 0
1537 5.794132119189827 2.223660698355912 0
1538 7.256852595135827 1.48569007021315 0
1539 2.672960362860024 0.533164405255761 0
1540 3.966620833868031 1.679848359713259 0
1541 4.010449681952165 1.603514816498395 0
1542 3.933388672644295 1.558085308413929 0
1543 4.038080383221987 1.520058564775938 0
1544 3.194216140044691 0.9251053393103849 0
1545 3.105810002012223 0.9761365915222198 0
1546 4.838591443929753 1.188615896495539 0
1547 4.751117318107136 1.267187474095676 0
1548 4.838226471253386 1.291308793185931 0
1549 4.750960822255658 1.368112860032576 0
1550 4.838308111790456 1.393393654120162 0
1551 4.750929278571626 1.46821844914625 0
1552 4.838528685056636 1.49492024335849 0
1553 4.6642374671281 1.344188736071945 0
1554 5.702685277871341 3.178398361543634 0
1555 4.923352855669924 2.942173003671008 0
1556 9.167313585957359 1.749700575283998 0
1557 3.451933194206015 1.875152941524281 0
1558 6.914528901818023 2.732933385635454 0
1559 6.914781566065804 2.421753903311876 0
1560 9.080248033653533 3.018828982100448 0
1561 3.544793158804121 1.504661200249629 0
1562 7.258739962244368 1.200556485572571 0
1563 4.124623559863542 1.567722837860556 0
1564 4.137620860758067 1.470298954488025 0
1565 4.2262547917063 1.508394870442041 0
1566 5.61682216948616 1.227503739827519 0
1567 5.703408938887086 1.272176947283735 0
1568 5.616780671248197 1.327591490001376 0
1569 5.703370486655506 1.372224362271495 0
1570 5.616737865011223 1.427393740591961 0
1571 5.703331726282416 1.472209605418512 0
1572 5.616695662693957 1.526952568293608 0
1573 5.703293740695337 1.571752378640708 0
1574 5.529981803910957 1.481805563001582 0
1575 5.529858226829817 1.582304516259304 0
1576 5.442085888252834 1.545091712710305 0
1577 5.441737563580821 1.648804177463348 0
1578 5.349810677396706 1.626857640158905 0
1579 8.209927494950438 4.254022937723505 0
1580 3.624982038487072 2.369138019869061 0
1581 5.441802169530836 2.661205076580468 0
1582 7.694717974350771 0.5272096551493375 0
1583 4.927586845283794 1.420018790302714 0
1584 4.929865890048413 1.525383943454971 0
1585 6.222158366939228 3.718532950871576 0
1586 5.529565243369341 1.685345285145223 0
1587 6.655927060541178 2.475283181080569 0
1588 4.751617582580413 0.8582646823549342 0
1589 6.046591403399949 2.270766267876465 0
1590 8.474733236976432 1.833003025419539 0
1591 4.403692562974397 3.074705747785276 0
1592 5.183279380631724 0.8640577606919309 0
1593 5.096088958552302 0.8356678672960901 0
1594 5.183249984737405 0.7627723951381861 0
1595 5.095889493259767 0.7321852618842138 0
1596 5.1834836150239 0.6612624562426432 0
1597 5.096296127403286 0.6287060881474051 0
1598 5.183911100737615 0.560421250196661 0
1599 5.096964125325735 0.5270023889143491 0
1600 5.184577218031242 0.4603477081120236 0
1601 5.009684165571929 0.5989004533517527 0
1602 7.696495680308092 1.559436589684932 0
1603 4.664475621160647 0.7355753440647059 0
1604 8.387276535382828 3.421282525175396 0
1605 8.387314658010936 3.319719620084482 0
1606 8.473909280003749 3.340673692520536 0
1607 8.473947827643602 3.238560364459214 0
1608 8.560504668441366 3.359569155905155 0
1609 8.560543164307234 3.257640395278423 0
1610 8.560466801034556 3.460815655971906 0
1611 8.647100488279758 3.377415974219767 0
1612 8.647062775194508 3.477779459880462 0
1613 8.040250874624981 1.715264152997 0
1614 8.820968576530667 1.599809793305411 0
1615 8.820832377616176 1.700946264657439 0
1616 6.049787837769786 2.533244200004142 0
1617 5.789921588160449 1.509458047713837 0
1618 5.789887756678702 1.608695022611262 0
1619 5.876514146121212 1.537477975653658 0
1620 5.876479513405936 1.637131398014752 0
1621 5.963069310139463 1.662391821751795 0
1622 5.963012252631307 1.76340849110738 0
1623 6.049656911366703 1.68979390329661 0
1624 6.049544514310774 1.790020809917829 0
1625 6.136248527481438 1.717131383662028 0
1626 6.136119113700386 1.816659608403373 0
1627 6.222887013810133 1.740133777827456 0
1628 6.222841510502442 1.839839927728745 0
1629 6.309871238909727 1.860598031932747 0
1630 6.309672710877547 1.760316018716613 0
1631 6.396532773860582 1.779264126806196 0
1632 6.397097940401276 1.880819381296902 0
1633 6.483145842137688 1.797620135067054 0
1634 6.483620558155013 1.900909764148622 0
1635 6.569127564048246 1.922780862258334 0
1636 6.569264186091567 1.819267257841252 0
1637 6.655409884988282 1.84685292901331 0
1638 6.654760429987437 1.951008754422414 0
1639 6.741972522401471 1.879640199456847 0
1640 6.74138154094547 1.982092003268174 0
1641 6.828752986463284 1.907156066698862 0
1642 6.828430434003289 2.007662493734413 0
1643 6.915526763348767 1.920565195427386 0
1644 6.915723916114523 1.818846040544695 0
1645 7.002394275464298 1.923243620151468 0
1646 7.002278980313641 2.02544839166289 0
1647 7.089344531140157 2.029793363270753 0
1648 7.089035790295346 2.132158633363834 0
1649 7.176588906013164 2.043881111892232 0
1650 7.175921354568322 2.146728782351365 0
1651 7.263135419557018 2.063801344822636 0
1652 7.263272611319961 1.957095458257879 0
1653 7.348569469741324 1.978667066379454 0
1654 7.348552499361615 2.085476915212827 0
1655 7.434375002334201 2.110223243545713 0
1656 7.434839804565859 2.214159305944412 0
1657 7.52112802876314 2.142790420776372 0
1658 7.521401944226553 2.245247505055682 0
1659 7.608414341253254 2.183807520369201 0
1660 7.608174678705899 2.284881391028377 0
1661 7.695562548013305 2.229132293721645 0
1662 7.694965622990936 2.329486916484456 0
1663 7.69840674307517 2.128715689635411 0
1664 7.782390149008053 2.272299362829536 0
1665 7.781652744614742 2.371879370621392 0
1666 5.876474374158128 1.737930579734851 0
1667 9.08028550031454 2.918240970050999 0
1668 8.993660650840027 2.979817231604801 0
1669 8.993698153650081 2.879875059904856 0
1670 8.907071568572825 2.944425732024452 0
1671 8.907108797823714 2.845064001292543 0
1672 8.387158573717379 3.823207241775728 0
1673 7.521763039782012 2.040611959067594 0
1674 6.656119845922123 1.745666367917985 0
1675 6.581646424253742 1.415633241037486 0
1676 8.041621270544391 0.5359109925448806 0
1677 7.002478938218974 1.821874685129129 0
1678 9.425556321546047 5.071969485167323 0
1679 8.214214483289172 0.9267576152359591 0
1680 7.341809153257358 1.568064203112481 0
1681 9.079854347892168 3.920101516222075 0
1682 6.654653187156567 2.055947210593751 0
1683 5.352062946750498 1.733603912217199 0
1684 6.048976345252352 1.888895224931122 0
1685 8.474099074522137 2.838115620473737 0
1686 3.956195075384997 1.482735444077082 0
1687 8.993238219318259 3.881095480717248 0
1688 8.907033262533579 3.04599504906674 0
1689 4.664184486662286 1.443463116326505 0
1690 4.229558182521653 1.407552825999855 0
1691 2.932087470083875 1.37643987704951 0
1692 2.498871304257963 1.266082525327601 0
1693 3.192960041412368 1.025883797418504 0
1694 2.759072336311772 0.8778093294809237 0
1695 9.337447465714654 4.67941340302352 0
1696 -0.8605709962507719 0.4625584686252754 -0
1697 3.968056331601959 0.4835819522366918 0
1698 4.060924729867357 0.5303437363968491 0
1699 0.3713494319669686 0.8332737416061801 0
1700 2.934509319736225 0.4790237253285334 0
1701 7.263967657019977 0.4489488207627486 0
1702 6.233760832192337 0.4927103879404559 0
1703 0.2905312245144583 0.724795496045021 0
1704 5.010247130062028 0.4962440404503352 0
1705 4.924089899063516 0.5777874045861078 0
1706 0.7956512912003606 0.9044861671708494 0
1707 -1.166013054928367 0.7685692223186485 -0
1708 -1.261414165850969 0.8535368419816909 -0
1709 1.200996942575427 0.4728683043820643 0
1710 1.287245813033357 0.5095058176966509 0
1711 -0.633127278726515 0.4989340308321684 -0
1712 -2.501730208670299 1.284767844182763 -0
1713 -2.487378939173232 1.356373229288981 -0
1714 -0.4637966137435857 0.6975353511504891 -0
1715 -0.4162650724050756 0.7292107241947919 -0
1716 -0.4525852658278343 0.7510883493168419 -0
1717 -0.4020574871395549 0.7842361620457234 -0
1718 5.703728114337856 0.4683882615010453 0
1719 2.067242913148992 0.4399443532003396 0
1720 1.979994226030436 0.5142736881001743 0
1721 3.485448190566069 0.4608297463190872 0
1722 5.530018782496485 0.4802212465770694 0
1723 -0.4259688297763848 0.8275476550260131 -0
1724 9.511800033998332 4.961171337712379 0
1725 9.511627404137338 5.061042477889153 0
1726 9.512013831687906 4.760102374992861 0
1727 9.512065374879075 4.658607158648332 0
1728 9.512305034563555 4.158974810808428 0
1729 9.512574092113089 3.956888060940959 0
1730 9.512608205117342 3.855758495926981 0
1731 -0.8499039123641368 0.7314812593490595 -0
1732 -0.7772584841065289 0.7477466241976468 -0
1733 -0.8554441970052203 0.802072545522258 -0
1734 3.873719591522826 0.4356558658410064 0
1735 0.4658153800848575 0.6731296036312472 0
1736 0.4578417576133592 0.6154200270026804 0
1737 -0.4297228067591842 0.5176526151611459 -0
1738 -0.377529467068859 0.4788571836378547 -0
1739 -0.4204533387653679 0.4372901328265391 -0
1740 -0.3536395581300376 0.3990715131656344 -0
1741 -0.4388817782769229 0.3455044770885964 -0
1742 2.569134192037601 2.176181072603227 0
1743 -0.06801099711496464 0.3426328182215945 -0
1744 -2.260860644584469 1.332654234895434 -0
1745 -1.567554428514066 1.038511482398514 -0
1746 -1.681325376937599 1.094321640172137 -0
1747 -0.09817621081511009 0.8076281256024852 -0
1748 -0.05436983469043048 0.7581289204358472 -0
1749 4.073497368036349 0.4335790443786138 0
1750 4.163595954889455 0.4855967625800542 0
1751 -0.476605526372452 0.8012619983159267 -0
1752 -0.1154122049075123 0.4283135981454079 -0
1753 1.456704705353303 1.297660056690817 0
1754 1.544857558832373 1.31051026167405 0
1755 1.368277887510537 1.263476635275474 0
1756 -0.3812118289165087 0.7419853311160344 -0
1757 -0.3511626299762941 0.8097053182530224 -0
1758 1.115440286652564 0.4318283784122511 0
1759 -1.569914866361784 0.420814021220164 -0
1760 -0.0109784367615232 0.3745353308553402 -0
1761 0.02948849806568285 0.3301571480470823 0
1762 0.08403678265406328 0.3733354352497107 0
1763 6.339998695195093 0.4406483477705141 0
1764 2.153700370655996 0.4634020843844683 0
1765 2.237713547331684 1.406884870875495 0
1766 2.018485662949374 1.637606629512826 0
1767 1.960296856715854 1.710285912580926 0
1768 6.655328071742957 1.081590114824782 0
1769 6.309682681170688 0.7338850088434681 0
1770 5.442174079164749 2.767933175145062 0
1771 6.395992932608625 0.7561553179344608 0
1772 6.050983012398015 2.949087719135589 0
1773 7.694835613438217 2.428978551311397 0
1774 7.781453062333428 2.472255171485836 0
1775 7.4697753428132 4.01073754922989 0
1776 8.992871909643593 3.981997246830812 0
1777 5.240636177980885 1.615826435475641 0
1778 7.521557826119971 2.346435128861847 0
1779 5.259927210191292 1.495904436278567 0
1780 7.867621194099961 3.499472655889008 0
1781 7.173622957056025 2.851261384056929 0
1782 9.167519980106421 1.24982173471623 0
1783 7.348623065638121 2.19003335344641 0
1784 9.167441938368491 1.449235088810584 0
1785 7.017675744187295 3.117899051221018 0
1786 6.95176296353626 3.170019785256709 0
1787 6.928593865895597 3.292444710436256 0
1788 6.834229901866917 3.264370971944678 0
1789 6.838243687963044 3.157244199017244 0
1790 6.743308655180548 3.140160938140034 0
1791 6.741241628659684 3.242926511699601 0
1792 6.650040520082205 3.222561814311593 0
1793 7.002160268416763 2.127377642241695 0
1794 6.136298209445759 1.616062985625644 0
1795 7.868615984455259 2.303516851878485 0
1796 7.870713329356405 2.20531695546204 0
1797 7.260251998605738 1.55529623326958 0
1798 6.397222646018301 1.984035163396473 0
1799 8.820441285399486 3.018050523836144 0
1800 2.152900409390253 0.7660387667098416 0
1801 4.838408608782794 1.595438866689355 0
1802 4.928136216622218 1.630388845302385 0
1803 4.144607102822811 1.073171268504454 0
1804 8.73369654681237 3.394641032200215 0
1805 8.733659001160863 3.494888685059475 0
1806 4.057875331201062 1.132028253684103 0
1807 3.629395536541323 1.413354276542358 0
1808 3.541485414712619 1.398623899467048 0
1809 2.239413218159186 0.7908916007775645 0
1810 1.979742150141858 0.6148692872903457 0
1811 1.892932368788391 0.5881123276203385 0
1812 1.893199250379923 0.4884668166193938 0
1813 1.80594118076766 0.5684839538868496 0
1814 9.252948950027749 4.172898800142138 0
1815 9.252625772557918 4.272258172595461 0
1816 -0.9802394557423156 0.4386469984704359 -0
1817 -2.572834732190148 1.371399323778063 -0
1818 -2.558222062812945 1.470569102880862 -0
1819 -2.592932123640154 1.240592827478585 -0
1820 7.176807983163537 0.423549196857152 0
1821 3.026712551878477 0.430215914909975 0
1822 3.553965506636543 0.4168225688415105 0
1823 -0.500274474368958 0.8446650455247163 -0
1824 -0.5507532770365698 0.8165676327915576 -0
1825 2.429741653597599 2.087470345083896 0
1826 4.923927380190952 0.4742993134520468 0
1827 4.837779760801481 0.4603017945410317 0
1828 -0.322361328410015 0.7582234780424451 -0
1829 1.80621899995807 0.4689667075591541 0
1830 1.71928617484292 0.4575184643139973 0
1831 1.287893982937288 0.4093795779478848 0
1832 -1.655208581186964 0.4475093089905261 -0
1833 -1.739944233855884 0.4737498735973009 -0
1834 1.028786507801812 0.4976296590055029 0
1835 9.598298145939712 3.949684795149739 0
1836 9.598321206691294 3.84923349393631 0
1837 0.07915494748145199 0.2866720962269302 0
1838 0.13752518314217 0.3307146500495334 0
1839 -2.467432643190091 1.454732658325667 -0
1840 -2.543535280045793 1.569200233921679 -0
1841 1.373901769124537 0.4334981648800982 0
1842 2.758559388780087 1.579111844880993 0
1843 2.721199200694139 2.001159431490464 0
1844 3.191765122091574 1.726363412220862 0
1845 3.191557608217844 2.126342315583129 0
1846 6.999455584335457 3.726450113475703 0
1847 7.347384354808428 3.547746563764668 0
1848 8.214196520587778 3.089415554746053 0
1849 7.607808901622361 3.086540296935413 0
1850 4.316906294527462 1.436230547599456 0
1851 8.733734304131669 3.294585214146625 0
1852 6.396326939890502 1.679492017125585 0
1853 5.263115101204707 1.732100588956897 0
1854 5.355031769331084 1.836040294788418 0
1855 4.317460852467287 1.336984763202792 0
1856 3.105545066369232 1.076259926352398 0
1857 2.672447775221108 0.931897105352233 0
1858 2.0956288282958 1.955947011959959 0
1859 -0.1542688233747509 0.8100822114346479 -0
1860 0.467231171421865 0.8799165511719966 0
1861 -0.05551678812790386 0.8084869096765087 -0
1862 -0.01055726779214155 0.7680692086463433 -0
1863 0.5302496369780869 0.6520130567379985 0
1864 0.5379567439668901 0.5673005254405827 0
1865 0.4310852844293715 0.5642003430432921 0
1866 0.4937848450304467 0.5063296495936771 0
1867 0.424788198337268 0.4807262263666188 0
1868 0.4989638042607184 0.4506922194108996 0
1869 0.4548229736183086 0.4328941222957968 0
1870 0.5793219518804041 0.4733256766476097 0
1871 0.5435909303065486 0.4234009263312709 0
1872 0.6482478121000265 0.4338818288269884 0
1873 -0.3026990473772774 0.8346870906356066 -0
1874 0.6046535538666447 0.3814597817766949 0
1875 0.6958283938566341 0.3998972055219635 0
1876 -1.149358419793174 0.8884939110229234 -0
1877 9.597832437351251 4.753851897178628 0
1878 9.597815705653312 4.652795094289142 0
1879 -1.752074961856961 0.3757850920856206 -0
1880 -1.837657438263561 0.4012748273586418 -0
1881 -0.7864309081040094 0.8230926302238242 -0
1882 -0.8016980904759112 0.8902327558023795 -0
1883 -1.285034472087218 0.9471952798403684 -0
1884 6.254255047822046 0.377689689665945 0
1885 1.718945266772606 0.359667846550834 0
1886 1.627345358172557 0.8204809911280982 0
1887 1.632711638796133 1.304939534641645 0
1888 1.634425156401853 1.403624857031546 0
1889 6.143350179741076 0.4716242817387066 0
1890 1.927878365946957 1.592341041641504 0
1891 1.873562779217418 1.658876604880569 0
1892 1.851698695920025 1.5502236083363 0
1893 1.800693404336083 1.606350300387082 0
1894 5.964665122651691 0.755709484048527 0
1895 2.219259019417113 1.661993706816675 0
1896 6.7421264951844 0.9984492751301804 0
1897 5.356493746080796 2.752917148334904 0
1898 5.270686195964982 2.743892310342854 0
1899 5.44253798224989 2.871808069000736 0
1900 6.645839197386991 3.320596667798178 0
1901 6.566468444523368 3.302758349201515 0
1902 7.616070983952225 1.140036167771399 0
1903 6.308618729821879 0.8449853654217858 0
1904 7.699507033306898 0.9208164918679664 0
1905 9.080549568959817 4.803061347498989 0
1906 8.561294624845219 1.247220999259842 0
1907 8.744821002858933 4.623355777077251 0
1908 8.647028864680241 3.577567197661227 0
1909 8.73362704916898 3.59477383897261 0
1910 8.647024513824247 3.677526265895314 0
1911 5.269699134474525 1.19144323743127 0
1912 7.37752621397415 0.8074916661454911 0
1913 7.262812222571355 0.8925771498012596 0
1914 7.359115341352494 0.9281209197866508 0
1915 6.566441926013138 2.874622035132801 0
1916 6.91618801288484 1.718557210908414 0
1917 5.616075110443644 3.133274516153826 0
1918 5.702689138950039 3.078760960166658 0
1919 4.230640022606429 2.16851306726395 0
1920 4.14394015483206 2.175508815317029 0
1921 4.230722171709827 2.267675145610049 0
1922 4.143994794705359 2.274654709911243 0
1923 4.057005826214079 2.175170027742985 0
1924 4.230667198050509 2.366167880298625 0
1925 4.057010381426037 2.274462968131372 0
1926 3.969931603650508 2.266120438882378 0
1927 7.164481524255779 3.117959938098408 0
1928 3.969045593752256 2.891254443304248 0
1929 3.880998733085977 2.878863866016837 0
1930 3.965825957854193 2.995052334928736 0
1931 3.873167771970107 2.983646363295637 0
1932 3.963323962192915 3.099655480722333 0
1933 3.781755791612817 2.953444725947175 0
1934 3.758337587848268 3.047785724390997 0
1935 3.670196273150934 3.002402808700445 0
1936 7.173363169066909 1.183959597907501 0
1937 5.182231220020284 1.271529518048355 0
1938 2.846276077317141 2.355294997295161 0
1939 4.922521164432407 2.338797868885143 0
1940 4.836253035994991 2.412307462410119 0
1941 4.922790390158256 2.44169683880847 0
1942 4.836562162090027 2.514395881505541 0
1943 4.750478909241248 2.385972225607432 0
1944 4.923116842935148 2.542836841800724 0
1945 4.750311882588028 2.488335283448653 0
1946 4.664060849847565 2.458678726268031 0
1947 9.426552334254559 3.062997740206683 0
1948 9.512800541443577 2.957928617663808 0
1949 9.5128370480216 3.057122934959932 0
1950 9.598321784859573 3.050170755864028 0
1951 9.598206007412466 3.14846743782602 0
1952 9.598114426172872 2.950476030474808 0
1953 4.663994869149788 1.840373486293891 0
1954 -2.20129623985897 1.395808282476493 -0
1955 -2.1248607765844 1.32942054518761 -0
1956 3.113809926670487 0.4677945759604417 0
1957 5.530405066934271 0.6818121294519338 0
1958 5.704420763173345 2.176518315364565 0
1959 5.796300992000949 2.118448039016102 0
1960 5.705049439665091 2.074635017711231 0
1961 3.018881044783763 1.026280528108764 0
1962 5.01034824766038 1.970784650109527 0
1963 2.585853641474021 0.8932130992597593 0
1964 5.702684353929184 2.678541516474071 0
1965 5.702602128207023 2.778886894404148 0
1966 5.789581464759003 2.726686468598631 0
1967 3.562345426193931 1.028436841230387 0
1968 4.490284431863979 3.097896601621464 0
1969 4.403663454143943 3.175111104625042 0
1970 4.490249456457857 3.198830550687695 0
1971 4.403653456366245 3.274642685311701 0
1972 4.490214451835021 3.298801388266752 0
1973 4.403562954939147 3.373084109149165 0
1974 4.489892187780124 3.397278571854939 0
1975 4.317121726170631 3.265251121944245 0
1976 4.317270292690091 3.363682693410361 0
1977 4.230946223306804 3.365421352986214 0
1978 4.23076759987778 3.267936353852961 0
1979 6.570025493306865 2.343824888795453 0
1980 5.096422002198849 3.308564899426154 0
1981 5.009789615657462 3.376060654657866 0
1982 5.096381268753256 3.408571022449893 0
1983 5.009688233520706 3.475904673761387 0
1984 5.096278778951326 3.508502031154064 0
1985 5.008873507508912 3.575186806029382 0
1986 5.095421278368338 3.607630064118387 0
1987 4.922526176286376 3.542027340287631 0
1988 4.919914725114288 3.640910947056844 0
1989 4.834428035917314 3.614518088606198 0
1990 4.835814402907546 3.515176033611317 0
1991 4.830283488148559 3.70837690402823 0
1992 4.747224180394701 3.589458597059275 0
1993 4.909799249121555 3.731179868820059 0
1994 7.694788780601096 2.528432185448333 0
1995 7.781383374131675 2.572276513373177 0
1996 7.868031915218691 2.504236798494135 0
1997 6.135913454646116 3.288565154807721 0
1998 8.214346582060761 2.690286716284474 0
1999 8.907757487153953 1.136403820624127 0
2000 8.734214423421689 1.777030971517285 0
2001 8.820371687146915 1.803092635880656 0
2002 8.733976381587889 1.881457307298176 0
2003 8.819699687727146 1.906968991422987 0
2004 5.182888879874083 3.530675751395944 0
2005 5.182437188681085 3.630452716633508 0
2006 5.269465169401878 3.644443820031959 0
2007 5.267334838903917 3.744840390822564 0
2008 5.355939493898528 3.655148958855479 0
2009 5.353611809760542 3.758197944807248 0
2010 5.439743995962464 3.776150238218173 0
2011 5.430914626634241 3.886694232445868 0
2012 5.526270912881847 3.802452631563162 0
2013 5.522183044853957 3.912460334099827 0
2014 5.614063443445375 3.838434216232015 0
2015 5.612942428606274 3.943470832959122 0
2016 5.701611959513111 3.881595822655746 0
2017 5.701219390189905 3.983499600604878 0
2018 5.788683007231223 3.928681594357839 0
2019 5.788529791916869 4.029225366819985 0
2020 5.87547855979929 3.976882692651563 0
2021 5.875423550620274 4.076850157473457 0
2022 5.962150007357937 4.022273874635933 0
2023 5.96214238690601 4.121660484382973 0
2024 6.048771086858985 4.059587852770103 0
2025 6.048785910186607 4.158689088889743 0
2026 6.135374450564703 4.087823772028655 0
2027 6.135394847532428 4.187314534285751 0
2028 6.221972327049889 4.213263139326807 0
2029 6.221993298279842 4.315014955536833 0
2030 6.308528316817422 4.244666928147958 0
2031 6.308466015277847 4.345916622666719 0
2032 6.395081407151197 4.284457991679889 0
2033 6.394957841158643 4.385183867430309 0
2034 6.48165831133047 4.329960225745063 0
2035 6.481790129678762 4.229606671550411 0
2036 6.568635740856505 4.277325616895789 0
2037 6.568391461648532 4.377487561410083 0
2038 6.655739122384102 4.322895794407237 0
2039 6.655425868767159 4.423065108162712 0
2040 6.742724198090352 4.360969288020032 0
2041 6.74260027819975 4.462067340010195 0
2042 6.829276809647267 4.389016471362276 0
2043 6.829158007097038 4.492122935830329 0
2044 6.914821051273059 4.514674051580533 0
2045 7.001069794082998 4.53192955266232 0
2046 7.000327932270154 4.637673056845578 0
2047 7.08944099051656 4.546838944323765 0
2048 7.087408077398457 4.650477764882979 0
2049 7.174633052866749 4.667083900822576 0
2050 7.173617072720067 4.7682063635259 0
2051 7.261615456511865 4.691002373746835 0
2052 7.259689372752008 4.79020429406888 0
2053 7.348290857211908 4.716247919721713 0
2054 5.520080867978854 4.025323229108314 0
2055 5.179588208182672 3.728368703813949 0
2056 7.346465765081137 4.815010301337823 0
2057 7.434837578403874 4.73486276947603 0
2058 5.342707896106093 3.860569158130946 0
2059 6.742426043056759 4.564086861535053 0
2060 6.568308823085292 4.477100690457759 0
2061 6.135432322954732 4.288631480683205 0
2062 7.266074648546429 4.591062891546065 0
2063 7.094929538364621 4.441972322723974 0
2064 6.831373679663979 4.290001304828419 0
2065 6.308564182692585 4.145321905805158 0
2066 6.569983863669517 4.176333595370838 0
2067 6.135401433417895 3.988829325233059 0
2068 7.434074823572627 4.834950736420595 0
2069 7.521767992313809 4.848955001538535 0
2070 7.521332309735569 4.951808847127269 0
2071 7.608366908459728 4.860639292235553 0
2072 7.607576981344645 4.756088956295566 0
2073 7.694020852355495 4.876375604711619 0
2074 7.694456075107428 4.983158798713544 0
2075 7.780957898039325 4.898924205497748 0
2076 7.781362431586522 4.792898149628504 0
2077 7.872324672786213 4.816697411129693 0
2078 7.874621327135216 4.926066884878382 0
2079 7.967281178954554 4.824122949668148 0
2080 7.994102765675215 4.953548876094409 0
2081 8.087597256857807 4.898630620215448 0
2082 8.061206597439924 4.807920570102521 0
2083 8.145957711824325 4.868351699399671 0
2084 8.162397780908055 4.788516999421911 0
2085 8.142661846241154 4.968587531876111 0
2086 8.196817907955641 4.906521593164713 0
2087 8.209379669393273 5.025319938777054 0
2088 8.26489592105349 4.957777889823278 0
2089 8.261846397565101 5.08616981191207 0
2090 8.350213086076016 5.0152218464217 0
2091 8.373928498261336 5.128751574396068 0
2092 8.375402438762604 4.924920609814697 0
2093 8.211492012585973 5.121059145119393 0
2094 8.46618835089976 5.100005935246841 0
2095 8.471710311186204 5.204584313017091 0
2096 8.049662260575051 4.708555363075623 0
2097 8.138534754122004 4.685164221664974 0
2098 5.700789036424742 4.085052278674721 0
2099 5.875255031827711 4.175889388978286 0
2100 7.435141016395924 4.635761683497537 0
2101 7.870552240095503 5.033560298786723 0
2102 8.55845356288167 5.196506804708216 0
2103 8.559580425637819 5.301825024808324 0
2104 8.644907024892211 5.209504507493577 0
2105 8.644059234710834 5.314385034878 0
2106 8.732035450533431 5.236363520921285 0
2107 8.226065498696418 4.736637670353592 0
2108 8.224256929167387 4.666061544105824 0
2109 8.324859116196206 4.668404564388606 0
2110 8.305922267452914 4.552941348414893 0
2111 8.389502697567796 4.627681671917763 0
2112 8.218044756814614 4.566643986442611 0
2113 5.962194431286444 3.921030748890485 0
2114 4.144614011122286 3.277693434228143 0
2115 5.528268593809528 3.699437679079133 0
2116 8.907528518181552 1.637080616808933 0
2117 4.576731614720862 3.330941304402024 0
2118 8.502016631770656 4.365873606438417 0
2119 8.64808651113 0.8550410226402576 0
2120 5.789577913763539 2.826852519068958 0
2121 7.965431266713851 5.075491026361018 0
2122 8.733994391825737 1.987426895793649 0
2123 8.819548444169863 2.011876190075213 0
2124 6.050754045232474 2.841116494569705 0
2125 7.002653791554661 1.72148770144803 0
2126 7.347186857731095 1.669800330569808 0
2127 7.261591023931317 1.651082768573031 0
2128 6.672323518658549 1.448103068921731 0
2129 6.655538358543883 2.367681827233014 0
2130 6.569526874801171 2.24005268513107 0
2131 8.819974776132227 2.115998235357158 0
2132 8.734197073075935 2.092984825025895 0
2133 8.820332333238261 2.218777863914391 0
2134 8.906499996147987 2.146343610823013 0
2135 8.906876252426571 2.248335705185166 0
2136 8.820522946229865 2.320724592661941 0
2137 8.90708873344113 2.349394495360735 0
2138 8.820592468868965 2.421414885523224 0
2139 8.907174793490029 2.449720847545098 0
2140 8.820601758708856 2.521314762912762 0
2141 6.917185982977457 1.62022800401105 0
2142 7.954782678369725 2.218209443551205 0
2143 7.954830364740691 2.128968382083266 0
2144 8.907190046435606 2.549612331806733 0
2145 8.820582403732381 2.620261263268099 0
2146 8.734017423905915 2.49895185780488 0
2147 8.906361667100748 3.946079749287144 0
2148 5.35663883527679 2.134767334550877 0
2149 8.733878150771933 4.105109031492578 0
2150 5.443236193908464 2.054201052571843 0
2151 8.820291053742297 3.416105965781969 0
2152 3.546223983146146 1.111349795561679 0
2153 2.15280138278621 0.8680566468559465 0
2154 3.192314658222491 1.126188558370248 0
2155 2.759033674551532 0.9781542678600715 0
2156 8.993344282659663 3.781498847328168 0
2157 8.733990697351119 2.59762783260968 0
2158 8.730662501391981 5.338353648511069 0
2159 8.8192628976183 5.265484400573321 0
2160 5.011186681631235 0.3970791042616156 0
2161 2.763934958958699 2.352051130816792 0
2162 2.853873566222415 2.429766419769619 0
2163 1.374280231859819 0.3370063177841636 0
2164 6.914846951298586 4.621102149811389 0
2165 2.943556177765807 0.3849232679999102 0
2166 7.265658805020768 0.3472950275548797 0
2167 4.837870712374473 0.3601911844889826 0
2168 4.751470405255332 0.4498889369791123 0
2169 -0.8474242321428552 0.3680133681384763 -0
2170 6.308176318203667 4.447044900781859 0
2171 4.751665846230217 0.3512955896779278 0
2172 4.665573671854062 0.3376200686169578 0
2173 4.665103621616193 0.4340184111196075 0
2174 4.578424722401723 0.4078173103514842 0
2175 4.576858271609794 0.5072111621623345 0
2176 4.485495766261414 0.471395339607439 0
2177 4.489852094075029 0.3699955376119379 0
2178 -0.3698268678597433 0.320832810731404 -0
2179 -0.4468886499934621 0.2847178819482783 -0
2180 9.596734996831891 5.053213507263132 0
2181 9.596213776601994 5.152963133734955 0
2182 9.511282331628864 5.160212759390483 0
2183 9.59587353421707 5.25264215912652 0
2184 9.51114373919426 5.259534239678155 0
2185 9.596091375831879 5.352525263066413 0
2186 9.511311363593297 5.359272383964692 0
2187 9.596977226215461 5.45214596733932 0
2188 9.512182982334412 5.458426147833729 0
2189 9.426711884062044 5.470443550969646 0
2190 9.598070261756344 5.549589658275166 0
2191 2.06870889559184 0.342879315176438 0
2192 4.185025584193626 0.4008269533599518 0
2193 -0.01453658802613844 0.8127352119611402 -0
2194 0.02888393474678742 0.771102622389588 0
2195 8.818258439163438 5.364730240748271 0
2196 8.906188552307785 5.289359901586503 0
2197 3.4624555371993 0.3427429451801964 0
2198 1.966579661632134 1.82714655391467 0
2199 -0.526182466299883 0.3542966964695535 -0
2200 1.03023037676573 0.3989281446653828 0
2201 1.543032858292777 1.410957598514614 0
2202 3.118303967217916 0.3714566365518543 0
2203 -0.447462794201204 0.8799959938776694 -0
2204 -0.8726252481719464 0.8702160509749806 -0
2205 7.342090855845871 4.909820529329285 0
2206 -1.556577994565861 1.158747560466251 -0
2207 -1.650389054107473 1.185097774501428 -0
2208 -1.747165105791696 1.133485631599638 -0
2209 -1.755480451536871 1.220823178745018 -0
2210 -1.847480463787001 1.182007212806013 -0
2211 8.384192213886848 5.230195694829345 0
2212 -0.5161506462020271 0.887941327831115 -0
2213 -2.655183294335675 1.378208763608915 -0
2214 0.383269695863601 0.464422270975619 0
2215 0.3792155035788178 0.4145856463505128 0
2216 0.4345383289977507 0.3497447876319125 0
2217 0.3077462678414612 0.4549928128812422 0
2218 0.3664736662946385 0.3126869215275718 0
2219 7.087723544221724 4.754927632622344 0
2220 -0.278378448418211 0.3769610969270407 -0
2221 -0.2996021030360017 0.2907334998731501 -0
2222 -0.1954917981308402 0.7321635226782147 -0
2223 1.802674266091965 1.716000553224324 0
2224 1.727536825420793 1.655585193253372 0
2225 8.639195200230141 5.413762450194276 0
2226 2.791970392118906 2.475563667854208 0
2227 9.680272179417642 5.440911788691564 0
2228 9.679371549697366 5.14246048490137 0
2229 9.682701983532164 3.836886015801315 0
2230 9.682544896457278 3.735783592422643 0
2231 9.59811636277362 3.747490391779378 0
2232 9.682510292825146 3.635163898460066 0
2233 9.598065953687399 3.646800012932395 0
2234 9.682468117090034 3.534847210540125 0
2235 9.598057610000545 3.546473518293458 0
2236 9.682468009262998 3.434717110919574 0
2237 9.598075209549179 3.446221011028578 0
2238 9.682467779859193 3.334777208498981 0
2239 1.806558824462857 0.3714233104610009 0
2240 9.681830320711084 2.937991722840781 0
2241 9.681078693175992 2.837665736603403 0
2242 6.316578328830426 0.3344388282504758 0
2243 4.825791621937017 3.774444796162623 0
2244 -1.849565918062275 0.309968385984198 -0
2245 -1.92218066341957 0.4215338779767366 -0
2246 1.28983805805477 0.3135356489026675 0
2247 1.353930009301529 1.359338462047253 0
2248 1.263683363825029 1.308835784741375 0
2249 0.5779201882540804 0.6158145749933102 0
2250 9.681271247871475 5.538294980872619 0
2251 7.181810960707252 0.3246949856716635 0
2252 9.682629876469779 3.936573181635501 0
2253 9.431203782857198 5.566878417772355 0
2254 9.340714965352065 5.491460873877648 0
2255 4.231802647118281 3.460223583309197 0
2256 4.317889967959959 3.458575168278449 0
2257 -2.153189565916238 1.456061907630481 -0
2258 -2.079679761746347 1.401838995290054 -0
2259 -1.587551791759008 0.3281165671588046 -0
2260 -1.485560474454861 0.3938146603940579 -0
2261 -1.813169341206178 1.288419353204874 -0
2262 1.460075571417874 0.4460411974029956 0
2263 1.45991557772425 0.5470765930262067 0
2264 1.278657627327581 1.217139578106713 0
2265 1.175342384374652 1.255911060105952 0
2266 -1.447943153517419 1.068389643049584 -0
2267 1.721000421273353 1.386850291125322 0
2268 -1.90994322077949 0.5177847956666064 -0
2269 -2.007475979958092 0.4358225894168642 -0
2270 -2.012368929853831 0.3410925244336416 -0
2271 -2.09409647933844 0.4454997518675758 -0
2272 -2.08296491885811 0.5441920803481481 -0
2273 -2.182777216210845 0.4494957006339849 -0
2274 -2.190443527557897 0.351217491796237 -0
2275 -2.270509641217155 0.4520712122980474 -0
2276 -2.261882634949457 0.552018042659832 -0
2277 -2.344557009991374 0.556370824693778 -0
2278 -2.337833047092599 0.6255175940894608 -0
2279 -2.424726946811999 0.5813705150235793 -0
2280 -2.447215774077203 0.4837369505610318 -0
2281 -2.56024686189929 0.5199613722211776 -0
2282 -2.508271147409539 0.6288431935514436 -0
2283 -2.552871879250956 0.3856472737343764 -0
2284 -2.638943645351322 0.6141316663745939 -0
2285 -2.59189917976906 0.6873843485925116 -0
2286 -2.27914146913177 0.3540992293035523 -0
2287 -2.692561588189937 0.6609587796688394 -0
2288 -2.689267940928825 0.7399869855024679 -0
2289 -2.468334973244008 0.7138365432143018 -0
2290 1.718912688790506 0.5579557439147476 0
2291 1.892373790463642 0.6899703115714015 0
2292 2.047394379182285 1.549598681800171 0
2293 2.373039004258934 1.770031127506036 0
2294 6.395529791730889 0.8634872414849761 0
2295 3.364987973915444 1.926202535516469 0
2296 3.451810439147264 1.975318031283934 0
2297 6.655895881773711 0.9839001115901664 0
2298 4.663752824389795 2.558640592562369 0
2299 4.577199670239149 2.524425846216093 0
2300 5.270050847164178 2.847410851804827 0
2301 5.184096199876688 2.730684703701634 0
2302 5.184420797160124 2.625787396862584 0
2303 5.097008060351038 2.706476322584667 0
2304 8.556935157366111 5.094640884619612 0
2305 6.050364720413809 3.054903621296122 0
2306 6.222764480427341 3.31427350042639 0
2307 8.04106210167271 4.611005397765847 0
2308 5.963456555618238 3.017724245307774 0
2309 6.732683947077853 3.345512124811079 0
2310 5.616010635142827 3.033709655472146 0
2311 9.51206684898111 4.557647987704163 0
2312 9.5978493587083 4.552067888696648 0
2313 8.820403413719196 3.118344221665599 0
2314 8.733847275489167 2.995465268837154 0
2315 8.733885208551358 2.894838721705469 0
2316 5.17886253691746 1.663229678391184 0
2317 8.474061460870772 2.937718051031829 0
2318 5.015420807635495 1.437984665268056 0
2319 7.428771571213188 3.340065755193064 0
2320 4.576138897426993 3.42922935053313 0
2321 8.127516870552389 3.293357736113481 0
2322 8.993734105975113 2.781800772126649 0
2323 3.971009948167964 1.100545078461767 0
2324 3.970679263455589 1.201316592114305 0
2325 5.442616983395277 1.444808212260295 0
2326 3.691941952776594 2.910656733328956 0
2327 3.581636181661203 2.954091362667657 0
2328 4.577563345809695 2.424437536068913 0
2329 4.490587031716199 2.492953064643792 0
2330 3.372854038969918 0.4324043669111073 0
2331 8.387353149457446 3.217734999163327 0
2332 3.881843774551876 1.528296431330932 0
2333 3.881795487817621 1.468729555926825 0
2334 4.151176831200631 0.576867096034014 0
2335 7.694455191454979 3.326744354832823 0
2336 4.3151229513908 1.536498811236389 0
2337 4.838510018528695 0.5635534819302118 0
2338 5.789997209674567 1.310131761983286 0
2339 5.356615120950174 2.645175632798491 0
2340 5.2704532913975 0.687852214680187 0
2341 3.46470030552055 1.072645961036175 0
2342 3.456259875959946 1.168814879441617 0
2343 5.443763484856626 0.5423398235261496 0
2344 5.443351537644724 0.4414004651927298 0
2345 5.529465132133812 0.3816731549906137 0
2346 3.659471994582812 0.5922316793252886 0
2347 4.483079080855814 0.5770021609363425 0
2348 8.906970685235693 1.839101574138904 0
2349 7.7793831635167 0.8492475953622074 0
2350 7.780777684767855 0.9556829006203147 0
2351 3.884959763765904 2.045024496657959 0
2352 3.798318701768398 2.128015347694062 0
2353 3.713372369404545 1.996266031508195 0
2354 3.712780980395811 2.100829752854479 0
2355 6.136884825633187 2.651575973037273 0
2356 5.702001404816277 3.780501486616561 0
2357 6.743000686940356 3.035787274195366 0
2358 6.835342146915224 3.048542194167895 0
2359 4.371096227760678 0.540409401472467 0
2360 5.963107193203022 1.56244198286395 0
2361 6.562287249214267 3.208037155087327 0
2362 6.482746859985125 3.197168407722998 0
2363 9.079591665934997 4.020729072673427 0
2364 9.339515249944373 5.392429429834245 0
2365 9.252918690614008 5.41351978702512 0
2366 8.992153940110491 4.08422098799743 0
2367 7.867975823117045 2.603414596393115 0
2368 6.574314326150138 1.519180422117616 0
2369 7.954603518246516 2.51595525623916 0
2370 4.40333880640596 1.561501871589249 0
2371 8.73404499468667 2.298563456060331 0
2372 5.268082087251106 1.83171924172791 0
2373 5.794052130088624 2.012195290547147 0
2374 5.704776597584232 1.972187555673546 0
2375 5.882107459825787 2.038051294191886 0
2376 4.837862596268844 1.695715459667418 0
2377 4.925321783621986 1.732429335527662 0
2378 3.105419216432729 1.176303520110357 0
2379 2.672406790353494 1.032999592425998 0
2380 4.144479331907529 1.172613435183315 0
2381 8.820223288242072 3.616439113014077 0
2382 2.238958860715924 0.89245971864286 0
2383 3.626342750586373 1.311791631602951 0
2384 8.73363400608571 3.694897912010388 0
2385 8.647137909759397 3.778052176044885 0
2386 9.165550616885179 4.254128209392412 0
2387 9.162855620184713 4.354188915662446 0
2388 9.250918776898457 4.37023376369592 0
2389 0.0005010381086170491 0.7241614497303728 0
2390 0.7020899239753484 0.4981765825419209 0
2391 4.881372274624752 3.805065547082038 0
2392 3.547279636544411 0.346265824801664 0
2393 3.628153663387985 0.3492495992121931 0
2394 7.859818933337915 5.132334804612505 0
2395 4.097792326387037 0.3469762938902425 0
2396 -2.203027119644338 1.494604245154723 -0
2397 0.557156027400229 0.787387224501493 0
2398 8.905712556711476 5.387483300962807 0
2399 8.992627901571817 5.40629536918035 0
2400 8.989412496661281 5.502557642969021 0
2401 5.44285041629496 0.3417800365071146 0
2402 6.146327172040391 0.3680840794973912 0
2403 6.054574011231135 0.3607121463498846 0
2404 0.7495950692582192 0.4224277989402437 0
2405 0.7725993605681849 0.3461108606250803 0
2406 -2.706947532411158 0.562414962398856 -0
2407 1.459874803588151 0.3488463631475876 0
2408 2.154270516882777 0.3655487087140165 0
2409 0.4191464452985858 0.2404612762545608 0
2410 0.5274350341356439 0.9753902202538033 0
2411 -0.566447218186838 0.872354234301145 -0
2412 -0.5681148118648968 0.9295704310108679 -0
2413 3.374962706054054 0.3287411309937052 0
2414 -0.9410769101959682 0.3318331004869551 -0
2415 -1.182842738018876 1.012571824069315 -0
2416 5.529155777547139 0.2847647750297504 0
2417 0.1337412031327914 0.2278962555149738 0
2418 2.682630099081133 2.469079988187045 0
2419 9.253403355807755 5.511731088273862 0
2420 3.727778698271439 3.131829316774789 0
2421 3.790203679244355 3.158719566281955 0
2422 0.02844557633061869 0.8137782248079743 0
2423 0.07300027068573577 0.8066185432237891 0
2424 0.06785405894681824 0.7604100881441114 0
2425 0.1171223123360533 0.7957203816798506 0
2426 0.1232906314742616 0.8423606221853773 0
2427 0.1634446810606651 0.8351193709477229 0
2428 0.1651916955324971 0.8671378016329063 0
2429 0.2022749428100355 0.8416097506920885 0
2430 -0.05446649267605936 0.8432102263528012 -0
2431 -0.4986298702959296 0.2698895233639872 -0
2432 -0.581544745958988 0.3115588347264141 -0
2433 9.682102031867798 4.542648875477102 0
2434 9.682109019053955 4.441557593994731 0
2435 -0.2170923020671589 0.3238498151238331 -0
2436 -0.2324578759764197 0.2644215857819599 -0
2437 -0.2765673718487368 0.7965287580207837 -0
2438 -0.268618521400247 0.8521795226766573 -0
2439 -2.45437750077848 1.557143253932246 -0
2440 -2.524954745086844 1.663520294976477 -0
2441 -2.632963801644566 1.574146838845059 -0
2442 -0.2036518224197245 0.5336004556327069 -0
2443 -0.2441741219464303 0.5242860202157712 -0
2444 -0.9019313307491027 0.9545908393330672 -0
2445 1.723608143401532 1.767994018202258 0
2446 0.02545688210374295 0.2378325778541537 0
2447 0.1092262475717213 0.5022700887890247 0
2448 0.1550736326460383 0.4575391150400975 0
2449 0.1811780724571145 0.4913618275799163 0
2450 0.190692992826967 0.4355153536754884 0
2451 0.1936665120354436 0.284650805043472 0
2452 -1.464501878815021 1.159604157941698 -0
2453 7.949042423718765 5.177871158053335 0
2454 2.069160376332368 0.2528278116012951 0
2455 4.669411770834561 0.2465828107074906 0
2456 -1.0758092020467 0.3671590946081298 -0
2457 -0.322197203304282 0.8836166491968053 -0
2458 -1.506546080083284 0.3030353307034372 -0
2459 -1.405132274331308 0.3722041472414281 -0
2460 7.836918919369403 5.211794415107378 0
2461 -0.2823952872160677 0.740617298325879 -0
2462 -0.7522958354109749 0.9028038569032526 -0
2463 4.124191407906367 0.2711886954927164 0
2464 4.207722892333165 0.3185585842841305 0
2465 -0.9603972203379817 0.9065820370843497 -0
2466 4.235283694402522 3.548078161485283 0
2467 0.3300842561323538 0.2235677008036498 0
2468 -1.265734496172021 1.082153760894012 -0
2469 0.9448257839825155 0.9476282605601967 0
2470 1.027120803448188 0.9834141361052597 0
2471 0.9403558457278741 1.032781498455275 0
2472 1.02161857420873 1.073325617613123 0
2473 0.9270352474663077 1.111110467039598 0
2474 0.8505167274835507 1.073164323255906 0
2475 1.006216171012463 1.155444707949252 0
2476 3.706994236314788 3.210850721355374 0
2477 -2.786184259491499 0.7051295998266842 -0
2478 1.19040858188425 1.167074715377729 0
2479 1.118118713615562 0.3358332087515976 0
2480 -1.372183831865854 0.9070237531656207 -0
2481 -1.392358607441969 0.4374581412959874 -0
2482 -1.31944616307603 0.3680156019253727 -0
2483 9.597714327175582 4.450862965136617 0
2484 9.682141095095934 4.34079620530584 0
2485 6.308823673141895 0.9536057433558245 0
2486 4.056917499295646 2.474730141575041 0
2487 6.053693710574838 0.4604404943932877 0
2488 5.965621606618867 0.4495903541244562 0
2489 5.966608183836132 0.3527795052369979 0
2490 5.879607162821722 0.3381979714832546 0
2491 5.882945536780964 0.2485537212272263 0
2492 5.794337720546066 0.31171658588929 0
2493 4.750237849940062 2.587172462641388 0
2494 3.364937415878763 2.026230734469713 0
2495 3.278294014504292 1.97634447687839 0
2496 3.451713471276595 2.075517354719692 0
2497 6.745346318028058 0.8996458043207619 0
2498 4.577085425461961 2.625405489428189 0
2499 5.183541732419785 2.831197884271707 0
2500 8.81964510857029 5.162577464683162 0
2501 8.820328389927132 3.317010489437529 0
2502 3.970353263054012 2.366996921590236 0
2503 3.883928637334781 2.353225234232735 0
2504 6.625306782887339 3.403680033759208 0
2505 8.993723044604607 2.385133152928269 0
2506 7.642142794845722 0.9552526757459935 0
2507 -1.808826088780914 1.100709880120148 -0
2508 -1.908952985323841 1.153847359448142 -0
2509 9.512417166398183 3.653468955263702 0
2510 9.248067825416383 4.691065514236574 0
2511 8.294554869440029 4.44510363184949 0
2512 8.203559458850295 4.463276587742741 0
2513 9.597493242894487 2.84955027323142 0
2514 9.680296530492589 2.737714124139494 0
2515 9.596993082649462 2.749131926623396 0
2516 9.679804613025375 2.63825378559651 0
2517 9.596654812101692 2.649047311846199 0
2518 9.679626732656612 2.538918145975046 0
2519 9.596493060378815 2.549382194382021 0
2520 9.679588812482585 2.439463233017095 0
2521 9.596425887461219 2.449722079029033 0
2522 9.679611433495776 2.33972458906837 0
2523 9.596440704748522 2.349768082018329 0
2524 9.679739780953794 2.239569871709335 0
2525 9.596525531753493 2.249568983488039 0
2526 9.679985104043981 2.139019894050293 0
2527 9.596674526321509 2.149135461408121 0
2528 9.680486634664717 2.038157018333141 0
2529 9.596990281544853 2.048647456085391 0
2530 9.681280438886905 1.937124470823351 0
2531 9.597463500918401 1.948319356852074 0
2532 9.681952459191955 1.836242869161447 0
2533 9.597907138114953 1.848069185502086 0
2534 9.682176869676832 1.735759239980639 0
2535 9.59821001001181 1.747932906306883 0
2536 9.682190594005558 1.635670565916329 0
2537 9.598388100646686 1.648103778190777 0
2538 9.682236448123469 1.535793145398294 0
2539 9.598498477553836 1.548535895989852 0
2540 9.68230032392947 1.4359295707276 0
2541 9.598585672081176 1.448941206968178 0
2542 9.68233140670748 1.335985526811932 0
2543 9.598632694448675 1.3490332359907 0
2544 9.68223006590671 1.235947034657698 0
2545 9.598578783895112 1.248748664828178 0
2546 9.681786272014813 1.135909501825928 0
2547 9.598284885618794 1.148194318057399 0
2548 9.680629569159075 1.036161396650924 0
2549 9.597499701036748 1.04778706496533 0
2550 9.678224447866567 0.9373081370339941 0
2551 9.595842378321102 0.9482938686888844 0
2552 9.673396078899385 0.8407779268200367 0
2553 9.592791395625744 0.8508821801399046 0
2554 9.663870049031312 0.7508591328882196 0
2555 9.587588498693098 0.7584621765074142 0
2556 9.507472034433007 0.7604958039446932 0
2557 9.505844121764696 0.688219989716108 0
2558 9.57808938856066 0.6592644335529423 0
2559 9.506317204257028 0.579514711479107 0
2560 9.427776198333417 0.6507405391527936 0
2561 9.457458067029277 0.5116049960499193 0
2562 9.37586749970168 0.5548931198691961 0
2563 9.344470328289386 0.4616184540292346 0
2564 9.235094579515616 0.4935092773712077 0
2565 9.513452405691964 0.4824492765713389 0
2566 9.242338998103325 0.3689136032471574 0
2567 9.134119404350264 0.4459047429623402 0
2568 9.321894594149237 0.6861279640560536 0
2569 9.330496241031508 0.3596635890973559 0
2570 9.154995634354387 0.3513893309739253 0
2571 9.048769316568372 0.4057698982775868 0
2572 9.111268488337915 0.5338550468099812 0
2573 9.026767520782874 0.4921331773813046 0
2574 8.968976277799495 0.3652889234285036 0
2575 8.942784958904593 0.4452697958513525 0
2576 8.922756911245603 0.5366277971967768 0
2577 8.832603618738748 0.4950989805253357 0
2578 8.825467298985197 0.5971120129366997 0
2579 8.737075515687042 0.5714733716258732 0
2580 8.740439892657619 0.4707282898689802 0
2581 8.65005269859855 0.4583390506687993 0
2582 8.651177102901073 0.3593680731182447 0
2583 8.562549822191489 0.4496977052199836 0
2584 8.912472964574514 0.3337174386860275 0
2585 8.649374965596369 0.5571632075165357 0
2586 8.563671514797448 0.3530507624278479 0
2587 8.476985917507912 0.3403209784576675 0
2588 8.47588412113136 0.4350358881337162 0
2589 8.389244017414319 0.4090315569699452 0
2590 8.391611878336947 0.3133938509997923 0
2591 8.302305778632064 0.3710759830172086 0
2592 8.306524393825265 0.273083959671329 0
2593 8.214935709973092 0.3278303875965237 0
2594 8.218116061713021 0.228379794644662 0
2595 8.127778651329873 0.2847176926589357 0
2596 8.992570314622483 0.2880588282642763 0
2597 8.654313696571979 0.2632390687857852 0
2598 8.388594671130546 0.5067579847917526 0
2599 8.913731338092584 0.6363482872796079 0
2600 8.214797011975639 0.427109844493453 0
2601 7.608186969567485 2.484233161212345 0
2602 7.608164771179233 2.583942023869533 0
2603 7.521576881456472 2.546188867566502 0
2604 5.70328059282598 1.670645100759479 0
2605 6.569600140517867 0.9798986933598915 0
2606 8.47531218728472 0.5309176807860664 0
2607 8.560475092058642 3.761727324648016 0
2608 6.79814299244328 1.308522589114534 0
2609 7.181198666434201 1.538344933899513 0
2610 4.317382291394355 2.264903722454917 0
2611 4.317341095718333 2.364363366311519 0
2612 8.387428705133887 3.017699736622843 0
2613 6.394600326191602 4.486107941154547 0
2614 6.307317129875388 4.549160162098407 0
2615 6.394030897363666 4.588040337546837 0
2616 7.877942021599865 2.11246703948285 0
2617 7.955026641821837 2.064626576282581 0
2618 7.899478815736082 2.030445633828446 0
2619 7.952849946677119 1.938622607722095 0
2620 7.838491945249948 1.8932516746088 0
2621 7.813664884605132 1.983675692426272 0
2622 7.71897259431612 1.933377619144498 0
2623 7.742442621989279 1.84412457494687 0
2624 7.623126840672663 1.879953769125365 0
2625 7.642381240668222 1.764816966099182 0
2626 7.52819440778908 1.833427869883425 0
2627 7.778708786024962 5.102061036482862 0
2628 8.408044903514465 4.740328015930881 0
2629 8.445001260473289 4.668950244941207 0
2630 8.46647612562017 4.78698273768833 0
2631 5.269160952995396 1.291349468475131 0
2632 4.663246294154651 3.362452518049125 0
2633 5.530160514964405 1.283512787025365 0
2634 6.309616058679486 1.661018960510753 0
2635 3.603666845409451 2.863719995214803 0
2636 3.494212296507321 2.903986397547723 0
2637 3.544621654299617 3.039528470717413 0
2638 3.455973026251137 2.986192295088886 0
2639 3.407913226875974 2.853573585178662 0
2640 3.369561614702074 2.934029049336775 0
2641 3.322083698920217 2.803143886691745 0
2642 3.284020313022164 2.882540570696711 0
2643 3.235921957332043 2.752532470735815 0
2644 3.198715281654105 2.831345280214508 0
2645 3.149103969164412 2.701521782143462 0
2646 3.344127038323249 2.715111822635577 0
2647 8.115207252523215 4.492776150638222 0
2648 4.490821482418669 2.394149001851726 0
2649 7.002990370232093 2.836570957701376 0
2650 5.789352604572872 3.127094189331431 0
2651 5.789437483407045 3.027070117241747 0
2652 4.578181201639438 2.325239631059965 0
2653 4.750844165289106 1.667464911448419 0
2654 4.577668215170262 1.117157881721533 0
2655 4.49100475274185 1.189676896100681 0
2656 4.404402486691979 1.164658560673109 0
2657 4.402434891419667 1.664007156193974 0
2658 4.143900751343652 3.178369274952081 0
2659 7.349970323265579 0.4677258061347377 0
2660 7.350784308412289 0.3625162147636115 0
2661 7.436427820407323 0.3733400612981473 0
2662 3.539145302199403 1.921425899004441 0
2663 5.011479503872661 1.336173722126924 0
2664 4.308020426584449 1.749944168862684 0
2665 5.616937252359054 0.9264803528222376 0
2666 2.325968792390653 0.81637942998041 0
2667 5.356104856647795 3.554265855614824 0
2668 2.915551986792916 2.467481169164472 0
2669 2.888273756541196 2.546625515738568 0
2670 7.869556677831151 4.709264725129653 0
2671 7.781041121450261 4.685941168071904 0
2672 7.867449042695236 4.608159101623873 0
2673 7.779680111543602 4.58066349791739 0
2674 2.064443200859155 1.360221685875628 0
2675 -2.459575637868734 0.3756256464343504 -0
2676 4.923186780146103 3.342202119764778 0
2677 5.530350163650072 0.8830426593220526 0
2678 4.487670661738046 3.491503309258611 0
2679 2.929896189815417 1.978435558463639 0
2680 3.018194137940911 1.926618237489477 0
2681 2.930929929415443 1.877132463228338 0
2682 3.018386100450587 1.826448532582136 0
2683 7.529861398904872 1.727731400814954 0
2684 1.979566518949577 0.7166181050688784 0
2685 -2.043728395099078 1.266373697404265 -0
2686 9.597545033940454 4.853761467910983 0
2687 9.681897947954868 4.743609036575999 0
2688 9.681594414138511 4.843203528148192 0
2689 2.845659629208536 0.9266970329195029 0
2690 2.845619189769456 1.026811912156219 0
2691 8.5606486441035 3.862008735669641 0
2692 2.58389877405655 1.597222997812749 0
2693 3.365481804216383 1.525250941528929 0
2694 8.040828465525291 3.508340018915683 0
2695 1.8048600344932 1.824615296665424 0
2696 7.16707268719043 0.8796733011487182 0
2697 7.173501996165935 0.9851176177230486 0
2698 7.079429231858414 0.8863951724620822 0
2699 7.086400394675235 0.9825511006720814 0
2700 7.001863236208338 0.8877605828374894 0
2701 2.849044725065167 0.4303396508961047 0
2702 2.859842693226075 0.3363406942472603 0
2703 6.482633534033816 0.767785317717576 0
2704 2.763873310160595 0.3822536233670484 0
2705 2.775916753870984 0.2900458436032483 0
2706 2.68045344740179 0.3382771716872258 0
2707 2.999188632774636 2.515252110428448 0
2708 2.97530085347613 2.599139888841201 0
2709 3.084435298512406 2.564265893249905 0
2710 5.09601712100215 1.252323953166314 0
2711 -2.646044053588141 0.3783433013249458 -0
2712 -2.640779561052579 0.275409858154933 -0
2713 6.82771414811674 2.410227056929319 0
2714 6.915048102585496 2.320187821520214 0
2715 7.001722289623094 2.423523488554995 0
2716 4.317087241812927 3.066809509413796 0
2717 4.572862839890457 3.524775092777408 0
2718 4.478864479407752 3.576412908204061 0
2719 9.081001072344581 1.118754669757454 0
2720 3.28458989333774 0.9732994904978332 0
2721 6.048920732498108 3.661175927605439 0
2722 2.240352348062248 0.3901117578535242 0
2723 2.239369128920107 0.292828547986985 0
2724 2.327149036946444 0.317060736675037 0
2725 6.489449860511448 1.394632622595754 0
2726 5.180554167995473 1.371977514723059 0
2727 4.055500402120785 2.989428765818813 0
2728 5.357093037572501 0.411397432629295 0
2729 5.356871140713509 0.3104776773870918 0
2730 5.009795209301227 2.474287703266221 0
2731 9.598054160271182 3.34603322003951 0
2732 9.682293412971816 3.235021875840359 0
2733 9.512516557348398 3.353304510438512 0
2734 5.61560647955609 2.833714561972837 0
2735 5.271602787858269 0.2870573198640703 0
2736 5.009703606236998 0.8109869724709342 0
2737 6.483651455252684 2.007063683415242 0
2738 6.396708788349654 2.086969799962339 0
2739 7.521443609378981 0.4937454099883741 0
2740 6.310828848518559 3.342956082594987 0
2741 6.312371428632769 3.241090125337773 0
2742 3.755884301985257 0.468258048840356 0
2743 8.648027041441093 1.761793578677959 0
2744 4.664779554793729 0.5320701610038946 0
2745 6.215602332002811 2.248600545297837 0
2746 4.396455761843915 0.6631085792813499 0
2747 4.48528299249929 0.6842347171803753 0
2748 5.962288933775008 3.721606951640311 0
2749 6.742744337253568 2.931101812149106 0
2750 4.056327018721307 3.19097034352068 0
2751 4.058436925991882 3.28933939534204 0
2752 3.971115771511093 3.300418460364319 0
2753 3.976988109205018 3.391783065576547 0
2754 8.907596457001722 1.537044742218773 0
2755 3.785648185632326 0.3895664383010357 0
2756 3.889577204305668 0.3358443482588858 0
2757 3.802326072822286 0.299377304778859 0
2758 6.221048663223971 4.518399134677189 0
2759 5.875695742293685 3.675546717648506 0
2760 8.994182897890049 1.578804481984387 0
2761 8.994226314262693 1.478158997599522 0
2762 7.090358494830344 0.3988130824979857 0
2763 6.372169276955031 0.3696069611347848 0
2764 8.387421262354849 4.226904936999618 0
2765 7.857830124817178 0.9289054425340977 0
2766 7.860204728146939 1.058411574021532 0
2767 6.48237200457664 4.128818742335455 0
2768 6.573981419436399 4.073999786047992 0
2769 6.667510364087824 4.121434043043322 0
2770 6.483510385736609 4.027378732444661 0
2771 6.577624552797436 3.967028798287755 0
2772 5.876587352600013 2.772259970979488 0
2773 5.876430534595174 2.671156885005538 0
2774 7.954636990674249 2.413757031458571 0
2775 8.647463898226123 3.878939515137824 0
2776 9.425396205201437 5.272419718486833 0
2777 6.309111244138965 2.064340408559221 0
2778 7.692853567604776 4.664055338522545 0
2779 6.828093552562619 2.307120283688909 0
2780 9.51262129248283 3.155117219215519 0
2781 6.049999044731823 2.633988925082239 0
2782 8.994115756840639 1.67892481924227 0
2783 6.559318973040134 2.9765306887036 0
2784 4.561140793822617 3.613381178953768 0
2785 6.453464917539573 3.018065806439231 0
2786 6.048880051249951 3.760600436731112 0
2787 8.993407377896382 2.1834091209109 0
2788 8.993306565663936 2.081852493230646 0
2789 9.252652870562285 5.312081294826342 0
2790 7.914743039237797 0.9734449884211314 0
2791 7.940672023250532 1.092972285707306 0
2792 7.865524293346739 1.166591258427634 0
2793 7.947780668439512 1.168307650548876 0
2794 8.032465256308974 1.174437014380748 0
2795 8.038059100142483 1.280175807786023 0
2796 8.122176012776919 1.197082776837242 0
2797 8.12513545501124 1.30316198988927 0
2798 8.212628931150107 1.234541138782137 0
2799 8.213000895500542 1.337126829315964 0
2800 8.300743197021628 1.274790879637084 0
2801 8.300611655043404 1.374692742558647 0
2802 7.089469016941464 1.825581479612023 0
2803 5.097152870951023 1.903503745417974 0
2804 8.648528651971501 1.968580946971135 0
2805 6.56966377939724 1.719525437134563 0
2806 6.657818841700841 1.646081640210143 0
2807 7.002973033973155 1.622009384911137 0
2808 7.001869254229981 2.323852984998914 0
2809 7.088502889436766 2.430335525764403 0
2810 7.704942250308452 1.72781297371609 0
2811 7.262823550658111 1.85234316081684 0
2812 7.348684147433307 1.873577961332532 0
2813 6.655318186086523 2.263469976080934 0
2814 7.857052236494913 1.795687915239992 0
2815 3.105058093692732 1.876384332323318 0
2816 7.431526926943871 1.590833443746078 0
2817 8.008777363878457 2.034119993233374 0
2818 8.059094287941571 1.909089335325235 0
2819 8.531116223160293 4.750206960363449 0
2820 8.55248438818664 4.879638338650954 0
2821 8.554396212394304 4.633148682184212 0
2822 6.917587490622214 1.526861692095454 0
2823 8.647399584786905 2.577176776454214 0
2824 8.038574836533598 2.210265451606076 0
2825 8.040517254342069 2.307235379208603 0
2826 8.212267632082028 1.131518379913995 0
2827 8.906919754636991 3.34658828638584 0
2828 9.245746848781053 4.581256328770936 0
2829 9.160386392901417 4.69955835134822 0
2830 9.337025316195133 4.574476894359536 0
2831 8.733771805088015 3.195296159417269 0
2832 5.877695422941189 1.937367776719972 0
2833 8.041180010243274 2.508834791045694 0
2834 8.387830150906064 1.308755961548319 0
2835 8.387927090659369 1.208617814360743 0
2836 8.64743512221062 2.478079102012204 0
2837 8.906994935323713 3.147516332613157 0
2838 5.962900442484901 2.054904262975747 0
2839 4.49056061275019 1.589021504375951 0
2840 4.490308017421577 1.689734336950066 0
2841 4.490755437845138 1.488422962316775 0
2842 8.041164991932465 2.610172821618816 0
2843 3.965577693951888 1.396115664424743 0
2844 4.142182209225624 1.370137733909939 0
2845 8.906882045215132 3.446681536397386 0
2846 8.734082374108713 3.999744853594586 0
2847 2.152674185107627 0.9713113690486567 0
2848 2.066578266209745 0.8444414996682834 0
2849 3.192052638857886 1.22626320940816 0
2850 3.105348530222464 1.276315457399952 0
2851 1.8915396571042 0.7916353627621867 0
2852 1.801077584073483 0.7722940255005596 0
2853 2.672321666931411 1.233589001576283 0
2854 2.325505120697214 0.9169656190641802 0
2855 5.183303361873966 1.922084015697114 0
2856 3.882605320069937 1.383701795269952 0
2857 8.647364110764101 2.676074179654149 0
2858 8.733958018113745 2.696048195318369 0
2859 8.647327491240302 2.775213451199758 0
2860 3.018754738304175 1.226312170740749 0
2861 9.154711750297526 4.456262547776059 0
2862 8.82286524359596 0.6984303129924607 0
2863 0.1111259169589906 0.7460944550784968 0
2864 0.05407251918432131 0.7196957746731897 0
2865 0.2039516911946463 0.7953779241002334 0
2866 0.2479151424059657 0.8089783705635479 0
2867 0.2444588864064097 0.859514204372453 0
2868 -2.187850358888054 0.2571256168962221 -0
2869 -2.278372579021675 0.2589062225789763 -0
2870 9.598640998032641 5.642766987378222 0
2871 9.681538309314419 5.633791395091493 0
2872 1.718625863898327 0.2657995615828623 0
2873 -0.3252001240513488 0.6471376669764389 -0
2874 -1.041314673720969 0.2666520227578787 -0
2875 1.034817313402115 0.3035101174297224 0
2876 3.112401305027224 2.779584900834465 0
2877 -0.7579143561257137 0.3864061808633023 -0
2878 -0.8233724196473561 0.2820673752131492 -0
2879 9.763213949971426 5.520913424504059 0
2880 9.765188970946381 3.918824681383825 0
2881 -2.739144569774332 0.8060537945397491 -0
2882 -2.625887784641529 0.8258867277016706 -0
2883 -2.704512352620617 0.889091344917591 -0
2884 -2.633717678142082 0.9363913838552588 -0
2885 -2.713773121702086 0.9971771234837308 -0
2886 -2.627645906257989 1.002759139564481 -0
2887 -2.712338072002544 1.096164012362318 -0
2888 -2.58090209270207 0.8995268627859071 -0
2889 9.764610683733443 3.616374127674249 0
2890 9.764554785359858 3.3163866447405 0
2891 9.761356111797827 2.721128363732982 0
2892 9.760789104880427 2.424063347617684 0
2893 9.761415601716278 2.12330873873382 0
2894 9.763588436142006 1.81842303998758 0
2895 6.397927663393457 0.2918324484507824 0
2896 6.48121271490227 0.3240279073615664 0
2897 4.828229928235018 3.863387201527097 0
2898 -1.603885348359908 0.263935596926365 -0
2899 3.401225332551085 3.060113569830855 0
2900 7.098476770019586 0.3009150569279941 0
2901 7.004628977505624 0.3808503589237908 0
2902 7.440734711398868 0.2722277874714693 0
2903 7.523093695280965 0.3861137313650925 0
2904 4.841942486532992 0.2645035142937935 0
2905 1.140102700011846 1.330504841215735 0
2906 3.632174535898683 0.2621703289874414 0
2907 3.547261296505113 0.2577894215928186 0
2908 2.966744035447185 0.2966201997274224 0
2909 -2.460205325457341 0.2713771776326957 -0
2910 -2.735965272806207 0.3650695938683028 -0
2911 -2.731057957887256 0.2701062729842269 -0
2912 -1.627270359527642 1.275963651165522 -0
2913 -1.764467080073535 0.2811029555431366 -0
2914 2.940318950609104 2.676255145119629 0
2915 0.7733037931469866 0.5184110504557835 0
2916 2.329682806624852 0.2164754436466139 0
2917 2.422548121827593 0.2421868299109395 0
2918 2.769136582941619 2.587172905797338 0
2919 0.4110770490684354 0.1571583895042206 0
2920 0.4869254178884984 0.2106984324357284 0
2921 5.188834345934533 0.2666291267443816 0
2922 -0.5186893518957092 0.931965434000132 -0
2923 0.9455774011235667 0.6751010287286797 0
2924 7.528754347624375 0.2845596935252769 0
2925 7.615014086154564 0.3034084167369677 0
2926 -1.139277223144296 0.332616367617776 -0
2927 -0.2306798917006099 0.8320059763139028 -0
2928 -0.2195407007687248 0.8821959547742588 -0
2929 3.146158937334985 2.901110443173467 0
2930 -1.322962769532958 0.2758965486904717 -0
2931 -2.044981648611083 1.480130694035287 -0
2932 -1.961477128160821 1.430470817024379 -0
2933 8.813279083490922 5.460682051592219 0
2934 4.066378920674012 0.237557596489912 0
2935 -2.615163697750534 1.673734134223772 -0
2936 -2.723385589489943 1.684813015497774 -0
2937 -2.726217104739789 1.567250335954121 -0
2938 -1.859381617731501 0.2471148925841491 -0
2939 1.632016703162883 0.3566741250471798 0
2940 1.546196579901322 0.4508033980788592 0
2941 1.546025039054053 0.5508784428657109 0
2942 1.461125833231963 0.6517755365536656 0
2943 1.546709585294834 0.6533899099041817 0
2944 7.631755738154226 0.210421931476736 0
2945 7.710076705723526 0.2372209363397235 0
2946 7.700639197151963 0.3267928133201456 0
2947 7.787181654118291 0.2570208060994689 0
2948 -1.36445067325166 1.098263837620965 -0
2949 -1.382568795680492 1.17461083155005 -0
2950 1.284216042176867 1.120671383075883 0
2951 1.805505708666469 1.288224550079871 0
2952 1.643488488021266 1.497717214095434 0
2953 1.547110959679789 1.512008278077082 0
2954 1.425323321305302 1.512876677296734 0
2955 1.802257248284826 1.521124748373857 0
2956 -2.269580996316663 0.6695359644302609 -0
2957 -2.35279303424563 0.7405794448595732 -0
2958 8.388372396968338 0.6049071699026937 0
2959 9.511528830555934 0.9556255817663785 0
2960 1.877454116900132 1.479642490741909 0
2961 2.490996297348501 1.670120152952298 0
2962 2.408444705192769 1.546299896395292 0
2963 2.579745391271522 1.696578294449453 0
2964 9.512965107590029 1.656397493377697 0
2965 3.364882408777034 2.126216776882774 0
2966 6.3958221841458 0.968077693105849 0
2967 4.143742237365698 2.471334114116198 0
2968 4.23043985056457 2.564303390990471 0
2969 6.657629466499685 0.883479866025954 0
2970 8.992715111920656 5.308048175874189 0
2971 9.512338712789049 1.955827834580269 0
2972 5.962976619701665 3.119502790527992 0
2973 5.616774650350218 0.3276648011504933 0
2974 5.619696238152827 0.2282968251339068 0
2975 6.487297932668593 3.291236169599875 0
2976 8.094013099053543 4.401019554234896 0
2977 8.481472212718529 4.484667323799751 0
2978 6.049718359789558 3.156816678406615 0
2979 9.59770469178312 4.350623955763376 0
2980 9.682229847387246 4.239848337899501 0
2981 7.261360205156453 1.103218557657442 0
2982 7.349101916819359 1.134641412061202 0
2983 -1.91984661115035 1.05342367410176 -0
2984 9.511850417734703 2.25646362248735 0
2985 7.781342125614764 2.670908896954061 0
2986 7.867933716590441 2.701803501414552 0
2987 7.867419698017342 4.511034057356047 0
2988 5.269796329298693 2.94697231557717 0
2989 6.224239979589851 3.213357617458467 0
2990 7.688506700417642 4.554447810874757 0
2991 6.712041609768533 3.462813152216334 0
2992 6.821181881249883 3.475504269981634 0
2993 7.867546081160615 1.266484200927413 0
2994 7.699278887892085 1.156086097685184 0
2995 9.079354449687099 5.320968258232948 0
2996 9.166125640301381 5.422137175012989 0
2997 9.511806991444118 2.556706310962793 0
2998 6.832853215283866 0.9286211476768792 0
2999 6.84328979060495 0.8314922524533822 0
3000 7.533407389011932 0.9137247173023108 0
3001 7.557063470253763 1.003976950595108 0
3002 9.166940299720732 2.749873120162131 0
3003 6.48448485025737 3.925068800265652 0
3004 6.395753513028879 3.982884211150306 0
3005 5.018796458601726 1.670878076048702 0
3006 9.080305092805474 2.119852610337187 0
3007 8.473928420319291 3.942783974773734 0
3008 8.474023897452053 3.037166311430906 0
3009 6.830318375194098 1.702412459857277 0
3010 3.883672344979016 1.188989852278401 0
3011 5.965414189534151 2.123607908918146 0
3012 6.041164382009013 2.081329674529274 0
3013 7.088601455235502 2.331326033762344 0
3014 7.175267967670573 2.347818177032867 0
3015 7.175178638316984 2.448246613641285 0
3016 7.261879384118016 2.370569766600253 0
3017 3.882992876040563 1.089990185161026 0
3018 6.656808845175661 2.69556411581937 0
3019 5.529449515057467 3.097133974510396 0
3020 5.529332635386843 2.998131779564491 0
3021 3.28349717775137 0.4096461011583801 0
3022 3.29043592287476 0.3086896176709866 0
3023 3.281471779560602 0.5069888677059141 0
3024 5.097100843088817 2.604220394190294 0
3025 5.010073009315931 2.674231487312627 0
3026 5.18415506659791 2.520668263223992 0
3027 5.01006503481497 2.774272674412089 0
3028 4.923382548314525 2.740964419750735 0
3029 5.616897250678936 2.129513450059676 0
3030 4.231201817126345 1.110314654963321 0
3031 3.703597266531897 2.81389651541413 0
3032 5.356150287696317 1.314794251540366 0
3033 4.577629693813643 1.217464777767201 0
3034 4.490962309431151 1.289001413905143 0
3035 3.808338609680887 1.481169638956672 0
3036 4.925240768970895 1.212102996691643 0
3037 3.626007882382459 2.065038917029046 0
3038 3.625576506874705 2.16765428336616 0
3039 3.712067197502334 2.203905362969525 0
3040 2.412591527804545 0.8392088028721477 0
3041 2.412333131984913 0.9395278399369086 0
3042 4.752041794872089 0.7550983926641621 0
3043 5.616973798978905 0.8265872298348806 0
3044 3.816852936196841 1.705145068371447 0
3045 1.983680760408368 0.3192217361025018 0
3046 5.78968256379085 2.525628238120961 0
3047 4.83864718428237 0.772926463405601 0
3048 6.483525292386529 2.317391272407418 0
3049 4.57687435793382 3.129696717844714 0
3050 -2.362879849274649 1.55146582125743 -0
3051 -2.359903811346024 1.645604070057494 -0
3052 5.270272628475087 2.425371771614683 0
3053 5.183016396810157 3.331117957847828 0
3054 3.485226160989483 0.9838021199216538 0
3055 3.279306269140488 1.175699879551257 0
3056 3.278832851616854 1.275715203173099 0
3057 5.270956057330737 0.4872747974604856 0
3058 2.415637037218391 0.3401924731575711 0
3059 2.502778340250025 0.3651716744431961 0
3060 4.663399704450802 3.261824408349578 0
3061 4.749991577057778 3.289047344396935 0
3062 7.000805077184078 0.8224329935252268 0
3063 6.831188602448515 2.942052920614693 0
3064 6.919244919620058 2.943843582704538 0
3065 4.991530821518738 3.763989148919856 0
3066 4.960694193297227 3.842251629006989 0
3067 6.224214625666091 2.770714752098051 0
3068 3.969993060118052 2.164222779708792 0
3069 4.577362754429106 1.617300279454501 0
3070 4.57729528652509 1.716370795122053 0
3071 4.309008529992445 0.5759705373268633 0
3072 4.273707457281287 0.457981281993517 0
3073 4.314252231500895 0.6462922251306524 0
3074 8.056910243873684 5.124488121847101 0
3075 8.042923963231413 5.221085244930377 0
3076 9.080769686738511 1.618202773427508 0
3077 7.86089000518716 0.8613594064145201 0
3078 5.875634408660622 3.775552454438106 0
3079 8.907143881009647 2.746949841582746 0
3080 8.993765874962568 2.683475989688891 0
3081 9.166089329096696 4.152176914987298 0
3082 9.078043454695319 4.221694923870523 0
3083 7.784558886985732 0.3477846757712634 0
3084 7.869000731218842 0.3695097723171445 0
3085 7.869446484748496 0.2757389151986949 0
3086 7.954780215680429 0.3027524216825072 0
3087 5.876643152966015 2.872762082047409 0
3088 7.954972565335874 0.4003604458368618 0
3089 6.396602574162523 1.579838989307325 0
3090 6.30972193880817 1.561400471999334 0
3091 6.307999181303437 2.16587387242729 0
3092 6.220855565080575 2.041939591022228 0
3093 8.126724332434769 2.294049952006966 0
3094 6.483315491232352 2.111752635781127 0
3095 8.560657333651028 2.955368103728857 0
3096 8.560806403811895 2.558411607641194 0
3097 5.356170818089788 1.936819537009957 0
3098 5.442499453026458 1.855114735945961 0
3099 5.012818835575804 1.770943840244778 0
3100 4.924271980186592 1.83200415653641 0
3101 4.231085387451835 1.208509002483046 0
3102 4.750591897436898 1.865192694488628 0
3103 3.541499355149539 1.200803817425767 0
3104 3.453622245664345 1.265963566327192 0
3105 8.993508304285063 3.383555796989236 0
3106 2.758955838052226 1.178637541095836 0
3107 2.845541692081196 1.226932657308192 0
3108 2.06699860712137 0.9470893132376528 0
3109 8.818944450025439 4.126968946120006 0
3110 0.02291234474276441 0.6254704798896116 0
3111 8.979417160328012 4.380686197745732 0
3112 0.09891226539273275 0.6844710685202146 0
3113 -0.4878762540924638 0.5185540252716558 -0
3114 7.354519364414351 0.2656228481053561 0
3115 1.643944195794685 1.705391939371633 0
3116 -0.9552445068868782 0.8339039194097708 -0
3117 0.8977293698950483 1.177490643021443 0
3118 0.9745224616884708 1.224788773242083 0
3119 0.3494802209139787 0.7932756661090681 0
3120 0.3407050084699776 0.8525003855055214 0
3121 0.3987923992933421 0.8707054369177931 0
3122 0.3531382807874356 0.8990209939724505 0
3123 0.399864635639369 0.9371060336033803 0
3124 0.3405764535988945 0.9573663160372267 0
3125 0.2818593692217737 0.9394593863804742 0
3126 0.1371539564155379 0.8831605099333842 0
3127 0.1651033918364575 0.9239800512078237 0
3128 9.761720605810414 5.423433291038823 0
3129 0.345316484142786 0.4940719624095459 0
3130 -0.471898732503399 0.1927458250350672 -0
3131 -0.5494160182129966 0.1774532269365694 -0
3132 9.764277746165545 3.217197168393755 0
3133 9.763904369651417 4.527577096673493 0
3134 9.764084687703562 4.325777482051801 0
3135 9.764306925960453 4.224704886828592 0
3136 9.682310261878721 4.138355161513735 0
3137 9.764654272089832 4.122614915024694 0
3138 1.808596596248404 0.2766392837654311 0
3139 -0.1954199177885651 0.4860590931435428 -0
3140 4.749898184028404 3.815474644980193 0
3141 9.763215233166257 2.919979932596028 0
3142 9.763883994609373 3.019172277520387 0
3143 9.76288860547495 1.517862645679482 0
3144 9.762813369800909 1.317904264125371 0
3145 9.762104756543552 1.118264481099752 0
3146 9.758017057813547 0.9210350158800962 0
3147 5.969175329004174 0.2589121445885914 0
3148 1.641954101075756 1.817154595151417 0
3149 -0.3077529445251446 0.2113099916311209 -0
3150 -0.2364628993181978 0.1934120982934265 -0
3151 -0.1738573538719693 0.253820637514759 -0
3152 1.629993971825579 0.263241511552902 0
3153 7.012925341492425 0.2828846904546247 0
3154 6.924972572387874 0.2719750496201041 0
3155 6.940950769656649 0.1790252655776939 0
3156 6.837333992200938 0.2673105487552575 0
3157 6.832532322840858 0.3631461491156467 0
3158 6.749572410907687 0.2649221841685179 0
3159 6.745743210953325 0.359750668845729 0
3160 6.658192496237811 0.3555690214621913 0
3161 6.662800662538947 0.2617316379680582 0
3162 2.512184890642825 0.2700258184315126 0
3163 4.14320136189382 3.468772989030548 0
3164 0.8338317760323917 0.4706429902892664 0
3165 -0.1637184771349053 0.1801114888243498 -0
3166 -0.1522341896006523 0.5046928232412158 -0
3167 8.915625747683144 0.2697404764016811 0
3168 8.834241834931891 0.2671847953101706 0
3169 0.2062878214493091 0.1956750523095484 0
3170 0.12638571779497 0.1527796657363815 0
3171 5.886566819345993 0.1664455671863107 0
3172 7.195360061174469 0.2369699351786728 0
3173 -0.2394478509401523 0.4696869132152388 -0
3174 9.16516442024801 5.519962522881002 0
3175 9.255576409100305 5.611099866081251 0
3176 8.390469287072037 0.2317714741984496 0
3177 -0.6276187171758906 0.8601510554252718 -0
3178 -0.6245193336968818 0.9294182797808734 -0
3179 4.319181755352391 3.54522416415326 0
3180 0.9434371716238935 0.3781277102540124 0
3181 9.763718295772744 4.628018816733244 0
3182 3.907731684730282 0.2434435501204169 0
3183 3.826228617186508 0.2102960643041576 0
3184 6.500749301757636 0.2353278633499316 0
3185 6.320076094507107 0.2715510092466701 0
3186 -0.6349584711107743 0.6841912802712916 -0
3187 -0.1186326661861914 0.2107834021740094 -0
3188 -2.495927470222211 1.749176415776458 -0
3189 0.7061233010506563 0.5791152803919709 0
3190 3.879382247761364 3.307825177542858 0
3191 -0.6039911514226073 0.4026619537661085 -0
3192 -2.823292428751606 1.643176384086687 -0
3193 -0.6515156536751014 0.3330643285753768 -0
3194 -0.6412802783927698 0.2461027909974098 -0
3195 6.218736243585802 4.618737417531438 0
3196 6.134208593434284 4.488899498900002 0
3197 -0.9881920361096664 0.9946091954534875 -0
3198 -0.8865324242456638 1.047035637335736 -0
3199 -1.140030688453247 0.2646036465441799 -0
3200 3.384274332925918 0.2364528030356065 0
3201 0.5653576170522572 0.6805075161230381 0
3202 0.6199098540035453 0.6694221686872107 0
3203 0.6155926103629006 0.7369467682860831 0
3204 4.452337482226917 3.645066563645853 0
3205 4.532786047907554 3.689548426081817 0
3206 8.566612427148032 0.2591124206116224 0
3207 1.126234637650242 0.243079930808026 0
3208 0.9509378223994305 0.2826719292446113 0
3209 4.144529843655301 3.554864568881733 0
3210 1.990173338872243 0.2303516938049171 0
3211 4.22408605332569 0.2341375679001654 0
3212 4.310494670726874 0.2797467538929518 0
3213 2.697542409563864 0.2494796461735534 0
3214 2.800321529258229 0.1901835337893334 0
3215 9.843375782942678 5.505942488115889 0
3216 9.763494285546493 4.828265164553513 0
3217 9.762889645907146 4.928196559041958 0
3218 -0.1779307336882121 0.4402322497602738 -0
3219 1.461027964483886 1.598589514985357 0
3220 9.844518318372868 3.300977897161516 0
3221 9.843692981470657 3.002999900173613 0
3222 4.759716304167793 3.913286499143957 0
3223 0.2550599652087149 0.4949013711099751 0
3224 0.07499747262582472 0.4535805444397552 0
3225 3.885504316921585 3.397403071524629 0
3226 8.662938101166356 0.1723060563984655 0
3227 3.594137451003265 3.188930921088309 0
3228 0.2628666278999025 0.4167251132173741 0
3229 0.9253970192581467 1.27964999333594 0
3230 -0.2808811031857719 0.7053882452114586 -0
3231 -1.150985882682116 1.126981220185074 -0
3232 1.332516504667022 1.575650942039788 0
3233 -2.772540975931064 1.742563517314867 -0
3234 -0.7021776503820023 0.7637403920634271 -0
3235 7.957389247096613 0.2097499527427873 0
3236 0.2912625338030456 0.9973153358011482 0
3237 7.872808401530901 0.187358746847357 0
3238 5.359064005166203 0.2131735832040699 0
3239 5.274554956080651 0.1922202219507893 0
3240 3.622109133743978 3.264865360313428 0
3241 -1.468098785267751 1.242565341418116 -0
3242 -0.9659045724936013 0.2261860516470788 -0
3243 2.235493833069992 0.1951562055283018 0
3244 2.341115460877114 0.1036426622090818 0
3245 -2.169715419250616 0.1679339174786559 -0
3246 -2.094009556144687 0.2554068816946803 -0
3247 -2.263286655243905 0.1687808313133355 -0
3248 0.5515166904159432 0.3346041172221089 0
3249 0.6086508369823609 0.2758383446036128 0
3250 0.3307747834735091 0.1591364607043851 0
3251 -2.808918704880901 0.9706660241054152 -0
3252 0.4978075299876964 0.9213821873574956 0
3253 0.4547594487116267 0.9441944477775799 0
3254 0.4686035283808901 0.9861202194481001 0
3255 0.6389350265606624 0.589493410505781 0
3256 3.312390085094775 0.2133368517687501 0
3257 3.20857896029792 0.2927996141103935 0
3258 2.059451054313434 0.1699449637851859 0
3259 0.5191368511312137 1.032766622670986 0
3260 -0.1856162377621641 0.841377666905387 -0
3261 -0.174349353432642 0.8757538986742582 -0
3262 -0.1284878887007739 0.867101764816737 -0
3263 0.3000418566043032 0.2776495004815692 0
3264 5.530671279748871 0.1900715230220721 0
3265 5.635380628659441 0.11379257743597 0
3266 8.129415013306984 0.1902391630619903 0
3267 8.234423130867006 0.1141332610428789 0
3268 0.3874946035519876 0.5274902527750648 0
3269 4.318980905641923 0.1884667282401866 0
3270 4.408289532287257 0.2282735811397822 0
3271 4.429435114263839 0.1146518931529861 0
3272 -0.2511988406307796 0.1168544149874983 -0
3273 8.844996632099331 0.1761097808902712 0
3274 -2.634281234461341 0.1784267186340102 -0
3275 -2.725438581112695 0.1770332851528498 -0
3276 -2.819955687779298 0.2709373262652247 -0
3277 -2.541769039893878 0.1786489918968117 -0
3278 -0.3261107305375092 0.7002064787147038 -0
3279 -1.072302888258648 1.010203585536805 -0
3280 1.054107509858823 1.274998359971866 0
3281 0.7778469284161137 0.5793230776704704 0
3282 0.1940639812493433 0.3862056749783065 0
3283 0.3811106843427771 0.6067211771186899 0
3284 0.3448315185615945 0.5711505094000352 0
3285 0.8620386585353982 1.000769177781984 0
3286 0.7803335757774937 1.046029467637841 0
3287 0.7615826836379325 1.102999028063155 0
3288 0.8244843084117623 1.135283082592792 0
3289 0.784209255208324 1.185074078605471 0
3290 -0.6668555715274533 1.058524466512132 -0
3291 -0.7365354537862309 1.013623839691818 -0
3292 -1.930482620163746 1.517374669980444 -0
3293 -1.844926709620232 1.475226326040903 -0
3294 0.1247588111201901 0.4181414792327052 0
3295 0.5054481949434497 1.078709414345491 0
3296 0.1213852724248371 0.9354823293120735 0
3297 0.1578415839284778 0.9721694859292844 0
3298 4.52047591061845 0.1836861339244773 0
3299 -1.04871840791974 0.850748525364293 -0
3300 -1.075868811522898 0.7634332217386446 -0
3301 0.4273286340575934 1.033357680813187 0
3302 1.10411680850021 1.118076309881815 0
3303 -0.8079900247231323 1.028328041552466 -0
3304 0.008379411631170354 0.9556409181904938 0
3305 -0.04970049117903538 0.899911529546182 -0
3306 0.01792194629605534 0.907842080436424 0
3307 -1.116693873768112 0.4415048238505269 -0
3308 0.1164054001375155 0.0815729349485904 0
3309 0.02997191977968291 0.08141719139622729 0
3310 -0.01487691884394404 0.1693018663724943 -0
3311 -1.228889208959213 0.2705157413665273 -0
3312 -1.228795105763439 0.1786112589994038 -0
3313 0.4266292546714333 0.956988427923594 0
3314 -0.6085519815687254 1.043860933934958 -0
3315 -0.5623866757579314 0.9822534114741586 -0
3316 -0.2390590118529767 0.7161398494430273 -0
3317 -0.2318978233280271 0.668417477191193 -0
3318 -0.2528488373468814 0.7584182224368985 -0
3319 -1.544583251395643 0.2053119712463068 -0
3320 3.488983552892971 3.116818641641744 0
3321 3.417485240861049 3.182451452086178 0
3322 0.3132931837380207 0.3678458180025507 0
3323 -1.053126248754308 1.18730473459844 -0
3324 0.4057935460210502 0.08027619866217062 0
3325 -0.4818217106846783 0.9008747301280233 -0
3326 -0.4370677179803385 0.9312906991694565 -0
3327 -0.3899308264629456 0.8941724978529505 -0
3328 -0.395607550678703 0.9366142636418845 -0
3329 -0.4766150571434448 0.9316542508302106 -0
3330 -0.1032144472648407 0.9582350222177176 -0
3331 -0.1119106780688059 0.9127781762750339 -0
3332 -0.2043730167420439 0.9684461122005076 -0
3333 -0.301947784899379 0.9798269323739826 -0
3334 -0.2597883422529169 0.9296864944148509 -0
3335 -0.3076921856934212 0.9348462041686276 -0
3336 -0.4070758657176319 0.9869153590452993 -0
3337 -0.5036210106254208 1.021425860021933 -0
3338 -0.5090972849810016 0.7079831531445274 -0
3339 -0.5550546302163811 0.7293068230948886 -0
3340 9.599297568488891 5.732778035093142 0
3341 9.518337528081251 5.644579225684136 0
3342 9.682517129695835 5.727116787146405 0
3343 9.763546813911933 5.713912728738434 0
3344 0.2799539940505306 0.2124667076576552 0
3345 9.018902900223546 0.2061913870325774 0
3346 9.094353568026312 0.237101880765365 0
3347 5.729704037131678 0.182793242539785 0
3348 -1.229136989689638 1.255900110837055 -0
3349 -1.236569921103835 1.160078152673324 -0
3350 -1.207829779498696 0.3775595541912774 -0
3351 -1.054593049210005 0.4806849531039551 -0
3352 -0.4385631938814121 0.1018116550267803 -0
3353 -1.313645864797639 1.26999684629052 -0
3354 -0.3734727706729395 0.695084560125154 -0
3355 1.542689932339407 0.2612694186454081 0
3356 -0.9053973850988719 0.2523039474190368 -0
3357 -0.7899476426359986 0.2018685907791868 -0
3358 1.374726617457313 0.6380776071812115 0
3359 1.467362922524422 0.7616004683673587 0
3360 1.113855520367659 0.9304868493507431 0
3361 1.288465055098671 0.7145613110875758 0
3362 -1.042998349303887 0.1694247836996406 -0
3363 -1.327618642676319 0.4549366063690315 -0
3364 1.196779634308377 1.072561667394814 0
3365 1.085764392836159 1.201683701610559 0
3366 1.029051456409305 0.5992994738934427 0
3367 1.208194235837619 0.2804628403052968 0
3368 1.22023429989549 0.1919763366044589 0
3369 1.2889711530362 0.2297008699084065 0
3370 1.373319920025824 0.2478811554789377 0
3371 1.456412028828444 0.2567993905861854 0
3372 -1.411220027941374 0.9837850465836367 -0
3373 -1.354629619252999 0.826334051953459 -0
3374 1.28780523122834 0.6096912405315109 0
3375 1.203603772979529 0.374604275495804 0
3376 -1.256096958937915 0.5690781126303109 -0
3377 1.286771207493675 1.022240906543184 0
3378 1.557780245391462 1.620865424762671 0
3379 -1.344366047251083 0.5417532415164358 -0
3380 1.719548632636597 1.292725456925909 0
3381 1.804547758243894 1.382766547032203 0
3382 1.718731251426484 1.194983309012035 0
3383 -1.329434447183432 1.02713892502974 -0
3384 1.044913184000884 0.211992854187931 0
3385 -1.432769472880311 0.879911653788862 -0
3386 -2.614793092288965 1.099157782577969 -0
3387 -2.718100845480628 1.19378380187048 -0
3388 -2.731619219528664 1.283918583493302 -0
3389 1.374497619566179 1.064732134156401 0
3390 -1.516510488618566 0.8211447955172045 -0
3391 -2.523566927073077 1.068792049852483 -0
3392 -2.233857413435842 0.7845446368303872 -0
3393 -2.316701084459737 0.8270422630538454 -0
3394 -2.161742836184683 0.6558584969536123 -0
3395 1.373913550067281 0.5323915318923819 0
3396 -2.055977208115368 0.7442747394180986 -0
3397 -1.982446553656565 0.630891435762426 -0
3398 1.711834767588527 0.7586144226239728 0
3399 1.630284540349124 0.7505848140529365 0
3400 -1.712281235132217 0.6706253758220094 -0
3401 -1.811227820997415 0.5954259306760923 -0
3402 1.798065353496997 0.8792537181359434 0
3403 8.041289106116974 0.3405532354480829 0
3404 8.301650621367887 0.568976290132984 0
3405 8.042359083403818 0.2453613607248344 0
3406 8.12800399721954 0.3829463311522503 0
3407 8.128129751479024 0.4812382050969018 0
3408 9.512996655801054 1.156205548007404 0
3409 5.878678758559094 0.4322787605260084 0
3410 9.513196363368253 1.357782291632681 0
3411 8.301646144712571 0.6680775063719363 0
3412 -1.726412075995156 0.571646776723597 -0
3413 9.512072485352313 4.358290690726624 0
3414 1.632318764226639 1.205108916521826 0
3415 8.475038239742194 0.6283279972492144 0
3416 6.309488680920355 1.057201018386796 0
3417 6.222564399411871 0.9326968396701684 0
3418 1.972334689051743 1.423860717583651 0
3419 1.887171708752055 1.396236569771323 0
3420 2.058998823015834 1.455612511395392 0
3421 2.398080874574254 1.64793266907932 0
3422 2.309627146508081 1.619606802218783 0
3423 2.320236572900245 1.524363139703851 0
3424 2.226068057131779 1.595211932093497 0
3425 0.8848390121242948 0.09012539122334041 0
3426 0.7835674171538503 0.1798382650229541 0
3427 0.6757205011371691 0.1975113723844013 0
3428 0.6885555582828358 0.09110081190654283 0
3429 0.5731622205358354 0.1680822994050101 0
3430 0.7171116996377767 0.2649435406608433 0
3431 -1.633642605762471 0.09094532603719466 -0
3432 -1.660936445624789 0.1788991222644381 -0
3433 -2.04072320541832 0.08269286953156652 -0
3434 -1.979952630968816 0.1657051866936725 -0
3435 1.426890867672655 0.08425757238989844 0
3436 1.246294118559993 0.09222077596130959 0
3437 -1.417205797527716 0.09397429882753283 -0
3438 -1.423945787846942 0.1899720184720047 -0
3439 -1.845260862218406 0.08330789937823446 -0
3440 1.614613956523281 0.08547805215026112 0
3441 2.931614897005957 1.776615860839158 0
3442 2.842899989661349 1.827905963724343 0
3443 2.844594920167294 1.727220395384519 0
3444 2.75434816357477 1.779403950780062 0
3445 2.757385333362961 1.679316879628209 0
3446 3.018504345508919 1.726410304597158 0
3447 1.81291799946046 0.09055504151750866 0
3448 3.45159986019192 2.175626465293819 0
3449 3.625177143636878 2.268181884117789 0
3450 3.711719408890541 2.305060661809609 0
3451 9.92063130196475 1.197474043140272 0
3452 9.919789800684001 0.9983899815554858 0
3453 9.915913293109361 0.7996771125163423 0
3454 9.820752508094206 0.7073773806275209 0
3455 9.787086341655108 0.5837867374760889 0
3456 9.701072073820368 0.6487813040930538 0
3457 9.809842004210539 0.462031481655202 0
3458 9.716036938050612 0.4245758701981953 0
3459 9.684001852446288 0.5087447610321021 0
3460 9.632795533553475 0.3841526969913419 0
3461 9.731589254808396 0.3336775903852207 0
3462 9.648455237876206 0.3051818404635665 0
3463 9.739540376331686 0.2419369708710946 0
3464 9.577041547995927 0.3576441895219286 0
3465 9.572569723088233 0.2954231434010614 0
3466 9.496995877989711 0.3103982374900409 0
3467 9.486767362850973 0.2171585034520863 0
3468 9.406529980629019 0.2442762020819318 0
3469 9.572081255836864 0.2067244780348384 0
3470 9.470032026107081 0.09705070159156642 0
3471 9.832455768574702 0.808922024705405 0
3472 9.912476824191808 0.2851197042057383 0
3473 9.826810066005905 0.1743607645444434 0
3474 9.820150452304796 0.08670798488110595 0
3475 9.741003407191545 0.1499779303842453 0
3476 9.920786302865483 1.397387242160368 0
3477 3.884096407321599 2.455139713545577 0
3478 8.910009428252897 0.7367799792444822 0
3479 9.00142719753036 0.6803938101996525 0
3480 6.396859250069007 1.07021295316355 0
3481 4.230544793790544 2.465352088429462 0
3482 4.317267043119572 2.463425585161858 0
3483 4.31720674032373 2.562895219772275 0
3484 9.079071935106692 5.220029653003341 0
3485 8.992507831054489 5.207013390032757 0
3486 4.403869295265941 2.572243008578903 0
3487 4.923381682802319 2.841977622744326 0
3488 5.01000828484602 2.875561928636593 0
3489 8.992437791986166 5.104229000854983 0
3490 5.009954228407766 2.975381406344074 0
3491 4.836778808116277 2.813039674206142 0
3492 5.183269427557573 2.930777569737855 0
3493 8.572224270994804 4.532997888677347 0
3494 5.615819070061479 2.934822414978657 0
3495 9.16564521361669 5.119020729794804 0
3496 -0.7273474179223616 0.112605905747751 -0
3497 -0.8361212743700038 0.0921851029551594 -0
3498 7.781304217234485 2.769741992639084 0
3499 7.867895856384443 2.799594052369299 0
3500 5.78952865830876 2.926768707783656 0
3501 1.315438686849281 1.443026493849434 0
3502 1.251727784348649 1.509014594397062 0
3503 6.318721479433269 3.137277781027467 0
3504 8.213127746997072 1.439458387977891 0
3505 8.3005062784069 1.475219829464099 0
3506 -2.018222301660091 1.131643551431433 -0
3507 6.22283450308351 1.036923139042086 0
3508 9.905752656448026 0.4846960408703193 0
3509 6.65044636525214 3.510303293744585 0
3510 6.594909837126919 3.476046482421255 0
3511 5.962680664752762 3.219493125600437 0
3512 7.352612546757328 1.033458582874689 0
3513 8.039489334018192 1.388950877210421 0
3514 7.596103669863658 4.54202079511195 0
3515 7.510289990853194 4.545687925139853 0
3516 7.480735600898894 4.457435575083534 0
3517 7.431258561828299 4.484619684350578 0
3518 7.424090980518085 4.388495768609562 0
3519 7.381064592608919 4.452019361662079 0
3520 7.355706023784155 4.332489864805449 0
3521 7.308545316050028 4.405676684267812 0
3522 7.300505337807765 4.270252370182191 0
3523 7.215021016429751 4.33825659258035 0
3524 7.182844742367993 4.215506675830102 0
3525 7.093981618891918 4.23298853510513 0
3526 7.084907783676397 4.160203751028908 0
3527 7.00684855010347 4.227332485561196 0
3528 7.005391824544527 4.324779846842112 0
3529 7.019171865892327 4.136797589374557 0
3530 6.91939533213523 4.213887114857696 0
3531 6.912830728815151 4.105169467938853 0
3532 6.839958107241157 4.13383297896782 0
3533 -1.874410779844001 1.388521300487974 -0
3534 -1.446633716560048 0.6230339723793438 -0
3535 7.521536450086134 2.646951925655147 0
3536 7.608128407757585 2.685384515425503 0
3537 6.822951672902505 3.582702000719214 0
3538 6.913596794884071 3.499777671365682 0
3539 6.912721279225063 3.602177079662888 0
3540 7.002035109201854 3.531006512695374 0
3541 7.006521925582194 3.430837331214127 0
3542 9.920455783593294 5.300475555155418 0
3543 9.840824480087351 5.309686600019286 0
3544 9.840605527737512 5.211093688817376 0
3545 7.002159918009228 0.9761351717806634 0
3546 3.479086209361407 0.08951263214192003 0
3547 8.010652451326331 4.436570058806874 0
3548 8.733809475650109 3.095557801757163 0
3549 8.647214791469281 3.074746756847938 0
3550 7.08781985028763 1.079541678151816 0
3551 6.576165154947956 3.557397204034948 0
3552 6.834905841098161 4.027213990179229 0
3553 8.646199846687333 4.67966738703049 0
3554 7.443464840224795 1.071964851331575 0
3555 8.468265243647339 4.585938041208558 0
3556 7.14764316024181 4.097406211197049 0
3557 7.00070032967426 3.629905593989141 0
3558 7.088969070126645 3.557052465343526 0
3559 7.087875806860378 3.653518478989064 0
3560 7.174968790231368 3.566505559301545 0
3561 8.906956959990525 3.248065211720419 0
3562 8.820516287344185 2.81777196419605 0
3563 7.174694775303149 3.662184999246409 0
3564 7.261375360880997 3.656337453081747 0
3565 7.261982691925999 3.755012022545512 0
3566 7.348965165359827 3.741846779035939 0
3567 7.353674735335112 3.842946255577818 0
3568 7.435348671905063 3.831165721090902 0
3569 7.439258625771918 3.900515088425988 0
3570 7.513308489032859 3.844252636625546 0
3571 7.496762066588709 3.928458305356097 0
3572 7.594830656913246 3.878449544324312 0
3573 7.603532384265328 3.785109401499911 0
3574 7.689751475692944 3.827342498851204 0
3575 7.679516617784321 3.921986349977963 0
3576 7.77631581429601 3.870141782995436 0
3577 7.766111649816623 3.967671642015122 0
3578 7.863619074581957 3.902358664527254 0
3579 7.866359625103065 3.802001986019226 0
3580 7.953392582955243 3.814880469341818 0
3581 7.953927654929425 3.714010201573741 0
3582 7.867223884777695 3.699100349992707 0
3583 7.954125718356003 3.611892675190862 0
3584 7.951721383298239 3.913320044637947 0
3585 8.039665592157633 3.908895246190554 0
3586 8.040629567908031 3.708043402472825 0
3587 7.660556308796474 4.010768698094869 0
3588 7.744686904960085 4.059598818222274 0
3589 1.223622753080783 1.384050603621016 0
3590 9.920728230699877 2.200915771140272 0
3591 9.921002202888317 2.10101326201274 0
3592 9.842372852037263 2.007334452882614 0
3593 -1.838976128136752 0.9859374779867369 -0
3594 -1.938344385365725 0.9293797774479134 -0
3595 9.920972979741634 2.798223820105869 0
3596 9.920627802450023 2.699714624733881 0
3597 9.84098099127768 2.608135902825101 0
3598 9.920540404926314 2.401008157545504 0
3599 9.84106989491316 2.310356740422804 0
3600 9.920505591151976 2.501462091957577 0
3601 7.781265742434783 2.86887719218877 0
3602 9.92122761401931 1.597507137308682 0
3603 6.880037967292909 3.963056421104096 0
3604 6.779386134450808 3.957735738036784 0
3605 7.262067777382385 2.269007658631554 0
3606 9.903844763701224 0.5912044021197902 0
3607 6.049333956720974 3.257010583529102 0
3608 7.685209821418005 4.441575528417979 0
3609 7.262595753542962 1.002921337652255 0
3610 9.597640745101524 4.250130467668735 0
3611 9.597742475960994 4.149537034206521 0
3612 9.512764220201989 1.755950011556573 0
3613 9.426757631744351 1.763359892860836 0
3614 8.039247451452081 4.011343039291342 0
3615 9.680792753931209 4.942442095164637 0
3616 9.761861550761163 5.027404264880128 0
3617 8.733743122788228 3.795095723578779 0
3618 8.82021726101506 3.816666669133661 0
3619 6.734587037612679 3.57935828638854 0
3620 -1.965477919642171 1.202389956782203 -0
3621 9.511888438524361 2.156024075415965 0
3622 9.426229268856268 2.263326235899672 0
3623 3.364789738330175 2.226120196194969 0
3624 7.718999498542391 4.143051460696626 0
3625 7.400406867801743 4.267108340942197 0
3626 6.752418194860884 3.873004377072636 0
3627 -1.824638381099663 0.4972444847266813 -0
3628 -1.896381807737467 0.6147282193002233 -0
3629 7.452983592641027 0.9705577134048373 0
3630 9.512009609530338 2.05575605087234 0
3631 8.300660106832323 1.172560443888959 0
3632 9.080378366314983 2.018689034096241 0
3633 8.993430393788691 1.979805580569769 0
3634 8.906500324411455 1.941675379508811 0
3635 8.99374623274603 1.879577146263358 0
3636 8.993975940485392 1.77908747930223 0
3637 9.764709926299934 3.817832910794394 0
3638 9.845288532880621 3.90336476467639 0
3639 3.9702972087615 2.46822393067618 0
3640 3.05940747790536 0.09262421732951187 0
3641 3.014883455377212 0.2017712337266121 0
3642 2.924797443744494 0.1684134918599113 0
3643 3.062138330686267 0.2775139807700681 0
3644 3.135007192319051 0.1895476548076528 0
3645 2.855865100261368 0.08243849178799381 0
3646 2.566522260003771 0.09000324766736555 0
3647 9.512421406199055 3.453235616152736 0
3648 9.426269466188293 3.460179754669208 0
3649 9.764398159158207 3.516278056421174 0
3650 9.844590214123041 3.600886121464107 0
3651 6.396024140260847 3.883022943817201 0
3652 6.308773409538131 3.945843959972541 0
3653 6.308881677209499 3.847395977149816 0
3654 6.222069447709685 3.91719135914366 0
3655 6.222125467708704 3.819119344382409 0
3656 6.227828841993043 3.107555644640487 0
3657 6.423613526333608 3.089767573197972 0
3658 6.424330625705951 0.2076381686312177 0
3659 8.327987634262481 0.1839656078777011 0
3660 9.681977201313098 3.135624235723395 0
3661 7.951996286611139 1.272304495230385 0
3662 6.754165029297662 0.7974120949326339 0
3663 6.867757772732461 0.7406104105819077 0
3664 6.661539475682482 0.7791391461268353 0
3665 6.305914588832568 4.652391439531639 0
3666 6.393831252299371 4.690693967771044 0
3667 6.481259660263889 4.631765416808878 0
3668 6.482040422401884 4.732786953225249 0
3669 6.568490869047622 4.677296759144123 0
3670 6.570227437962579 4.776303414779971 0
3671 6.65567109527285 4.722396773366527 0
3672 6.658401863304124 4.819294836111657 0
3673 6.74287171652246 4.764380729206227 0
3674 6.394465630958502 4.793019515048924 0
3675 6.655254790211206 4.622678016691738 0
3676 8.178467379429353 4.365967955746671 0
3677 8.151058873832538 4.279703386750089 0
3678 8.272281191127817 4.318562716342251 0
3679 8.473871666978496 3.44172427112465 0
3680 9.512082794718891 2.756841533034772 0
3681 7.78198238584773 1.091091205327099 0
3682 9.51249021612178 1.855878232070725 0
3683 7.950060513540866 4.528381234335166 0
3684 4.143894675954475 2.372320091850404 0
3685 8.730839135009699 4.208341615756936 0
3686 9.164549665864781 4.80489736756119 0
3687 9.079123956267084 4.701955322526975 0
3688 8.99497305326588 4.789064052156855 0
3689 7.779330719424216 4.476293122103764 0
3690 9.426304568752998 3.360460878712284 0
3691 9.072493608038979 0.3204847004550404 0
3692 9.168585807719055 0.2590673473942983 0
3693 1.371750193431488 1.162699522329676 0
3694 7.377670008730056 3.960467270284575 0
3695 9.762615251717126 1.417951340942163 0
3696 8.471137921498332 4.878350720084115 0
3697 7.471282360044968 0.8793223273222961 0
3698 8.473821544424924 3.743474017351467 0
3699 8.287896218654815 5.164050978412072 0
3700 8.298484572873186 5.254240339236981 0
3701 8.391680465807728 5.325746060320248 0
3702 8.307358401327303 5.345670480407233 0
3703 8.215606643089716 5.26336351241001 0
3704 8.400122971502313 5.415640845555259 0
3705 8.479187606006537 5.400209291507013 0
3706 8.212799045370877 5.177979218176615 0
3707 8.132258517987358 5.250677094856779 0
3708 8.135566757760872 5.345434682892202 0
3709 8.041902082705471 5.320182649773894 0
3710 7.928238149041221 5.286186886455431 0
3711 7.864522479299799 5.316585857675995 0
3712 7.806421571058069 5.276150271634354 0
3713 9.24822138139853 0.2670203361121105 0
3714 7.782373822047721 1.16450479974573 0
3715 2.666203651694886 1.734529469322701 0
3716 6.57529132100067 3.858119592408654 0
3717 8.387391216008323 3.116946261798498 0
3718 8.300795327612285 3.099318222037597 0
3719 9.339745060235778 3.764813290474826 0
3720 7.086434906896812 3.749119293634325 0
3721 6.4826082521471 0.872566537387668 0
3722 7.521475394341838 2.748120286564454 0
3723 9.42621644352816 3.861321592098314 0
3724 7.436680693045367 1.79817817720588 0
3725 7.704090314315589 1.049923991304095 0
3726 7.261800728762376 2.470798776390871 0
3727 7.348461207898797 2.392955216696431 0
3728 9.074205864371111 4.630054462043221 0
3729 7.25556038741923 4.881662597370648 0
3730 7.244869651214354 4.964050863319427 0
3731 7.182601913753864 4.932167741981243 0
3732 7.334071286513244 4.999147031164869 0
3733 7.324547734588142 5.08544877295789 0
3734 7.175995939776678 4.863506221713372 0
3735 7.094868399232528 4.857800763441663 0
3736 7.007395566692389 4.848801449299061 0
3737 7.12899602591067 4.975943161240171 0
3738 7.019006568170596 4.953803228925065 0
3739 6.918453300513912 4.828883919306113 0
3740 8.214376127737863 2.591684031781406 0
3741 8.560814191619503 4.062366483839121 0
3742 9.762387283730561 1.218063938881278 0
3743 9.080021547940484 3.619443115568497 0
3744 8.993433694615133 3.582139056026076 0
3745 9.426401000091492 2.864208248277997 0
3746 9.426344233564075 2.062913115973319 0
3747 7.260920015083117 3.55934371303336 0
3748 5.266631274782915 1.392738090226538 0
3749 5.173785364197478 1.469056958043288 0
3750 5.153426314125189 1.55314449910392 0
3751 9.511803233986843 2.656445562336422 0
3752 9.426165653524382 2.663626234935287 0
3753 7.435604712050912 1.902232180327336 0
3754 6.135487107265207 3.79181034639526 0
3755 8.732609027869543 4.923020633891005 0
3756 8.732777469503574 5.027625937506492 0
3757 8.819895573867482 5.058256368350889 0
3758 8.644423708926457 5.001873389211632 0
3759 9.167590403054177 1.148547555369729 0
3760 8.561741609198544 0.6432197900846108 0
3761 8.561562174470524 0.7427834974231133 0
3762 8.648633938431395 0.6549868684384574 0
3763 8.648263980058003 0.7544245690005362 0
3764 8.735809615641145 0.6725008850377076 0
3765 8.735070382884677 0.772115109132464 0
3766 8.734750795785306 0.8724863717310715 0
3767 6.742750168831385 1.776777198272756 0
3768 7.576177519379073 3.966860844753139 0
3769 7.553782462757481 4.053563645241021 0
3770 8.561334339637998 1.147515719979362 0
3771 7.615088479344136 1.982030454839933 0
3772 5.529045278245424 2.898682588571155 0
3773 5.442745309870811 2.974218494727793 0
3774 4.395762599734836 3.610793383727769 0
3775 9.080623256698832 1.818088491974226 0
3776 9.339963430570075 3.16632625255215 0
3777 8.127591709460097 3.095401736874557 0
3778 8.040985055563455 3.106168147589198 0
3779 7.434932792473912 2.618291879821498 0
3780 7.434987279957774 2.518053638285707 0
3781 7.348398366191472 2.493965452465361 0
3782 7.435019660069304 2.417411407154162 0
3783 7.179072130161438 4.566582480155671 0
3784 8.900803460878851 5.482704823582679 0
3785 8.978436921679158 5.594584496960241 0
3786 8.79870988933558 5.551311961723457 0
3787 7.01934258327196 3.332413033319928 0
3788 8.285230448870465 4.766552978995231 0
3789 7.694752723891598 2.627969209310625 0
3790 9.511942023029553 4.457555243226395 0
3791 8.480829184564541 0.2499662734876704 0
3792 8.484938734279595 0.1674820211418465 0
3793 6.020986849871068 2.162181845253194 0
3794 9.080936792183921 1.217177800752104 0
3795 9.080892421468187 1.317141629379931 0
3796 8.994304973676421 1.277225832276281 0
3797 7.093386715944344 1.521917060060498 0
3798 7.954129640089318 4.61778075240079 0
3799 7.959645510576505 4.715571289710926 0
3800 9.512382683531067 1.055314361368299 0
3801 9.426711290403633 1.062296749840326 0
3802 9.426134666940206 0.9627907253952855 0
3803 9.339401063360789 0.8714641915778528 0
3804 9.254520413974742 0.8702910227988666 0
3805 9.256116182963295 0.7766166623755876 0
3806 9.424772009733633 0.8639736859634674 0
3807 8.660825816644561 4.582083633092892 0
3808 6.483848046050139 1.598563091330164 0
3809 5.963930804964634 0.8595236967092149 0
3810 6.051401979902154 0.7776879355089724 0
3811 6.052110104758925 0.6692963403185559 0
3812 8.648134223425505 2.072624474633078 0
3813 8.647787169817764 2.175522867832594 0
3814 5.990577850749643 2.232134728882964 0
3815 8.993589976292627 2.284957424976704 0
3816 9.080336590015168 2.321040273471063 0
3817 9.080374148351209 2.420715470602655 0
3818 8.316542161722589 4.886709721533862 0
3819 8.473817194434904 3.642792686701307 0
3820 6.655944005559327 2.802068252174148 0
3821 6.308964085326753 3.748047670357994 0
3822 4.923313434795086 2.642404425031845 0
3823 6.926586986927748 3.048145854160877 0
3824 7.010926031177704 3.042478144439572 0
3825 5.269499672614615 3.543640160933147 0
3826 9.338588772437076 4.371772400606596 0
3827 9.425317851378061 4.465008830474468 0
3828 8.906372079486804 2.044889659647275 0
3829 4.403941565981259 2.47398498584889 0
3830 8.474764932928618 1.032167718808882 0
3831 8.821090357803522 1.300314102885809 0
3832 8.907678937288019 1.336756915513004 0
3833 6.050448835591862 0.8840041575457973 0
3834 6.13715040673024 0.7993343499267803 0
3835 7.954567795131689 2.613402722805083 0
3836 8.041133689753885 2.708785604912489 0
3837 9.167481308086277 1.347236298692276 0
3838 6.776231412618603 1.396033476505636 0
3839 6.758682147719909 1.485070745164665 0
3840 6.856523352590282 1.431934506896096 0
3841 6.840117950745735 1.514126089191557 0
3842 9.250288611281704 4.796104119789344 0
3843 4.749020474084706 3.489465875791966 0
3844 8.562192145743149 0.5453078815004215 0
3845 4.663659170092489 2.657932324365943 0
3846 4.577028630736327 2.725001101494517 0
3847 4.490435628331023 2.694753208736541 0
3848 4.66361248542745 2.757547855627908 0
3849 7.498300627955015 0.7979380362105224 0
3850 9.167359097425996 1.648177631435824 0
3851 9.763309716186489 1.717922596874663 0
3852 9.843379531556957 1.80369169201335 0
3853 7.272446079072278 0.256267120984208 0
3854 9.512510277048692 3.253956874720997 0
3855 6.741298627062895 2.083488419802148 0
3856 6.828296669517614 2.107180197257273 0
3857 6.741414989780345 2.184565443313303 0
3858 6.746035664019544 4.260829916027042 0
3859 4.143303849908973 0.196596418919587 0
3860 4.067162506261479 0.1770191516586204 0
3861 8.732447735848741 5.132158558727339 0
3862 7.69471606937231 2.72779126716242 0
3863 9.679876369932874 5.041731721593708 0
3864 3.10511835705935 1.776371007204483 0
3865 3.191722488482889 1.826367107981322 0
3866 7.950202444399413 4.462021304601184 0
3867 5.885704781223549 2.269467667999693 0
3868 7.782707777281727 1.261891489661525 0
3869 3.851868695133156 3.103114722561811 0
3870 9.339770799269848 3.664090419263923 0
3871 9.426226752659712 3.65917594091955 0
3872 5.96337836738886 2.708277372074041 0
3873 5.350890729847777 1.520708655977679 0
3874 3.278248348549949 2.076318696094505 0
3875 3.191634330568377 2.026356493971397 0
3876 7.524820064675412 1.939006471755188 0
3877 4.317314903489685 2.166626142225637 0
3878 4.404147018113919 2.274661024391303 0
3879 6.221975614530714 4.114639167507343 0
3880 5.186165318617176 0.3610303752284335 0
3881 6.483175210509284 1.698513796134076 0
3882 7.44034515526197 0.7646689956699189 0
3883 9.253006879272958 4.069212502315597 0
3884 7.521127679137432 4.746236805679055 0
3885 4.403816118525208 1.46161097327088 0
3886 5.96349679242272 0.9622362357842577 0
3887 6.828901198797974 4.596370265818216 0
3888 6.828795285704717 4.699507617406486 0
3889 6.742185220100888 4.663575918955904 0
3890 4.404408482742864 1.065501944706208 0
3891 8.99362198334997 3.082394051536662 0
3892 5.87643299202374 2.569765665243513 0
3893 3.615680872935779 2.768342723353642 0
3894 6.694507717649592 4.003281821627936 0
3895 3.201139420061712 0.3916740903606449 0
3896 3.201474511298199 0.4909398637385675 0
3897 3.256842281028477 2.664373916227492 0
3898 3.356151544507822 2.621643401518924 0
3899 3.442616118210512 2.67148713657619 0
3900 3.268925751287942 2.5712062480531 0
3901 3.274799339676276 2.474494456300392 0
3902 3.534843176173215 2.623041364107106 0
3903 5.269719428369031 3.046130115480189 0
3904 4.755192249083533 0.2566866353961262 0
3905 4.676451694818045 0.1649018377882583 0
3906 4.764067004795605 0.1682971724934836 0
3907 4.743231232384122 3.687376151330487 0
3908 8.474615252084552 1.731523210399623 0
3909 2.85448107977246 2.625026106717997 0
3910 3.883567647735878 2.250845882880022 0
3911 6.222980885158213 1.540574264552777 0
3912 6.223049142548772 1.440004384560362 0
3913 6.30995862902772 1.460567298874592 0
3914 6.136347277765823 1.515122888076504 0
3915 6.136394496934438 1.415111516504438 0
3916 6.049742348682623 1.488379163076369 0
3917 5.702606335541931 2.879440386207948 0
3918 5.442860380759028 3.17307764415012 0
3919 5.962522413024393 3.318874115178015 0
3920 7.781112133532836 3.26762878998342 0
3921 7.694483792321823 3.227135359818759 0
3922 7.607626122533715 3.285302479322227 0
3923 5.18368705629009 2.417762255461334 0
3924 6.829300770525641 1.801907089771375 0
3925 7.001470255774685 1.071230172196842 0
3926 7.087348518824443 1.178695406674561 0
3927 6.224082585365217 0.7092212810748155 0
3928 6.138241387123788 0.6880338055259541 0
3929 4.923238136762065 3.243088356861731 0
3930 9.346439580268333 5.588954026723711 0
3931 9.365918539149042 5.682679024700409 0
3932 9.266942307764712 5.730871556986671 0
3933 9.443591010265004 5.655861342915802 0
3934 5.009999698637691 2.574401275815657 0
3935 4.060794194816094 3.383744644190934 0
3936 5.442296512975303 2.557549581289968 0
3937 7.855677416567157 4.002911896114462 0
3938 6.39750430179572 2.978175155271814 0
3939 9.427080430754955 1.264333590895066 0
3940 4.578449027795915 2.223769623191311 0
3941 4.21562262218849 1.610564471853378 0
3942 6.048801319392101 3.95841690627194 0
3943 8.561215108859612 1.445143615079435 0
3944 8.474591456320457 1.331193183600179 0
3945 5.442837399878025 3.074545419453963 0
3946 2.238293629716919 0.9947698555459156 0
3947 5.529888080672278 2.188131394664791 0
3948 5.181977307772139 1.730920353137581 0
3949 4.296456813951764 0.3720413101073141 0
3950 8.126113171780444 0.8802817780613432 0
3951 8.121899736995898 0.9835266734307119 0
3952 3.970851069326446 1.00381438641509 0
3953 7.608186486304538 2.385662445493181 0
3954 5.40404005157178 4.018991141375257 0
3955 5.523641211749872 4.133215887066321 0
3956 5.434201500286281 4.145340892301052 0
3957 5.313939227429694 4.091592146337659 0
3958 5.528336087339678 4.229429612999425 0
3959 5.45089790851422 4.239226240674598 0
3960 5.524305434489286 4.313429830467107 0
3961 5.610615266959631 4.248714869877102 0
3962 5.604489314075481 4.341368013105645 0
3963 5.69632369536353 4.283238136955002 0
3964 5.308912783283816 3.948610122953238 0
3965 5.247193804864928 4.015757342931288 0
3966 5.232607081775995 4.149442028493485 0
3967 5.171006659236534 4.066986780625 0
3968 5.167000432684523 3.929635445383782 0
3969 5.090473495890112 4.004838982834292 0
3970 5.250560984208083 3.906176942212318 0
3971 5.171974509695771 3.82250658712351 0
3972 5.104039416832578 1.70910160232312 0
3973 4.62540895654632 3.739580709022972 0
3974 7.78253196086291 1.574559371443864 0
3975 3.314490581373704 3.005725884050003 0
3976 3.228850482760406 2.952473783801612 0
3977 5.270031171983642 2.127006876977701 0
3978 1.728592318218438 1.474606715161013 0
3979 8.993395185167458 3.682061353264885 0
3980 5.037939041881137 1.555684285666187 0
3981 7.61050102065348 0.4048881639186969 0
3982 3.060456172928293 2.649306106483984 0
3983 9.656410645823694 0.2186137577570136 0
3984 4.404150582247587 2.176378084534995 0
3985 5.009594570522834 0.7061231419633822 0
3986 4.398483025843106 3.552217714596593 0
3987 -1.763803040232236 0.8895911525032355 -0
3988 9.16696742009305 2.64836010766065 0
3989 4.924847832926535 0.3754465433258211 0
3990 5.01604829925714 0.3011851770531864 0
3991 4.930483960741416 0.279995851277951 0
3992 5.032996946699782 0.2101785579921279 0
3993 2.674811686569354 2.360879703632277 0
3994 2.583416657811315 2.375351689451185 0
3995 2.591617519222384 2.473168566366272 0
3996 2.49344850429616 2.389866950260842 0
3997 2.486395139351197 2.320982900653779 0
3998 2.399216957557512 2.39424823388988 0
3999 2.398230558931455 2.293863849370511 0
4000 2.404109994082649 2.495465285627295 0
4001 2.462105461802527 2.209919529845228 0
4002 3.024763725983374 2.726868155992753 0
4003 2.891966235165603 2.743432111432603 0
4004 9.427061074207346 1.464963248713561 0
4005 9.513092170999245 1.45750999344571 0
4006 7.519648423627226 3.355300859912207 0
4007 7.51933877015171 3.253768718808322 0
4008 7.42568949065814 3.2351042919669 0
4009 7.519596444516337 3.15270592755004 0
4010 7.607403977495045 3.387523244390791 0
4011 7.42831485984906 3.128159383017135 0
4012 7.334751147421446 3.103000779514533 0
4013 7.343440577596991 2.997818027828888 0
4014 7.346595347426486 2.894751746603349 0
4015 7.256164339816617 2.973713433006332 0
4016 7.525153924718778 1.208059898414924 0
4017 5.789631880351561 2.625370890683392 0
4018 5.530032736624717 1.383611582216183 0
4019 6.481551566834682 4.4304645149732 0
4020 3.882340920311259 0.990877407065324 0
4021 4.664611476449418 0.6328516319260239 0
4022 9.82494856760804 0.2660224443808771 0
4023 9.8195409065055 0.3612308194965051 0
4024 3.884069347357223 2.559397578704401 0
4025 5.270659882949213 0.5868700866351846 0
4026 5.357180266294817 0.7133029704773551 0
4027 5.357120661457205 0.8148827156721645 0
4028 4.491086293240214 2.296537456167733 0
4029 4.664827976121842 2.252338263628173 0
4030 9.426439914792841 1.963087060957945 0
4031 7.785929007793425 2.1709587657821 0
4032 7.795364967386369 2.074913747378111 0
4033 -2.822832565814001 0.3638868892312304 -0
4034 -2.827404410365088 0.4475798124484969 -0
4035 -2.90745971893806 0.4652874540085359 -0
4036 4.490395824650018 2.79598069059726 0
4037 6.655326038731521 4.521869988869681 0
4038 8.474284947004232 2.237115129933984 0
4039 8.560898614631947 2.35801527562761 0
4040 8.213001804659424 1.542761171637662 0
4041 8.300385643542903 1.575994289767289 0
4042 3.281214295197749 1.075113737966163 0
4043 -1.667362975856796 0.3521601152435034 -0
4044 6.881910542437936 1.346838770402648 0
4045 3.538211133100676 2.323444003201096 0
4046 5.443793696113209 0.7447831913992287 0
4047 3.790586947257606 3.220459728377632 0
4048 2.485870078840188 1.769359373327295 0
4049 4.836644066791703 3.2152723879803 0
4050 7.001497069062322 2.526321659446363 0
4051 7.434333251758616 3.641743703271517 0
4052 3.283455700642543 0.5762667499905061 0
4053 4.490302514044196 1.891415907645667 0
4054 4.577369533882702 1.916152788213239 0
4055 5.269948147694214 2.028677929832003 0
4056 2.93246520968179 0.7763217036469913 0
4057 5.703572321529865 0.8690675309549908 0
4058 -2.440084074119115 1.64927310589941 -0
4059 5.703527514380268 0.9692652574514479 0
4060 8.474313214131165 2.135693130722473 0
4061 4.664338363230177 1.24340119277036 0
4062 4.057228297825541 1.233272404438079 0
4063 4.577589863698536 1.316709341345607 0
4064 2.327890985051144 2.027282738811237 0
4065 2.330561125520372 2.116892142683438 0
4066 2.247019623530388 2.070076263695504 0
4067 2.278238639930679 2.148796653446599 0
4068 2.165008889884413 2.114740692370649 0
4069 2.134111893347989 2.031555074157256 0
4070 2.049417721669708 2.070244943868385 0
4071 2.074631101996327 2.149546186385906 0
4072 2.011433386214475 2.002971461408243 0
4073 1.954249396211789 1.941049687758572 0
4074 1.872659425304868 1.991951543700426 0
4075 7.176528757158588 1.94007434793522 0
4076 7.838170589538635 4.128011100156044 0
4077 3.796331859859824 2.748444320114308 0
4078 5.616601494906281 1.627214093697617 0
4079 5.6165817885429 1.72786723487074 0
4080 5.703393262505725 1.770455983206111 0
4081 5.616753323224068 1.828073879130929 0
4082 8.907335253738134 1.738619755479005 0
4083 2.670062555264849 1.635786570609345 0
4084 3.716481684646201 1.404415521746546 0
4085 3.71253583358776 1.305145070630674 0
4086 4.30977891962224 1.641078520521033 0
4087 6.57011874365412 2.664930942286915 0
4088 5.096647900375349 2.299685714152959 0
4089 5.009701082586917 2.270800081819977 0
4090 9.080354733865315 2.71905273397137 0
4091 9.080320901950621 2.818500428988826 0
4092 6.238162911336902 0.2688360757835114 0
4093 6.148814344319056 0.2688354327417551 0
4094 5.356608897797508 1.216106790495761 0
4095 8.295506429436927 4.204450262936987 0
4096 1.88279055833947 1.881683682586196 0
4097 1.799591139990574 1.933336675195793 0
4098 1.721797397434243 1.875151638528674 0
4099 3.623582410605046 1.121648606819064 0
4100 8.243149292283785 4.839570298185843 0
4101 8.647138748219051 3.276083063449765 0
4102 4.091786460461841 1.656911708609004 0
4103 6.138168051641916 2.862994822257566 0
4104 4.749742035488369 3.388731420835863 0
4105 2.929135907326926 2.285469372520033 0
4106 5.616660988484855 2.230963372488204 0
4107 3.447903680913403 2.573986668120817 0
4108 2.845118314591101 1.627419959459118 0
4109 7.435622653809721 0.4819865625592324 0
4110 5.791308144698039 1.907901866641263 0
4111 -2.367788484503043 0.2643550555882933 -0
4112 2.219679672602104 1.985249124002708 0
4113 4.05705578248724 0.6310957007429849 0
4114 4.145939730096969 0.6729955133519013 0
4115 5.183410357007657 2.01976585365529 0
4116 2.834962893766027 2.039509312770762 0
4117 2.62949812012536 1.91950116418483 0
4118 5.0958268331793 1.353159144009521 0
4119 2.499128014789735 0.9635532033690477 0
4120 2.49900307062743 1.06515220534658 0
4121 2.499219272350838 0.8639543411988424 0
4122 1.89091105732296 1.303608854855668 0
4123 3.169173386591457 2.613388941571523 0
4124 4.664471826492885 2.146775705170028 0
4125 5.702971298854695 2.478031217752242 0
4126 5.70282792710707 2.578156960187989 0
4127 3.010291536438398 2.423856629001627 0
4128 3.46466171696516 0.2524571194970237 0
4129 2.759410989959436 0.5786715549915155 0
4130 2.138302200802715 1.575739004024055 0
4131 4.104792665132613 1.795500597702514 0
4132 7.951917608565571 1.813520923159763 0
4133 8.561482749185572 0.8444464339333446 0
4134 5.356508964086743 2.434926293488065 0
4135 6.825668611468982 3.370609664571906 0
4136 6.309028256747578 2.681322207502234 0
4137 6.222566027487201 2.561112183712037 0
4138 -1.711619646514168 1.314984159459846 -0
4139 -1.791953273842209 1.353353737578836 -0
4140 -1.676879730635156 1.396734266714809 -0
4141 2.845501932917809 1.327129673092438 0
4142 9.761995693572954 2.820410579843536 0
4143 6.484497598052626 3.821976655894282 0
4144 8.647616587502409 3.980954134047435 0
4145 5.356165441638681 3.455262812725501 0
4146 5.442563041452825 3.57126221321748 0
4147 6.718103914688956 1.271933048096802 0
4148 4.664448176582717 1.142182045861682 0
4149 3.538629815799882 2.122667971150372 0
4150 5.529453413112429 3.199430275648015 0
4151 0.07666220129433655 0.8543215917513642 0
4152 3.45390868352178 1.571265111682475 0
4153 4.664503560298035 1.040497575417848 0
4154 4.144631261886838 0.7713790320461379 0
4155 -2.212403023162534 0.878344665753732 -0
4156 5.876665907497439 1.139891581987391 0
4157 -2.665568235587261 1.305870570620868 -0
4158 -2.73699698925275 1.371916410243519 -0
4159 -2.822227168151172 1.352161375885421 -0
4160 -2.820450868930856 1.449396095296378 -0
4161 -2.732155835080396 1.466146507885976 -0
4162 5.354786082707318 4.177658836362419 0
4163 5.364188215294722 4.283797199119454 0
4164 4.049742984087906 1.42876780589051 0
4165 1.632525627118869 0.4539224735556699 0
4166 3.628212530672807 1.859985718764015 0
4167 -2.487722258049202 1.159321183792883 -0
4168 5.096824781741057 2.805695302133344 0
4169 6.483760387918792 2.421638904936946 0
4170 6.396188787591505 2.393516371153934 0
4171 8.734633481138488 0.9739466303285259 0
4172 2.152201059238022 1.284937363144385 0
4173 2.585787439253363 0.9951750201674472 0
4174 2.58572818809217 1.095958063691152 0
4175 -2.548652038665348 0.7685992826673397 -0
4176 -2.507217570405369 0.8495066125795324 -0
4177 -2.472563498774298 0.9323563103786079 -0
4178 -2.395168953380262 0.8793991029846725 -0
4179 8.204171952482131 2.082363737511304 0
4180 9.678995622450417 5.341171906671453 0
4181 -2.67244666550849 1.786311913071307 -0
4182 -2.751469677292504 1.803910062304234 -0
4183 4.925207980033449 1.106823172405786 0
4184 -0.04656664835719471 0.6943402614020913 -0
4185 3.708773493499551 2.712404949534361 0
4186 3.759404071799795 0.6022851830948457 0
4187 3.018812135199936 1.126299649187213 0
4188 4.836756476664658 2.914506912733505 0
4189 5.617000425477276 0.7255510572250102 0
4190 3.924066224433378 1.759039046284777 0
4191 7.175095534333262 2.548562342102022 0
4192 2.273532583628961 1.702425731511672 0
4193 -1.748870428750912 1.002845921379916 -0
4194 4.836996379882645 1.996332713465365 0
4195 2.066391685086681 0.6410911612658716 0
4196 3.104861165106287 2.076476198841287 0
4197 3.983249976863242 0.3832531453206709 0
4198 2.15070593584167 1.384654889672127 0
4199 5.096950024586079 2.501023123273087 0
4200 7.694518433146301 3.128495484066875 0
4201 7.607453439808983 3.18745932157599 0
4202 6.658852629944906 3.771852325701176 0
4203 -0.1597239348028972 0.5516618923489056 -0
4204 -2.123029557095063 1.524933998263944 -0
4205 -2.197438638784112 1.5516781588182 -0
4206 4.143398634859771 2.879129822645399 0
4207 4.056318974018145 2.785012259960175 0
4208 4.664011436761081 1.74152359001882 0
4209 1.98104670105575 0.4154562181381847 0
4210 1.894278448175503 0.3918150107332972 0
4211 2.585894542646751 0.7949383388157477 0
4212 5.530219291878144 1.184228960550797 0
4213 3.97456492257867 1.966055837093548 0
4214 5.443820319661061 0.6446161457462629 0
4215 2.932259425099376 0.9763799724907926 0
4216 7.694021818934353 4.771903364934412 0
4217 2.411863052303761 1.142928704971686 0
4218 3.288556557830305 0.8691263430718712 0
4219 -1.443852350252055 0.5019639194718245 -0
4220 3.888396971481022 1.625324204569535 0
4221 5.963218228776583 1.264831717320327 0
4222 5.963182136418004 1.364488152949857 0
4223 8.560785121009685 3.962104245203886 0
4224 5.702567453515937 3.478666376695173 0
4225 5.702486995881605 3.578971039552735 0
4226 5.615880489991698 3.534272628847627 0
4227 5.789088982025477 3.62730478705717 0
4228 -2.151683298321551 1.123971806195113 -0
4229 -2.254998592209787 1.470555294191621 -0
4230 4.402004848843237 3.468593540848732 0
4231 3.278571737919511 1.476078285176177 0
4232 3.365699000937666 1.424116473507536 0
4233 -2.231839286759 1.191127170429319 -0
4234 7.954265737787218 3.410228540717121 0
4235 8.906131545625769 5.187042704457027 0
4236 2.585615407848175 1.296420445448196 0
4237 1.979536260470247 0.8181350438955487 0
4238 5.096091472815151 1.148421442499337 0
4239 -2.644740790480529 1.472702917074835 -0
4240 2.326126060850883 0.7149458939295542 0
4241 4.581492847841217 0.3111398972207936 0
4242 -2.173295425964643 0.5512729744079085 -0
4243 -2.070429180769545 0.643766439160273 -0
4244 3.54044346783143 1.819592322893668 0
4245 2.152074274358791 0.2721602900018513 0
4246 3.278378938558794 1.776329359431235 0
4247 7.345442172656546 1.234790857456671 0
4248 -2.097688385461004 1.195260764486886 -0
4249 2.036246135963112 1.888694841860982 0
4250 0.1919916947609074 0.8825147480974249 0
4251 1.804305021983949 0.6712253851805668 0
4252 5.789293208152431 3.226841915292775 0
4253 -0.06302952428801592 0.6311897641939471 -0
4254 -1.927827470801974 0.3305739722135184 -0
4255 3.114494807111768 0.5693596003924387 0
4256 2.508400186110755 2.137121900868784 0
4257 3.454039721703047 1.467733265429114 0
4258 6.058263103363249 0.2652333611596676 0
4259 -2.366275357811864 0.3631785677654308 -0
4260 7.088482511711012 2.839975233371304 0
4261 3.970034659531536 2.571812504197072 0
4262 4.750355028571174 2.279361707465368 0
4263 5.52870186223271 2.797217971736054 0
4264 -2.098467239076019 0.3482424401216394 -0
4265 3.792536347957586 1.095288732463958 0
4266 3.796162401967198 1.195830809665597 0
4267 1.884102709554638 1.769976480458585 0
4268 0.02784865937925198 0.7381991589247165 0
4269 -1.544150965037419 1.249327161389389 -0
4270 -1.519991034781564 1.322783942982164 -0
4271 -2.350026121871422 1.42627935177295 -0
4272 2.671596681188016 1.535858242861663 0
4273 9.681653273963567 3.036160429911507 0
4274 4.218046682494008 1.861920027034964 0
4275 5.61667002756102 0.4258443873998553 0
4276 5.704920202505954 0.3696131555736057 0
4277 7.520286251145886 3.052016490046962 0
4278 6.107128811334356 2.229634624577763 0
4279 -2.810433889356015 1.068344487689651 -0
4280 -2.814536590829235 1.163338461700324 -0
4281 -2.903500370567351 0.9372202074761712 -0
4282 4.838326325822303 0.8770653345567238 0
4283 6.04913326040861 3.356843870631558 0
4284 3.711621075054624 2.405549419854483 0
4285 2.845716480879243 0.8266332850582075 0
4286 2.066330752298518 0.7421225600759546 0
4287 3.715696753458451 1.891938356504597 0
4288 4.576912547198859 3.028242727877192 0
4289 4.663502601324044 3.06056900525685 0
4290 0.1605132183486535 0.7911555819966146 0
4291 9.76379801797445 3.11776723524739 0
4292 3.510313063263491 0.9052019377957851 0
4293 3.785998219935149 0.6887369949878951 0
4294 3.633025550916884 0.4493985203649951 0
4295 1.956834753481789 1.511752914164484 0
4296 7.95330948295107 1.706497490791485 0
4297 1.44557622158992 1.393443339525941 0
4298 1.897763397102494 0.2963775855486771 0
4299 4.009067322666514 0.2763367598398876 0
4300 8.127388594211975 3.597228156955829 0
4301 -2.357055868939453 0.463360982618288 -0
4302 2.586710001009897 0.4956419443439343 0
4303 4.490140995714518 1.79039522993924 0
4304 3.222990642520275 0.6091298300834567 0
4305 4.056479873030206 0.7322428776302465 0
4306 9.16645864762979 3.949993882824508 0
4307 7.259451592666462 2.872224273265539 0
4308 5.269613399619814 3.345491294445311 0
4309 5.790941978065928 0.5034666128265547 0
4310 5.965369204044988 0.548789489175748 0
4311 2.846834372088939 0.5281975916646453 0
4312 2.760959228333312 0.4803435517307936 0
4313 3.018671681364253 1.426356575221398 0
4314 2.55397914785947 2.26548331671947 0
4315 8.769721555808825 4.53988969423034 0
4316 7.780915665437409 3.56747819452976 0
4317 7.348326284703797 2.59393094141589 0
4318 2.41270670156467 0.7395711190684128 0
4319 6.659266846180678 4.221077270059729 0
4320 3.834358634216868 1.559918890187054 0
4321 3.759771672588597 1.600037387698359 0
4322 7.76768839131067 1.760054883097976 0
4323 4.317097483627856 2.967642921915945 0
4324 3.339845965917356 0.6171716054289383 0
4325 2.489062870699619 1.840869967971376 0
4326 5.79003574893326 1.209116191914097 0
4327 5.876626371740146 1.239377579174701 0
4328 5.876588907157753 1.338874906680967 0
4329 6.395778624833602 0.4773033622567883 0
4330 8.208582216625205 1.844963191015019 0
4331 5.443112176885001 1.346130118574643 0
4332 3.395506933598186 0.9085775025730666 0
4333 6.827886092356268 2.729194867419575 0
4334 1.717011252757937 0.6593146508353049 0
4335 4.577227397862258 1.815787476443668 0
4336 3.634248681554566 0.6683681504718945 0
4337 3.019041807024934 0.9262364132590537 0
4338 2.675260358884304 0.4358887696557252 0
4339 6.570748373245907 1.080041298668698 0
4340 3.626684157207837 1.960972003243086 0
4341 4.923535136703522 2.033258328185696 0
4342 3.105172166554531 1.676361316793173 0
4343 2.932212869334124 1.076415427100966 0
4344 3.709816211761989 0.6894190230489036 0
4345 3.790998194543854 2.849428491318633 0
4346 -2.550100277078909 0.9772594301366575 -0
4347 -2.28716468620256 0.9134227262533378 -0
4348 8.214082663089037 3.39034601108611 0
4349 8.214120444009962 3.290703131457495 0
4350 8.300719100749122 3.301133190566874 0
4351 5.270323300958276 0.78928674772815 0
4352 3.428971782223888 2.764378834522783 0
4353 4.317168151235734 2.664884681496845 0
4354 4.752192009190801 0.6514463548989182 0
4355 -2.392852729763965 0.6636879791030396 -0
4356 3.015265451232272 2.327756370598845 0
4357 3.060120588409139 2.847884283748645 0
4358 3.079446880852903 2.962556328556315 0
4359 9.426130003274004 2.563814203323993 0
4360 9.511688400939441 2.456921847979632 0
4361 -2.667856408033825 0.4775582117311076 -0
4362 2.499298106709965 0.7653156042568389 0
4363 6.568742730203517 2.769900215118851 0
4364 5.270251756193682 0.8902450914497473 0
4365 3.453770301391402 0.8716795016877066 0
4366 4.401075241584888 1.768199623423466 0
4367 2.240063213905734 0.4889374285199389 0
4368 3.364070980323408 0.5341590331992205 0
4369 -2.27426390161165 1.554812169924157 -0
4370 6.569147201751997 2.030650424531639 0
4371 4.404058235607192 2.375871345225974 0
4372 2.145972225077663 1.480639872338825 0
4373 8.387186351049722 3.722917477912319 0
4374 7.200280115490231 1.45456534214124 0
4375 2.410952672100158 1.44557745848562 0
4376 7.533125474823477 1.109065426229075 0
4377 5.529964272866725 2.08838105468238 0
4378 5.529915410773335 1.988332789940949 0
4379 -2.17845353751566 1.261473495573697 -0
4380 5.183053100590085 3.230478106490001 0
4381 3.188263580505588 2.424618454199933 0
4382 4.751029562927055 1.568590389759682 0
4383 9.596780974040668 4.952504991882458 0
4384 4.055103024020114 3.089762785038428 0
4385 4.143318119639103 3.078161574795459 0
4386 5.010655753862128 1.127854464673663 0
4387 6.135532867217366 3.691457117371499 0
4388 6.135592665034951 3.590675807797378 0
4389 2.682316486021247 2.569890824810591 0
4390 2.659585990094136 2.250808473444274 0
4391 3.538903476773225 2.021273227966472 0
4392 -2.430813003969948 0.7961068108727088 -0
4393 4.575449355939841 0.6077186304128953 0
4394 4.488980671413915 0.7881145943632925 0
4395 4.316793434781799 2.06723971755929 0
4396 4.057463593742007 2.073545966496857 0
4397 3.377489277392392 1.021856609150005 0
4398 4.576816322668335 3.230226706299037 0
4399 7.605936070689642 0.617449179437824 0
4400 3.538406248165543 2.222858526813026 0
4401 8.561771114705348 1.849421623214603 0
4402 6.912322848218861 3.701553023038439 0
4403 3.019405392122049 0.826107220556507 0
4404 8.734034478415984 2.399192606441916 0
4405 3.80086682351972 1.389895365276914 0
4406 5.90502667624369 2.156170297665291 0
4407 8.954518205796399 4.46401193375196 0
4408 4.922960181566137 3.442943607988967 0
4409 5.354184067129619 1.417485350804181 0
4410 6.222948974593524 1.639765507172025 0
4411 4.058143998487395 1.975677670957637 0
4412 5.095684711289572 1.448380758724334 0
4413 2.932370635525802 0.8763654138483598 0
4414 2.326850797617407 0.4158054666150185 0
4415 9.922607402385431 4.20180012158018 0
4416 7.780640255036705 5.004448485136145 0
4417 7.698072648770728 5.087211652828454 0
4418 7.610342381236808 5.071475817869142 0
4419 7.609869281809898 5.173885543356218 0
4420 7.515108955203445 5.147338941642428 0
4421 7.509908671796311 5.240315242516736 0
4422 7.519042173095583 5.051140973732291 0
4423 7.608815124204918 4.966624454592702 0
4424 4.910236583015371 3.90674844437803 0
4425 4.999202467730642 3.952276382078131 0
4426 4.143236668331534 2.978807613535855 0
4427 6.915389322655521 2.020192587078971 0
4428 4.836310548365351 3.414671071100117 0
4429 3.514897507068047 2.813731107394406 0
4430 -2.274575509224027 1.645030946923146 -0
4431 5.875740711761373 3.575067713648421 0
4432 4.40433801855703 1.263545714844539 0
4433 5.442740324614086 2.456673467263262 0
4434 9.080380205460454 2.618345656836603 0
4435 8.993783679326317 2.583674818449921 0
4436 4.66442071297616 2.355833485852151 0
4437 5.964988134548058 0.6515993456405847 0
4438 -2.750958280289793 0.6330229585365726 -0
4439 -2.873466708045513 0.662339426273637 -0
4440 6.310500894773236 3.445356404417809 0
4441 4.056028402715097 2.886995860330789 0
4442 3.709623567751939 0.6283255735784957 0
4443 7.434901915022322 2.007556025663145 0
4444 5.962816312785354 1.863048173259093 0
4445 3.78937197147941 0.9917349813019291 0
4446 5.270724737600885 2.529299556401567 0
4447 5.270813798555367 2.635677725425119 0
4448 5.356311391549397 2.857687158720488 0
4449 5.612048146000566 4.04991959959072 0
4450 5.357293461449073 0.5132315159545409 0
4451 2.323844410652443 1.425654859140113 0
4452 7.09208506668572 3.45805027444127 0
4453 6.481380035129016 4.531176945542244 0
4454 5.010739958549446 1.232559537295613 0
4455 3.095462177736704 2.471478737465594 0
4456 5.182966935582245 3.429291390827033 0
4457 2.926399490448883 2.381980154005557 0
4458 4.57567931943307 0.710553268355715 0
4459 8.556903156922633 5.39975822767857 0
4460 8.622330179076195 5.504120801060681 0
4461 8.539276487754075 5.482417835277537 0
4462 4.2303429019724 2.667543586474946 0
4463 4.231220614137461 1.009338179002728 0
4464 2.837788317126016 1.932092872597911 0
4465 8.474632581801824 1.933009277107523 0
4466 6.135380843489093 1.915847805715557 0
4467 4.751885004813231 0.5492400890790484 0
4468 2.413738976028021 0.4402366084820892 0
4469 8.820478778123359 2.918394705452491 0
4470 7.609026274612093 1.438000585653415 0
4471 7.609865534450353 1.53981801200107 0
4472 5.443710271383966 0.9461701659676519 0
4473 5.443747977884666 0.8464857824008055 0
4474 9.426327394700742 3.260496771244935 0
4475 9.339999647373009 3.067203015855851 0
4476 3.527516143842318 2.719565622580744 0
4477 8.300832592099585 3.000668694542965 0
4478 5.269565887646463 3.443641771424367 0
4479 2.384433012028272 2.156292731845233 0
4480 -2.751655555449068 0.4538406702914828 -0
4481 5.271515089647528 0.3870730396532546 0
4482 8.56144722423617 1.747631205412972 0
4483 2.23268925240095 1.502289160283059 0
4484 5.096731850541389 2.39856010179857 0
4485 8.820254499124335 3.517614441405796 0
4486 6.140230348989218 0.5794329029498749 0
4487 -2.780539735879102 0.5272360868290707 -0
4488 9.51231324303836 4.057908374638187 0
4489 5.96321354479406 2.606030060996884 0
4490 7.427738661253827 1.482913928787755 0
4491 5.615011569947481 3.73730649051525 0
4492 4.317108167683406 3.167642771885854 0
4493 3.705015983177347 0.5304018091178707 0
4494 5.441596142646391 1.754777101772846 0
4495 4.925554550252592 1.314811844551605 0
4496 3.366718313289732 1.222995120257245 0
4497 6.741231583167941 2.390498626496096 0
4498 6.491486828597401 1.287294421420403 0
4499 4.317805196328447 1.039764348707974 0
4500 4.145113753944747 3.374825185153615 0
4501 5.441711498893366 3.674541895050977 0
4502 9.425370310792097 5.173408321582606 0
4503 5.003920535002142 3.672299793824505 0
4504 6.744429534972967 1.675755350110887 0
4505 4.838593560521978 0.6678697747253892 0
4506 6.915159206026616 2.22000408310912 0
4507 7.086868266293793 0.503972409062347 0
4508 7.00553494651177 2.94167690363946 0
4509 5.098241575818063 1.517243297321527 0
4510 9.287970923803819 0.5980568410243193 0
4511 9.177402493968644 0.560606726368049 0
4512 9.199409255408815 0.6494405334349529 0
4513 7.781142696125212 3.168027157799548 0
4514 2.500477490294642 0.4660200993134812 0
4515 7.521590220941192 2.44808399267354 0
4516 7.176278672802672 1.837136186809436 0
4517 5.010319482884516 0.9164329985867524 0
4518 7.171799190278875 2.954644829641621 0
4519 7.167863235815862 3.050133773631962 0
4520 6.396074133546545 2.29125361597156 0
4521 8.387240943526649 3.521805512286566 0
4522 4.836721966560498 2.6137922499889 0
4523 6.402785497494555 3.375133031318641 0
4524 7.089490912035181 1.725744148992286 0
4525 6.648699519542185 3.116995673550987 0
4526 4.576611167998108 0.8129156950622392 0
4527 5.009665194193452 2.370793596484073 0
4528 7.100610735863475 3.367763416206222 0
4529 7.308099365103735 3.226897558642249 0
4530 2.589777159737733 0.3981434081108296 0
4531 9.678705116088896 5.241270366938677 0
4532 5.615970779775346 3.434823003843362 0
4533 5.78808389644714 4.129396026373515 0
4534 3.635277565125752 3.088785384466011 0
4535 7.610769479912051 2.083647886130302 0
4536 6.309773677985904 2.787667638078501 0
4537 8.364550097413829 4.813618253408965 0
4538 5.098373774179382 0.428701204498016 0
4539 5.443397273311372 1.247339103632638 0
4540 3.27834224627206 1.87632142512506 0
4541 6.482184885855347 0.6598851538563587 0
4542 9.339847145196977 3.365871225103046 0
4543 9.167003838708593 2.448977546913589 0
4544 9.432264840131474 0.4286084430388159 0
4545 7.217293236011708 3.156897306844157 0
4546 6.049701323521653 1.588953290870707 0
4547 6.564922316877317 0.4484469183350934 0
4548 5.962053371923366 4.219991037696092 0
4549 5.874207562081681 4.274180687018482 0
4550 5.961225601494633 4.318255543177909 0
4551 5.870995104071742 4.370447639794635 0
4552 5.958511170143632 4.414678025139811 0
4553 5.78318662468797 4.325237627304565 0
4554 5.777025861309937 4.420203609800284 0
4555 2.598811403422312 0.3027622704238258 0
4556 3.96560077049231 3.201325863511761 0
4557 7.143516064088565 0.7523046499602443 0
4558 9.764231554448902 3.416390424497969 0
4559 5.123716278316516 1.625667499873724 0
4560 6.12977048905645 2.345757676880209 0
4561 8.128076332384017 4.588973888369192 0
4562 3.370005565340778 1.122715250633827 0
4563 9.515173041504131 5.555103980666767 0
4564 5.090719616150115 3.702687173526918 0
4565 3.883876234948782 2.147445191628899 0
4566 8.821128166397422 1.201111013092709 0
4567 8.907717216561903 1.23743308416342 0
4568 8.99434715979254 1.177431835119294 0
4569 8.47413694795479 2.73766706433516 0
4570 5.617106163863407 2.02996292042731 0
4571 5.529288958480931 3.498194552737425 0
4572 3.729575040535448 1.503184828892251 0
4573 5.442717200409282 3.472914056683173 0
4574 4.401887406817995 0.7650166859968277 0
4575 2.328320308712647 2.215831721667197 0
4576 2.259745317259127 2.269194958688422 0
4577 2.743849051449183 1.883253792338012 0
4578 9.512387102939755 3.754191507984343 0
4579 4.750213531264102 2.68615997752643 0
4580 4.924210733538565 0.7910766742633319 0
4581 5.789912818018753 1.70722542755173 0
4582 7.437885251066433 1.172093709568827 0
4583 4.230546070389122 3.169616113018218 0
4584 6.395198707566236 4.185088387446744 0
4585 3.718628962455614 0.2757160376147429 0
4586 8.126769871063782 1.81893923622685 0
4587 4.836540356246274 3.315170137349979 0
4588 8.684620954509681 4.491497876967733 0
4589 7.089439869058213 1.929378290799736 0
4590 8.478811239857816 4.244633513895558 0
4591 5.61559571841671 3.636400523180306 0
4592 3.701482886921669 0.4240689611091897 0
4593 7.258442851208294 3.463737094111987 0
4594 9.338962333140872 5.090028566306182 0
4595 8.030890396901929 2.117654073122433 0
4596 7.348545367863851 2.291976896002851 0
4597 5.443840127769313 0.2465786344830565 0
4598 7.351489795381069 4.617116788302686 0
4599 5.257508985086452 3.837244571907058 0
4600 8.821012004875444 1.501347887519245 0
4601 8.994409678020958 1.077941325892281 0
4602 5.963736352162075 2.913430178023483 0
4603 7.779317874870111 3.767806009018129 0
4604 4.317788123266282 1.138886079375623 0
4605 4.230363213381859 3.070464766928429 0
4606 6.915929756092271 0.4694294793205208 0
4607 9.167249592414143 1.847577116700409 0
4608 6.223210898884918 2.665830831413075 0
4609 9.166906219499644 2.84787057288139 0
4610 5.356473803676194 2.54085110002052 0
4611 4.490492690356732 2.595695825383597 0
4612 4.316501442965166 0.7411296500610725 0
4613 8.040947505645388 3.205542836180272 0
4614 8.64785810276663 1.659533213377587 0
4615 4.750046042089052 3.189367335295251 0
4616 3.971545115172519 2.062389065859896 0
4617 6.309660998473107 1.962555999651283 0
4618 7.264373937878103 3.860324110032272 0
4619 7.865240991057659 0.7691780126449986 0
4620 7.95091913821935 0.7972646426119445 0
4621 5.357249603578679 0.6141953636435713 0
4622 8.128278100519562 0.5801389290507752 0
4623 6.569666621689892 3.369384641832893 0
4624 4.924114285906194 0.6853346193415275 0
4625 9.07998255350727 3.718950862033168 0
4626 9.763303291157163 5.617956097874231 0
4627 3.707423449323478 0.3619862303049085 0
4628 4.663457230796388 3.160605586153735 0
4629 7.778920411611252 0.752398654265522 0
4630 5.1122507406948 0.2416808326364236 0
4631 7.624601842911908 1.068272354999211 0
4632 8.301303953895857 0.9703094551176501 0
4633 5.70362891848538 0.7676011501231751 0
4634 7.520923401365474 1.514086159803235 0
4635 8.214157651583267 3.192287983548598 0
4636 8.214308664658351 2.792215641227765 0
4637 5.875549811186502 3.875630751727668 0
4638 9.760488336218831 1.019256879921122 0
4639 4.188393397068315 1.734932860103501 0
4640 4.231942487175179 0.7104983728126096 0
4641 8.475699903612057 5.30791381959728 0
4642 2.569823078817 1.790680567651649 0
4643 3.797987409874445 2.230054842529322 0
4644 5.963504348730306 2.505381263905719 0
4645 5.357036382760821 0.9168371530150289 0
4646 9.511666080842975 4.861191493568494 0
4647 8.091038253059958 5.037251909950397 0
4648 6.741292604671075 2.497672025657464 0
4649 9.681536325651436 4.642141340284808 0
4650 5.611890759700344 4.153037017593634 0
4651 3.797900389225459 2.331589184208314 0
4652 9.080853422568651 1.416420489470912 0
4653 9.011492828063773 0.5840043797636654 0
4654 7.868207903933441 2.399520558437926 0
4655 8.473875717296849 3.843011855937026 0
4656 5.789959984849189 1.408177870677986 0
4657 8.387164197124893 3.922649813590565 0
4658 7.706748125297301 2.029697808098521 0
4659 6.918507917410745 3.398310593644673 0
4660 7.053110570178304 0.796653224676617 0
4661 9.253073808307914 3.965318500744303 0
4662 9.080210380853927 3.118991078178954 0
4663 5.962238888458661 3.820099581960814 0
4664 9.509231681868032 0.8577009333676959 0
4665 5.70227844068528 3.680632113393262 0
4666 5.528947479595304 3.600803307274716 0
4667 8.561245989630688 1.345227078935743 0
4668 6.919432123143355 0.3708660545868752 0
4669 8.997152630118922 4.689780107232485 0
4670 4.389456963272108 0.4255606305290158 0
4671 9.339809755212887 3.465094081144529 0
4672 6.829293658330357 2.835408453320972 0
4673 7.245785082163361 3.072191212040576 0
4674 5.530381358799938 0.7840104159428409 0
4675 8.7338707101762 3.897128535935655 0
4676 3.874634901032544 3.212485130574489 0
4677 3.181136932345319 2.520523130409396 0
4678 8.734070153018354 2.196508716551036 0
4679 5.096660193173961 2.905704215360878 0
4680 9.425729281275327 5.373111191598249 0
4681 5.78897215845827 3.727714353296649 0
4682 7.347997959492376 3.645806526053846 0
4683 6.048706559316325 4.257056386176546 0
4684 9.763355610362689 4.727721473394523 0
4685 5.702641820892874 2.979743739982938 0
4686 9.762850982182044 1.617939631745543 0
4687 6.222275372119317 1.940296545673351 0
4688 6.828813436931218 1.026121986723928 0
4689 2.653291777745804 1.832847379326027 0
4690 6.996107670322934 0.7002881981291009 0
4691 6.654124316746344 2.90576744461799 0
4692 6.221688433269797 4.417484369534831 0
4693 7.473198761086704 4.319958578164411 0
4694 5.078840904808941 3.795612420205738 0
4695 4.235400454871659 0.6176725424441402 0
4696 7.088369188247229 2.533740969694101 0
4697 4.662193364837183 3.460579954868456 0
4698 6.457251615182937 0.4354364459763821 0
4699 4.24871104819502 0.5360903782614713 0
4700 7.002403563729556 4.742411950392 0
4701 5.699165514721883 4.186789791313847 0
4702 9.167009533080664 2.348147444555996 0
4703 4.836775606634792 2.713289530058087 0
4704 9.512257764322266 2.857264942014048 0
4705 5.788808708253002 3.828187794086053 0
4706 7.608125332826575 0.5102669762341644 0
4707 5.876551771166438 1.437404623063907 0
4708 6.049781067314624 1.38919284548319 0
4709 7.001064645424508 0.4845466906531734 0
4710 8.163688859218961 5.088749329724744 0
4711 -1.995775413942542 0.5323826795716778 -0
4712 4.403821735457679 2.675524426355906 0
4713 8.743909262024562 0.3678421201194755 0
4714 7.777215272938112 4.179290115468658 0
4715 5.963145777094097 1.463161199603569 0
4716 8.140237406362386 5.161812901529816 0
4717 8.644927681896057 5.108136526071114 0
4718 9.339023452936198 5.191733030542885 0
4719 9.080705891559111 1.716408762752509 0
4720 6.568324226057279 4.577016255139847 0
4721 7.877465843168809 4.413612813297157 0
4722 7.954639060730432 2.311519389924649 0
4723 9.134878898449436 4.57786780854705 0
4724 6.125848278474636 2.115555806169429 0
4725 3.278157499423624 2.176276571596666 0
4726 8.820215290070369 3.717222104990897 0
4727 6.83054338251655 4.798920837111758 0
4728 9.42502135016705 4.667421351225371 0
4729 6.668666665842477 3.874110068810638 0
4730 8.648161810610578 1.86494808303011 0
4731 8.560436201363759 3.560590454234898 0
4732 9.426387687360762 3.161206474491135 0
4733 9.597828763595484 3.246058653155302 0
4734 8.723902770715471 5.435051624883784 0
4735 6.135072076741755 4.388713889659297 0
4736 5.963647954025031 2.809492479560065 0
4737 4.399682040181349 0.3261530353337607 0
4738 8.462807989702231 4.997337306091016 0
4739 7.604413871413908 4.652239326950688 0
4740 5.102860041276411 0.3325366555940087 0
4741 9.513047410397801 1.256975405768561 0
4742 6.050419023340344 2.734845679035926 0
4743 8.816594100780714 4.23075649649102 0
4744 8.902007620438622 4.255391299954276 0
4745 9.512343896982689 3.553309255299328 0
4746 5.786338724516381 4.228604961361542 0
4747 7.941373052204838 0.8922277647254375 0
4748 6.308666975718151 4.046840729017809 0
4749 4.649519000923208 3.653064577196818 0
4750 7.431422434926422 4.932358959484281 0
4751 7.2624166792113 2.167115568777079 0
4752 6.915257145494812 2.119556451266277 0
4753 4.658349451284121 3.557304741654578 0
4754 5.529511263618629 1.787921970610473 0
4755 6.137470237340478 2.755221934427154 0
4756 6.39548420284783 4.085462697246053 0
4757 9.764363378287554 3.717186144088292 0
4758 6.539707236917616 3.090528456900381 0
4759 7.175006625745078 3.468567807791193 0
4760 7.435003472688216 2.317286310252219 0
4761 7.434308322843393 3.740867924428191 0
4762 7.426601818676324 5.026568156440211 0
4763 9.426182852272822 3.559348311604538 0
4764 8.041024275294978 2.405969735333852 0
4765 7.090310692813193 3.041806281987336 0
4766 4.498203456720735 0.2721882276780395 0
4767 6.40513169096688 3.172533595838819 0
4768 9.763671588566245 4.426371236765204 0
4769 7.696864219563943 0.425724499464056 0
4770 8.473986091092092 3.137254799231609 0
4771 8.907639114044903 1.437739727531378 0
4772 8.12593126140643 1.410569379318564 0
4773 9.080488397765201 1.917045148445699 0
4774 8.214225720070969 2.389751607488407 0
4775 9.166310940601345 4.049030284386331 0
4776 6.136440747671871 1.315084327979015 0
4777 8.300756624721467 3.201775569092991 0
4778 8.301798655071918 0.4689112549528847 0
4779 9.922064218912055 4.402904532004088 0
4780 9.079036560868946 4.119870526341043 0
4781 7.518213060623733 3.755300190016297 0
4782 6.916398586513941 2.837475212068294 0
4783 7.175482699151781 2.247961658728812 0
4784 8.127553585178184 3.196267503702644 0
4785 8.853603206405909 0.380641252656319 0
4786 6.40242092075359 3.270597060226743 0
4787 8.005856762913178 1.053996653214548 0
4788 6.650532726389206 3.009862727486674 0
4789 9.339145077203304 5.292379833150393 0
4790 8.387505034418723 4.34054488067111 0
4791 7.780710879193383 5.170539736880545 0
4792 7.782824742576753 0.4466031673684037 0
4793 -2.013545002044923 1.017419544260555 -0
4794 9.511650232894571 2.356768500645903 0
4795 6.830905618940709 0.4613846819752682 0
4796 4.580393347377699 0.226541517544524 0
4797 6.222023569443062 4.016474394237527 0
4798 6.310285605678382 1.359985162065147 0
4799 9.512970803194921 1.556889106251983 0
4800 9.167401905094778 1.547034451406875 0
4801 6.479311623456192 3.128315492590268 0
4802 7.17682439457257 1.636138678225098 0
4803 6.785717025405401 4.088204959191712 0
4804 6.398739572964117 1.377501039050462 0
4805 5.876228704481602 3.074205159890955 0
4806 9.099168939842201 0.6234503050608831 0
4807 9.090558356696221 0.7205614276124284 0
4808 9.426106107887337 2.363691070317877 0
4809 6.223216636276154 1.338966310179997 0
4810 8.028100937943822 0.9381818351300534 0
4811 8.030415928179805 4.518111986308709 0
4812 7.518369326986059 4.644975862824803 0
4813 5.876460522759771 2.97303993017872 0
4814 9.246602144516062 4.471512764201015 0
4815 6.742530792119164 2.822460991611013 0
4816 6.570685926900762 0.7722634258809188 0
4817 8.555269760905652 4.9917716556706 0
4818 6.397672074226853 1.479089975000883 0
4819 8.560435679529665 3.660752368998841 0
4820 8.561742331505164 1.951326685614759 0
4821 6.95762015778616 4.006036786399735 0
4822 7.868810718209472 0.4700947811329111 0
4823 5.049595347456834 3.880117708759978 0
4824 7.088968534715834 2.944075422948185 0
4825 7.955087650679542 0.50005765022922 0
4826 9.426172455932157 3.759916061015265 0
4827 8.041457610378327 0.4391399435781871 0
4828 7.433586037210572 4.546319648578089 0
4829 6.486183353324919 1.497802468530595 0
4830 9.170138392731838 0.8517536945827839 0
4831 9.167057774376021 2.148499321362013 0
4832 6.048840139351729 3.858248735909128 0
4833 8.994265851396728 1.377557193347887 0
4834 7.271355108364346 4.186414682055431 0
4835 6.046316580763039 4.454142247757186 0
4836 6.04253963391688 4.549178062913303 0
4837 5.096561632586297 3.005650520391678 0
4838 6.047928866425434 4.355175244298144 0
4839 6.745083848881974 0.4577027061377783 0
4840 6.662763827298387 1.547386054729112 0
4841 7.359959939558332 4.527374565334816 0
4842 7.606335602615216 3.687725455471125 0
4843 6.571382162532291 1.62050569477009 0
4844 6.510181723753071 3.405903372904097 0
4845 8.74695847601506 0.2680458983285716 0
4846 6.915946238707543 4.72377454217492 0
4847 8.906275214909364 5.083191694091043 0
4848 5.876037797396076 3.174108776292571 0
4849 8.06949412850577 4.311450154235988 0
4850 6.741504448300804 2.286611192505554 0
4851 8.127311036558854 3.6986881501259 0
4852 8.561495183019669 2.053576617666153 0
4853 6.135448315521466 3.889537596889141 0
4854 8.561005492803767 2.256937177799972 0
4855 8.473841127934621 3.542047447941862 0
4856 7.176140522688293 1.736594419020028 0
4857 6.917759147103475 4.309839294943391 0
4858 6.914282506702108 1.457458413830897 0
4859 8.641466652676074 4.896213863682676 0
4860 7.001298683724074 1.520980345272141 0
4861 7.348756585342373 1.77243655441126 0
4862 7.262321993937924 1.752623167708091 0
4863 7.090422483376479 1.626462548035854 0
4864 9.426823483881684 1.663783114705184 0
4865 8.733922027978787 2.79569404029163 0
4866 6.756925046356348 4.166464315149702 0
4867 9.167102074452172 2.047111772500161 0
4868 5.793519728808827 0.2277818715554174 0
4869 9.422638806755479 0.7661324478295812 0
4870 6.491845187322907 3.518124180251905 0
4871 8.736519554558404 4.717199149309929 0
4872 6.837477319667365 4.198103966389978 0
4873 6.655118388526943 2.160307369827275 0
4874 9.425009243564777 4.565956683877158 0
4875 6.656957205259549 0.4549544542284871 0
4876 6.569793805002819 0.3460546673695061 0
4877 6.916107239413479 4.410041825828284 0
4878 9.080275687939226 2.218628395717897 0
4879 9.080813072999081 1.515603637843215 0
4880 7.525391035274035 1.619998248953539 0
4881 6.136427002152818 1.01263119117084 0
4882 7.692561478300382 3.727732396550381 0
4883 7.174129617211399 1.087488172084622 0
4884 8.12770429794142 2.796780652004164 0
4885 7.699151987717817 1.655456038777902 0
4886 7.616514505214655 1.641602633196183 0
4887 7.27992848713925 4.494765106605382 0
4888 7.436050805818332 1.696464848962099 0
4889 7.001993472504586 2.225362458371812 0
4890 9.079025415712335 5.417580436990645 0
4891 7.088778785682698 2.233749597982707 0
4892 6.396132098334019 2.189520755655211 0
4893 6.947343287084386 0.7865240661041735 0
4894 7.780085180672256 1.671882068899908 0
4895 6.569270657440015 2.135994404665321 0
4896 6.833622513953192 1.604126310041509 0
4897 7.865116286383933 1.691318982577684 0
4898 6.579174355297563 0.2542013650187849 0
4899 8.561183327398188 2.155537113072744 0
4900 7.00409201490039 4.427146578749351 0
4901 7.954531306037946 2.711515045253882 0
4902 8.040236590282245 3.807868934134874 0
4903 8.042874304932404 1.81484257252683 0
4904 9.076324630365891 5.514392258468879 0
4905 6.483165060808401 2.214781548206812 0
4906 8.820550871941739 2.719635130016578 0
4907 6.749447960748052 1.578036948143483 0
4908 7.190651522531978 4.463133286430351 0
4909 8.113424684957057 2.096095753091049 0
4910 9.165801632154302 5.22018838076302 0
4911 6.307285530377029 2.268523567808311 0
4912 5.953577095831223 4.507917025500585 0
4913 6.216850484727089 2.143740763125766 0
4914 5.710492515850115 0.272143558665142 0
4915 8.118265983157624 1.091414730610346 0
4916 7.099564352061841 4.334531991346666 0
4917 8.122035860553268 1.890011935923457 0
4918 8.088459106657204 2.000247750491898 0
4919 7.780430145901619 3.666699804589914 0
4920 7.954494402476913 2.809787289487412 0
4921 6.483001202442632 0.975375829194194 0
4922 -1.896480815626366 1.281627356225224 -0
4923 8.90717145114264 2.649688425145309 0
4924 7.608080276434778 2.786554584623141 0
4925 6.926627941274045 0.8670389876256341 0
4926 9.512035969985755 4.258898530459307 0
4927 8.647571469373275 2.277268696601427 0
4928 8.993772399508462 2.484566403276393 0
4929 8.127515499052761 2.395409531561817 0
4930 3.574639551799966 0.08603009930978393 0
4931 6.828249948923665 2.205142058015011 0
4932 8.387551900168162 4.557273482197915 0
4933 8.300890338931305 1.071068837416678 0
4934 8.64019321375657 4.786359919292456 0
4935 8.126931743250893 3.898609109904149 0
4936 6.918884901597401 0.9565825677350057 0
4937 8.122961879274541 2.196187962206566 0
4938 8.212387389088308 1.028436936458513 0
4939 8.213308833915567 2.290980083131796 0
4940 7.867858506301752 2.897182015437997 0
4941 9.252464230235613 5.209094508676283 0
4942 5.792234373549685 0.4047333365377761 0
4943 6.138018751974223 3.081826387893161 0
4944 8.647176808802266 3.175308154744493 0
4945 9.16596548994066 5.319563480985188 0
4946 9.276312620710975 0.08764886562980816 0
4947 4.837187792410394 1.896209697641168 0
4948 7.175398115914631 0.114145527409181 0
4949 8.387626525254833 1.506820593861508 0
4950 6.871358273133786 0.08668915802267642 0
4951 5.984601751572044 0.08460736526238982 0
4952 3.767824954699395 0.09432299146143916 0
4953 7.867474036803245 3.596052775187616 0
4954 4.971680675932785 0.09417836554457902 0
4955 6.68223864817504 0.08617237154978552 0
4956 7.571103892436229 0.09530258890694872 0
4957 3.881140522824321 0.1148272184937394 0
4958 6.588492369076898 0.08988454190466605 0
4959 7.683472593791471 0.1147664900651782 0
4960 6.174432468318448 0.08651818485929676 0
4961 6.132649230970381 2.014769764632825 0
4962 7.378388780277661 0.08718164754957947 0
4963 9.075927486137571 0.1134659479710768 0
4964 6.052855535074679 0.564078615240644 0
4965 6.136989528149678 3.185611915084896 0
4966 8.647290147641739 2.874893494345898 0
4967 6.368040376267662 0.09486499107440551 0
4968 8.474211169222404 2.538775928662527 0
4969 8.387648409235663 4.4550205797174 0
4970 0.02542917151084226 0.6779414153590388 0
4971 8.387937336179267 1.106451310811541 0
4972 6.046706391760779 1.986691134778214 0
4973 -1.997199898313897 1.345870210031666 -0
4974 8.474632928207722 1.230966376509834 0
4975 8.647482654821243 2.378153611895446 0
4976 4.664083197481855 1.642636340127424 0
4977 9.080382390749691 2.518671066009105 0
4978 8.127048130955639 4.00024968572472 0
4979 6.570180115791646 0.8770051478235811 0
4980 5.962461590119246 1.961062968329738 0
4981 7.954209992083577 3.50881886636031 0
4982 8.474684989992763 1.130424663715658 0
4983 8.820365305015194 3.219244243592907 0
4984 8.127727678545057 2.497054328813697 0
4985 8.387682625844954 1.405998167104039 0
4986 5.876691868880282 1.837069803931713 0
4987 4.577445700965341 1.516537931766043 0
4988 5.790250074725499 1.806285431454372 0
4989 9.682249964128882 4.036572849806705 0
4990 9.91838955354819 5.794450469163417 0
4991 8.993583850618982 3.183399937612707 0
4992 9.921773271424879 4.803342317811993 0
4993 9.92038414823551 5.202627471790117 0
4994 9.764737010498386 4.020350897946392 0
4995 9.921952207779004 4.603311870011811 0
4996 9.921123967175335 5.00294667577958 0
4997 5.356274675902178 2.959090418836433 0
4998 8.993545786584441 3.284271630563822 0
4999 8.040746801603115 3.606737602075399 0
5000 6.222982859819622 0.8219348370689603 0
5001 8.560845325196714 2.458678119581478 0
5002 8.127739663791152 2.698010270067747 0
5003 9.080134357261525 3.320449093464705 0
5004 5.704064086041023 1.869911096459744 0
5005 8.127760257912206 2.598427288599564 0
5006 4.664160876489931 1.542957260159774 0
5007 4.577530119481013 1.41612573491454 0
5008 5.617052975659814 1.929093636326383 0
5009 5.52974498208394 1.889241891231868 0
5010 2.932126425591911 1.276480715575716 0
5011 8.647252481200759 2.974898164741047 0
5012 2.932168278554046 1.176440625323883 0
5013 8.474242657378976 2.438565545921586 0
5014 5.44296941026187 1.957589936115845 0
5015 1.979784024941704 0.9205857523514892 0
5016 6.136660479437233 0.9076705762691386 0
5017 8.560619424317586 3.055739752356507 0
5018 5.356523307130225 2.03801617769461 0
5019 4.057060965293628 2.372641758254498 0
5020 8.560694779073586 2.856055580301696 0
5021 5.010996406457054 1.869885979377411 0
5022 5.269477133146291 1.930035515498087 0
5023 8.56058140190474 3.156407657501305 0
5024 4.923827317338555 1.932736974907206 0
5025 5.183038763663227 1.822924666956892 0
5026 4.837489409531371 1.796832265943613 0
5027 8.560769287673994 2.65717686865018 0
5028 4.750726193424738 1.767288503014008 0
5029 5.098864221708203 1.802067595262805 0
5030 8.819700597795034 4.022004175460512 0
5031 9.080096695990989 3.419965219402135 0
5032 3.104951665384777 1.976450403948224 0
5033 8.906845388840884 3.547267083976093 0
5034 4.490866550986863 1.388589025567957 0
5035 4.317695391136468 1.237523319779186 0
5036 4.230591248848893 1.306486154776291 0
5037 8.993470812080748 3.483083144098643 0
5038 8.560732138852567 2.756565623972392 0
5039 4.404147114908898 1.362450853674884 0
5040 4.143772407542141 1.27060706159385 0
5041 4.054986049124507 1.332270408532502 0
5042 3.191676127616918 1.926364264713574 0
5043 8.9067727341872 3.746431300314305 0
5044 3.709768685313803 1.207741893771101 0
5045 3.798202673944758 1.2937073391663 0
5046 3.968877440712755 1.303267871504705 0
5047 3.45360539605693 1.365099834885469 0
5048 3.625311402177078 1.211635775809992 0
5049 3.540571820825861 1.294945163403791 0
5050 3.883438697184713 1.291394288298644 0
5051 3.191974658209188 1.326234692933443 0
5052 3.278722325091629 1.375661678824146 0
5053 3.366122789980786 1.322319964623459 0
5054 3.10530236811571 1.376323855209938 0
5055 3.018713289244949 1.326360049178427 0
5056 2.845581322802504 1.126941401390487 0
5057 2.758994851474741 1.07882333697155 0
5058 2.672357299265581 1.134761855816314 0
5059 2.585665491191179 1.197179537653568 0
5060 2.498877012518526 1.167503607944687 0
5061 8.214895089291582 0.525812560081208 0
5062 8.904315938088692 4.153801683822213 0
5063 1.800173328062433 0.9866463242599229 0
5064 2.411982460829737 1.041721784057269 0
5065 2.324943647337671 1.018467370727083 0
5066 8.90681043568962 3.64762476157915 0
5067 2.238154793436084 1.098661076111233 0
5068 8.906665041742698 3.846958968407708 0
5069 2.066952596701718 1.051235696334951 0
5070 1.979783019353239 1.024327047674262 0
5071 1.890484322823188 0.897134682703737 0
5072 8.905667081339573 4.050761366645157 0
5073 9.597743254034777 4.048551551331587 0
5074 9.33706241022773 0.774991682025888 0
5075 8.820077592163798 3.920079763662623 0
5076 8.987477265655437 4.286864754982292 0
5077 8.990689326352067 4.186767564551944 0
5078 9.073809326524417 4.321530637977832 0
5079 9.038440962662495 4.512992360765241 0
5080 9.062099603481345 4.419641194171374 0
5081 9.337170023849614 4.471353538400987 0
5082 8.388296272908791 0.7026694795139267 0
5083 9.261056351701185 0.7073982609501905 0
5084 -0.01815999342788841 0.6282095306360009 -0
5085 8.821372530320915 0.9004681766116603 0
5086 8.821885642142114 0.8010728109240269 0
5087 8.997488151390373 0.7792556235075495 0
5088 -0.01326231541697147 0.6651344023483841 -0
5089 0.06289100584925378 0.6594570638793955 0
5090 9.176969669039279 0.7531442307283482 0
5091 -1.88201953496261 0.7133336919951752 -0
5092 -2.440510707057822 1.017114361033025 -0
5093 0.05251568899005284 0.5272178004888426 0
5094 1.630558270283657 1.105870191861735 0
5095 1.672595074874008 1.580693755120586 0
5096 0.1106820608721487 0.6189867782670553 0
5097 1.752455847198085 1.545536944426579 0
5098 1.803285371927147 1.465813302621803 0
5099 -1.501058383149784 0.9218875265544524 -0
5100 0.2050449073810519 0.745121188730452 0
5101 -2.908188169986899 1.620409432000408 -0
5102 0.1598860689539672 0.6838254267247976 0
5103 0.1583453234766319 0.7409880689828244 0
5104 1.632248946488939 0.5536439617291599 0
5105 1.571781573940513 0.8471399417941539 0
5106 0.2596457096444986 0.7004984195330296 0
5107 0.2500532979643127 0.7563213000333101 0
5108 0.2163307235252537 0.9429332152758867 0
5109 1.631518190774264 0.6543619386519116 0
5110 -1.21767971105807 0.08870211293531062 -0
5111 0.8560042116730576 0.5758392444311857 0
5112 1.552342715954719 0.7552565436380797 0
5113 -1.473894010361615 1.387219862916458 -0
5114 1.545226266804096 0.3545337272775333 0
5115 0.2280676239180524 0.5718222598723435 0
5116 0.2909567801812467 0.544121731836832 0
5117 0.2060617830590022 0.5289503961755248 0
5118 7.120992734119024 0.2111813968259566 0
5119 0.4372113424682583 0.8438529715878303 0
5120 1.90700459137307 0.2036284519526893 0
5121 -2.806182259000153 0.7834202717519514 -0
5122 1.093631204839051 1.497041833658473 0
5123 1.2503118556768 1.621964896009043 0
5124 1.40294212195281 1.745855159659413 0
5125 1.79349140363209 2.042395988441788 0
5126 1.964162167915152 2.160699706650659 0
5127 4.338350176343361 3.757845139238561 0
5128 4.511624147455449 3.861350599709287 0
5129 -0.6888613208472125 0.1742624416557646 -0
5130 0.3341577020747071 0.749089696383275 0
5131 4.949091724526167 4.106313534535733 0
5132 5.113846824708688 4.193937078716903 0
5133 5.594711657993845 4.430676044423038 0
5134 -2.014275209843579 1.561866352260082 -0
5135 -1.806499025714482 1.556918443668545 -0
5136 6.843578722083032 4.991916747137764 0
5137 7.029639793884316 5.057785659353761 0
5138 0.8658098540576359 0.2704939881547588 0
5139 8.330493198673398 5.505512798297895 0
5140 -0.8814766189846424 1.124139049563625 -0
5141 5.084402464461862 0.1153636149131833 0
5142 8.958091436820116 5.682362970134383 0
5143 9.513446149476662 5.811498100243071 0
5144 -0.374025096302709 0.6423402449506614 -0
5145 -0.209231955704045 0.7806235929374575 -0
5146 7.319170726974524 5.173667612026823 0
5147 6.96801895357907 0.08924680449906446 0
5148 7.789685423392951 0.1770725059367659 0
5149 0.2923182706429481 0.7612691492342093 0
5150 2.444301296730313 0.1518757091088783 0
5151 0.5095504427348956 0.7488362617728478 0
5152 5.191370266639968 0.1814899113648608 0
5153 -2.002376628536592 0.2517308705886368 -0
5154 6.573876484919204 4.874526623113384 0
5155 2.621530231592147 0.2124530508754209 0
5156 3.98565101494441 3.45730113350748 0
5157 4.240252096939422 3.610194877278527 0
5158 0.4293513161024112 0.9071959155967273 0
5159 8.869419524903332 0.08791095975246278 0
5160 0.6789961357310761 1.108178686887146 0
5161 3.689814159153284 3.283848901757714 0
5162 -0.1773724413510788 0.2997032769355248 -0
5163 8.489415284126997 0.08602134964548486 0
5164 2.974257045519623 2.794516520964139 0
5165 -2.162317892373202 1.719232605163646 -0
5166 8.708076495151065 5.526302466151823 0
5167 -2.809573246131186 0.8720202262031127 -0
5168 6.248539488582513 0.1780576922434276 0
5169 5.890495005310721 0.08561073775442342 0
5170 0.292624776717306 0.8304985421500494 0
5171 -2.818731145928753 1.547776344931995 -0
5172 3.261391823175068 0.09817747291660923 0
5173 -2.584036224891783 1.76603105728517 -0
5174 1.717037604651437 0.1759341699470448 0
5175 5.689673603061093 4.37850840062578 0
5176 -0.3741194153462508 0.8528592682762091 -0
5177 0.3377040752568529 1.009579569833934 0
5178 9.177331682664382 0.1749302161291234 0
5179 -2.2830259925195 1.759127052611339 -0
5180 2.311243903708562 2.317023724708871 0
5181 -0.5264091153519301 0.09203165987624048 -0
5182 -0.4967797059592305 0.7438256137622894 -0
5183 3.647381509304609 0.1756095382342664 0
5184 9.067880640766399 5.609270501714177 0
5185 6.585275847155753 0.1723898384120611 0
5186 1.029806320390562 0.6991367517643848 0
5187 -0.2855046201264589 0.5252342068716322 -0
5188 -2.453496790224469 1.827777195623726 -0
5189 3.990579548103857 0.17594309762267 0
5190 1.110710746997658 1.026053182452495 0
5191 -0.9212866305201531 0.7303489480677299 -0
5192 -1.313041915830456 1.120365497613103 -0
5193 7.4538616655054 0.1797578386061867 0
5194 0.2924298580794372 0.8815178705907438 0
5195 1.063426140058233 0.1186451189971531 0
5196 -0.703179975990545 0.6805028828739408 -0
5197 3.162373479429124 3.015992978264928 0
5198 7.278528434675328 0.1738853530739946 0
5199 8.678964750121754 0.08528136811652261 0
5200 -2.235440951176245 0.0830994860650502 -0
5201 -0.1183391436568562 0.2619305731478214 -0
5202 0.6109327135349925 0.7974032963350289 0
5203 1.362609377313718 0.1659351200645743 0
5204 1.165303754542805 1.446255084394614 0
5205 4.685374603264806 0.08505313771621602 0
5206 1.639394888438351 1.923954586618643 0
5207 -1.796866818687268 0.1753641124398591 -0
5208 -0.1105613723515579 0.5174890944532266 -0
5209 3.331172669314821 3.124972716771521 0
5210 -1.980098414821122 1.642722388929324 -0
5211 0.7303260935942038 0.8903941296627107 0
5212 6.760115672578948 0.174249557141239 0
5213 4.855125787228666 0.1752196779908747 0
5214 2.033371885963104 0.08727482081698233 0
5215 0.939373732674495 0.4798599880768105 0
5216 4.161970140771657 0.1130593653619103 0
5217 6.065922483144496 0.1736927080219817 0
5218 2.785344211284177 0.09147202972033962 0
5219 7.968675150368263 0.1176835637725841 0
5220 0.4784536759031686 0.7323153632782956 0
5221 7.231677909017664 5.043477423835841 0
5222 0.2321994296772857 0.9042940854732612 0
5223 9.843366955855641 5.604590885448215 0
5224 9.760753954716419 5.126624900844015 0
5225 8.05344626131741 5.422034557000816 0
5226 9.845067306097118 4.00585264613065 0
5227 9.844485652119166 3.701873421044397 0
5228 3.47097780757608 0.1714592589261782 0
5229 9.844338312788755 3.401354721992012 0
5230 9.84391503805243 3.10266786545525 0
5231 -2.549327692833638 0.2774611588213269 -0
5232 9.760705731175458 2.52339823536047 0
5233 9.760975718749027 2.224241889242293 0
5234 9.762777155597895 1.920414635028206 0
5235 9.84289941270732 1.905977196163885 0
5236 2.912125443233536 2.854305434578343 0
5237 -0.6035488891110066 0.553488374363226 -0
5238 1.534210519729565 0.1717446741624413 0
5239 4.775015666892422 4.010797147215242 0
5240 8.589089199845494 5.585629245472091 0
5241 -0.908452779581075 0.7865245854780116 -0
5242 5.369619058284857 0.1187783211524983 0
5243 -0.1263636891082785 0.3739886185093695 -0
5244 2.829618562931135 2.800034626955856 0
5245 0.03027333206860391 0.4867432763726117 0
5246 -1.594075485337025 1.357014875216054 -0
5247 -0.5128210609264253 0.9765813531427705 -0
5248 -0.811714907563744 0.9570845666765528 -0
5249 -0.3559081522576303 0.9065531153379218 -0
5250 -0.8040195192478196 1.09841216710163 -0
5251 -2.908198231993156 0.1864754336857706 -0
5252 5.769741990564048 4.513577742138621 0
5253 0.3375926491589989 0.6420377824174756 0
5254 -2.909211970778022 0.2826594371329177 -0
5255 -0.211125697666442 0.9250653496725417 -0
5256 0.6642043822249037 0.9986224679555031 0
5257 2.223513925908332 0.09734681678021748 0
5258 -1.025752360996496 0.08452698465276968 -0
5259 -0.6281323689022407 0.1722145100630287 -0
5260 9.839878551489139 5.794491554899786 0
5261 -0.04106748595734636 0.2735435551319154 -0
5262 -0.3931254515775816 0.2282996269620148 -0
5263 0.8689662653909136 0.8410185481895521 0
5264 -2.448820830604676 0.1756937103058162 -0
5265 -0.5711297198482295 0.4675001095011566 -0
5266 0.6682007979196032 0.9413195773038835 0
5267 6.663698361244204 4.915212214722056 0
5268 -0.7494953995848962 0.4837939291942706 -0
5269 0.9415230679712211 0.5811338174375045 0
5270 0.4955575706191483 0.3850206976872344 0
5271 2.188054121862667 2.32806113484267 0
5272 -0.0233359141874948 0.8535585613775103 -0
5273 -0.1094250957710042 0.4827364111675897 -0
5274 -0.2199708084700583 0.4141275470273618 -0
5275 -0.5021623149378677 0.4453867227983506 -0
5276 -0.8706542524980575 0.1768280075764994 -0
5277 -2.89685876256762 0.7459107824859116 -0
5278 0.06923371865812276 0.2073683950382242 0
5279 2.812060620494113 2.691897877887943 0
5280 -2.907595364215766 1.42573007561176 -0
5281 -0.7101655301935165 0.8581933094018871 -0
5282 -2.356214781727108 1.708431482483344 -0
5283 -0.1895517784797481 0.6837250354282753 -0
5284 9.161038818531196 5.616661578228226 0
5285 1.001787174482808 1.332072351176782 0
5286 -2.908364718990076 1.807040219889751 -0
5287 -2.71482195212119 0.08752215200218297 -0
5288 5.865102177907607 4.464205826208294 0
5289 5.525306188048864 0.09637220010043646 0
5290 -0.4382490093830702 0.9619625245982021 -0
5291 -0.2871379055214527 0.4619181364529306 -0
5292 0.7308840120145137 1.224137523477517 0
5293 1.560124247797493 1.864538007356576 0
5294 1.081359561402161 1.387176626664784 0
5295 8.124589885907287 0.09652910340923274 0
5296 8.147757343948268 5.445107351661748 0
5297 2.756312951615274 2.650591197382848 0
5298 9.400197298241828 0.1778413331396136 0
5299 8.480963682822541 5.463589646529432 0
5300 0.8549618069112054 0.3639817647741743 0
5301 0.4267777622453937 0.9875170605932483 0
5302 0.3868412915238036 0.9762963704424695 0
5303 2.889385458700545 0.2498956459986495 0
5304 -1.323147711732203 0.1832374279486362 -0
5305 -0.1627832580891404 0.9193479974470151 -0
5306 7.719605747145735 5.203008741754477 0
5307 0.3082432549294917 0.6090393455029721 0
5308 0.4909693762590962 0.1567985602464864 0
5309 7.224303426558931 5.133749226051241 0
5310 -0.669472089795795 0.4406168331586349 -0
5311 -1.311064174430089 1.179076422815702 -0
5312 -2.331669382314258 0.08422790429460771 -0
5313 -0.1501229774916057 0.1140826510519599 -0
5314 -0.002176023852050839 0.4502928706839461 -0
5315 -1.887419416542702 0.1666530199733319 -0
5316 -0.6168727894157465 0.989152942895049 -0
5317 2.203594123031235 2.197117340987733 0
5318 6.746927299484336 4.859414799563797 0
5319 9.687655248629937 5.821863229726588 0
5320 0.6748742871480047 0.7486332497445873 0
5321 0.2514632130590085 0.328242731136397 0
5322 9.459596313898723 5.718239323912176 0
5323 7.605370585984105 5.271675934124715 0
5324 9.340906518219787 0.1755706675257092 0
5325 5.947891266640632 4.599960445141948 0
5326 -0.1853916246477964 0.36781123688067 -0
5327 0.2474947552311338 0.9583817518559249 0
5328 0.934793729721964 1.376698967759366 0
5329 -2.097911962875171 1.601699976853966 -0
5330 5.422646977464987 4.349736335061639 0
5331 8.77223510589096 5.635992826573113 0
5332 -1.634257210546733 1.472502666932613 -0
5333 -0.6853187112467565 0.9371558364867044 -0
5334 0.7063224778115171 1.03065822366178 0
5335 0.5008082900620719 0.6928312578807763 0
5336 0.8612876245056503 1.321334254608866 0
5337 2.676469217249437 2.668451527529355 0
5338 4.319712390352057 0.09607216216314433 0
5339 0.8505979803413454 1.228615245261649 0
5340 0.3152538743595813 0.08387347342875395 0
5341 3.126247086460398 0.2818079974412566 0
5342 0.08491648576229255 0.909240334671744 0
5343 -0.3076487006587986 0.1467151984356868 -0
5344 -2.908178289258822 1.326907405861888 -0
5345 2.597114609846238 2.635444871310676 0
5346 -0.3592055418815243 0.1228408455343805 -0
5347 -0.08501329577788197 0.8630978664129756 -0
5348 -2.523471674696934 0.08746605398841088 -0
5349 0.8738498596831803 0.1810370655917673 0
5350 -1.096705894625148 0.6768849063886021 -0
5351 0.6118100395519155 0.5323027874387226 0
5352 9.75746410896155 0.08526334517996542 0
5353 1.561446411672297 1.755969695052671 0
5354 -0.1375535415499868 0.4645847980001174 -0
5355 -0.5205352963589054 0.7717079858157052 -0
5356 0.4715481297622132 1.03192395290018 0
5357 2.503390945038639 2.480097412570988 0
5358 -2.723811326795011 1.887000469995327 -0
5359 0.4880707464432855 0.292837793269064 0
5360 0.7899827829535248 0.9778087754384241 0
5361 6.037593701724623 4.641215015890864 0
5362 8.223244145969275 5.352437711956402 0
5363 9.922017944869364 5.598969468619949 0
5364 -0.9943089902244585 0.7453494194927691 -0
5365 -0.2660419403511801 0.8852863994227688 -0
5366 9.841088272155551 5.11242614620225 0
5367 2.009006193832413 2.239876916742666 0
5368 9.9231916665968 3.999334257999538 0
5369 9.922819165300069 3.696667394414103 0
5370 9.922717667911247 3.396391502653638 0
5371 9.922420300810154 3.097179303099383 0
5372 4.502576929543 0.06811790115681615 0
5373 -0.3312204535812623 0.5280041145774151 -0
5374 6.835794130076792 4.895638277520705 0
5375 -0.5486807923092413 0.5333036325068047 -0
5376 9.840847339956166 2.50993406757267 0
5377 9.842263714696266 5.702578917789312 0
5378 0.1796533143882342 0.1530736070271868 0
5379 9.148931825566724 5.716270249903064 0
5380 9.921813393065973 5.500345663666995 0
5381 9.841165468306132 2.210524069858841 0
5382 9.579944994231063 0.1063811094923836 0
5383 9.760487810801255 5.325293265584301 0
5384 9.760159060527354 5.226322314585945 0
5385 9.921788179562578 1.899427581452921 0
5386 0.716710710272128 1.082906092184675 0
5387 4.575828389514522 3.806198115373373 0
5388 9.841834904182138 5.013068216316864 0
5389 4.401665584659665 3.701377570584334 0
5390 9.842521525597121 4.913526012762803 0
5391 -2.543296277771124 1.850415695893917 -0
5392 9.842939990187327 4.813668852586253 0
5393 9.84312435973759 4.713631184684045 0
5394 9.843238444833972 4.613540123163982 0
5395 9.84331500967888 4.513227125437009 0
5396 9.843412232122343 4.412679568604561 0
5397 4.484186977238045 3.752383737907868 0
5398 9.843662674857335 4.311979226373382 0
5399 9.844061353168033 4.210882077672848 0
5400 9.844377007701087 4.109428001982244 0
5401 9.923039054721917 3.898682645535642 0
5402 9.844472974227525 3.80430393197448 0
5403 9.841847815249935 5.409279194885383 0
5404 9.922683766440064 3.597218279493026 0
5405 9.844128778471086 3.503020464622311 0
5406 9.92261898516483 3.297262174666665 0
5407 9.843945893850254 3.203667111347551 0
5408 9.922035237811166 2.998478309657305 0
5409 9.84263678726038 2.905631789016593 0
5410 9.841767060920164 2.806821459246328 0
5411 9.760774065705125 2.622752815615051 0
5412 9.840851793145401 2.410937742406386 0
5413 9.760679394457318 2.32490343449355 0
5414 4.669377341832026 3.860841792602395 0
5415 9.841519885015996 2.11008947104527 0
5416 9.761823376769318 2.022597180424 0
5417 4.321100233453153 3.634422356647512 0
5418 9.921833606984245 1.79915189655503 0
5419 9.842762447403471 1.704628186560244 0
5420 9.842270911482096 1.604561951448079 0
5421 9.841964381019741 1.504495163523809 0
5422 9.841826834164149 1.404470417401161 0
5423 9.841740848369561 1.30449038033104 0
5424 9.841163113578384 2.708278332159542 0
5425 9.841562359588385 1.204615124616706 0
5426 9.84107920521957 1.105032260247335 0
5427 9.839951365003863 1.00607119571433 0
5428 9.751402699783908 0.8251085958127595 0
5429 -2.071938446121915 0.1677212623106084 -0
5430 9.65160651817925 0.6871433660844999 0
5431 4.163028682470449 3.652770694547602 0
5432 9.563767022278485 0.5230796233426903 0
5433 9.329638698967996 0.2631559728340629 0
5434 9.837371086623516 0.908070769637173 0
5435 9.736116162246409 0.7318312032239067 0
5436 9.634628484140295 0.5817132998789444 0
5437 -2.82735540010456 1.810256962516497 -0
5438 4.845329116684271 3.960513693914283 0
5439 9.603833149495806 0.4571323907475659 0
5440 9.525208009713072 0.4076936083626468 0
5441 9.41749280623983 0.3364286034651973 0
5442 4.687383913920113 3.961767272382395 0
5443 -1.061777436624883 1.098147812291716 -0
5444 3.043886440156589 0.3407117766451908 0
5445 8.936773061784262 0.1859066325205857 0
5446 9.828896232077634 5.880395383556976 0
5447 -0.3528567002716981 0.9392984202599384 -0
5448 -0.7398824012724868 0.3066051166014138 -0
5449 5.823980936425084 0.1663405191044852 0
5450 -2.825773619259053 0.5915597100198611 -0
5451 8.422166881256757 0.1679905517582415 0
5452 -0.614795088437161 0.7710934955040158 -0
5453 0.03654696610028645 0.4130205214364559 0
5454 4.065610655045456 3.628544351829691 0
5455 7.789665031154347 5.347620678826532 0
5456 7.035494417845557 0.1909900073120434 0
5457 3.22998707272616 0.1969121037749276 0
5458 7.729014073469483 0.1783397720203441 0
5459 6.340487380155167 0.187443374145124 0
5460 3.92938598176967 0.1812759818917336 0
5461 6.523206544540844 0.176082951552656 0
5462 -1.393716533118705 1.257414655983131 -0
5463 5.130572395016413 0.1814340524792555 0
5464 4.932428137190644 4.008109987170447 0
5465 3.740456021487545 0.1880283261572328 0
5466 9.117322980082371 0.1777160477676147 0
5467 4.060029066978774 3.485847417384801 0
5468 -0.7132187171244857 0.2299741199302372 -0
5469 0.7251135316201626 1.145766287850859 0
5470 1.303154872221379 0.1661919422604058 0
5471 2.59597170116509 2.56652304903222 0
5472 0.220389373987247 0.4584871093777555 0
5473 1.144106092053057 0.1545841129513982 0
5474 8.30510832148417 0.06758338517483575 0
5475 0.05415583038627694 0.1554239449850645 0
5476 1.813195408620959 0.1850664506070892 0
5477 2.53657197896836 0.1807135295154453 0
5478 5.019894904567333 4.057195209725444 0
5479 -2.819261808834336 1.257062420308953 -0
5480 3.910928300710928 3.503553383441645 0
5481 8.500265597052525 5.55720138412449 0
5482 6.130885406810123 4.584867282128712 0
5483 7.547033011402251 0.1915087282025381 0
5484 -0.973898546062276 1.072130796155716 -0
5485 9.332431268825836 5.793696301563575 0
5486 7.217772648984884 0.1777475053848238 0
5487 9.907865589618412 0.09359078491797498 0
5488 5.705761109925795 0.06718832407183897 0
5489 0.6865562103105491 0.6928964041278353 0
5490 0.7019330480463202 0.640083873775475 0
5491 4.948110963406679 0.1888508632042298 0
5492 -1.017836897824041 0.9243896229477897 -0
5493 1.984629619834037 2.091068726683802 0
5494 -2.904922265409554 0.09307410089219093 -0
5495 1.480927932100295 1.695857682042355 0
5496 -2.354218051486628 0.1726502417689953 -0
5497 0.1106027172258971 0.9659751724864155 0
5498 1.998862271978314 0.169671215782008 0
5499 5.110643975365783 4.105325591562297 0
5500 4.614803291753161 0.1660738567826822 0
5501 3.814302223239548 3.47763349152313 0
5502 -1.917299090490752 0.2480254781771336 -0
5503 0.724872490754005 0.9589252309146994 0
5504 -1.75917318836473 1.435331041197312 -0
5505 6.851661761306186 0.1764085526404898 0
5506 -0.5682274536488049 0.2550972286881786 -0
5507 2.319088878518508 2.466907245514488 0
5508 0.5496147859066195 0.7279959691789405 0
5509 -2.412692760822842 1.727199584574713 -0
5510 5.289917149375633 4.199958108520869 0
5511 5.148216174958726 4.149930793430426 0
5512 6.926315579374894 4.926578469423029 0
5513 1.624159104523833 0.1736294201389448 0
5514 0.0246503711266985 0.8584049021156295 0
5515 2.723233672237809 0.187807006293653 0
5516 3.781978327158781 3.301786094252862 0
5517 3.409145283374286 0.1763505529884792 0
5518 -2.83028733680448 1.728235225278162 -0
5519 5.97600691448945 0.1707462933024393 0
5520 -2.90087837376246 1.900391803570811 -0
5521 0.2470567228861454 0.9898067129913594 0
5522 8.756106405088932 0.1748002953265064 0
5523 4.232742553175347 0.1467690944641343 0
5524 2.453171502530351 2.567299240406649 0
5525 7.88331581140214 0.09719711872836279 0
5526 2.407169543774841 0.05620757605840835 0
5527 5.284230035398217 0.09891165350963554 0
5528 7.420422028585671 5.117653806056351 0
5529 -2.184879166794151 1.6311357157966 -0
5530 9.519212532215144 5.727018995664618 0
5531 3.652578332418072 3.346674440787459 0
5532 -0.1354632843813269 0.3284460288632172 -0
5533 8.573920350481449 0.1706100786329182 0
5534 6.215903318826354 4.717257922599752 0
5535 -0.9542997101159778 0.1668693002397193 -0
5536 -1.133310685410764 0.1753209422607107 -0
5537 6.158427541596852 0.1761310975134746 0
5538 8.041328697298033 0.1491118003152258 0
5539 8.886681407563401 5.572946223131476 0
5540 -0.4688845630363139 0.9695956596712062 -0
5541 0.6811839905284121 0.3323666586774907 0
5542 0.5382626918120653 0.2357812516769206 0
5543 4.07976742319339 0.09355563359086057 0
5544 4.780357402803981 0.08419814119459174 0
5545 3.558795622658302 0.1721979269655746 0
5546 -1.416441246769861 0.2849968987587602 -0
5547 -2.816322687362071 0.180177352885989 -0
5548 0.867646455227453 0.9231939439566066 0
5549 6.671849583589575 0.1733159985670236 0
5550 0.4963624239914963 0.08101150844909823 0
5551 5.442634615398552 0.1489818740915809 0
5552 0.261889574336241 0.1700251264759317 0
5553 -0.1503659010856675 0.4009481368071316 -0
5554 0.2450856308494561 0.2414847582809709 0
5555 2.864702558358029 0.1452264447118732 0
5556 1.445361527924667 0.1694768062563292 0
5557 7.36515219712237 0.1758603006083792 0
5558 9.260179567155362 0.1757618953293227 0
5559 -1.670068933105129 0.2489115441772181 -0
5560 9.76518033458686 5.805310448136948 0
5561 5.26776154424093 4.261139878462728 0
5562 3.572278260037851 3.29883330207946 0
5563 1.936954444866243 2.049265743697147 0
5564 2.143242801929832 0.1811179876454367 0
5565 -2.905668824704502 1.132515802018438 -0
5566 0.6549431592139704 0.6309920079807387 0
5567 1.40411014965655 1.636801808040328 0
5568 -0.07933414892989715 0.1918333383218261 -0
5569 -1.469251764464123 1.299118746204678 -0
5570 -0.6950800207775064 0.3908512129010696 -0
5571 -1.076800467754097 0.9453228037817558 -0
5572 7.87340550783111 5.378183924482437 0
5573 0.7807976874483298 0.2657833038878664 0
5574 8.319302924013085 5.43541900196294 0
5575 5.466251488678495 4.300237364701172 0
5576 -0.7458801492791056 0.9500973095697276 -0
5577 -2.830406301646128 0.5040099585366145 -0
5578 -0.6757745642407724 0.9997187834753861 -0
5579 -0.3388595744357318 0.466833368383176 -0
5580 0.7721391549539822 0.6699301611119972 0
5581 0.9613552847605237 0.192202359776949 0
$EndNodes
$Elements
5765
1 1 2 99 1 1 5
2 1 2 99 1 5 6
3 1 2 99 1 6 7
4 1 2 99 1 7 8
5 1 2 99 1 8 9
6 1 2 99 1 9 10
7 1 2 99 1 10 11
8 1 2 99 1 11 12
9 1 2 99 1 12 13
10 1 2 99 1 13 14
11 1 2 99 1 14 15
12 1 2 99 1 15 16
13 1 2 99 1 16 17
14 1 2 99 1 17 18
15 1 2 99 1 18 19
16 1 2 99 1 19 20
17 1 2 99 1 20 21
18 1 2 99 1 21 22
19 1 2 99 1 22 23
20 1 2 99 1 23 24
21 1 2 99 1 24 25
22 1 2 99 1 25 26
23 1 2 99 1 26 27
24 1 2 99 1 27 28
25 1 2 99 1 28 29
26 1 2 99 1 29 30
27 1 2 99 1 30 31
28 1 2 99 1 31 32
29 1 2 99 1 32 33
30 1 2 99 1 33 34
31 1 2 99 1 34 35
32 1 2 99 1 35 36
33 1 2 99 1 36 37
34 1 2 99 1 37 38
35 1 2 99 1 38 39
36 1 2 99 1 39 40
37 1 2 99 1 40 41
38 1 2 99 1 41 42
39 1 2 99 1 42 43
40 1 2 99 1 43 44
41 1 2 99 1 44 45
42 1 2 99 1 45 46
43 1 2 99 1 46 47
44 1 2 99 1 47 48
45 1 2 99 1 48 49
46 1 2 99 1 49 50
47 1 2 99 1 50 51
48 1 2 99 1 51 52
49 1 2 99 1 52 53
50 1 2 99 1 53 54
51 1 2 99 1 54 55
52 1 2 99 1 55 56
53 1 2 99 1 56 57
54 1 2 99 1 57 58
55 1 2 99 1 58 59
56 1 2 99 1 59 60
57 1 2 99 1 60 61
58 1 2 99 1 61 62
59 1 2 99 1 62 63
60 1 2 99 1 63 64
61 1 2 99 1 64 65
62 1 2 99 1 65 66
63 1 2 99 1 66 67
64 1 2 99 1 67 68
65 1 2 99 1 68 69
66 1 2 99 1 69 70
67 1 2 99 1 70 71
68 1 2 99 1 71 72
69 1 2 99 1 72 73
70 1 2 99 1 73 74
71 1 2 99 1 74 75
72 1 2 99 1 75 76
73 1 2 99 1 76 77
74 1 2 99 1 77 78
75 1 2 99 1 78 79
76 1 2 99 1 79 80
77 1 2 99 1 80 81
78 1 2 99 1 81 82
79 1 2 99 1 82 83
80 1 2 99 1 83 84
81 1 2 99 1 84 85
82 1 2 99 1 85 86
83 1 2 99 1 86 87
84 1 2 99 1 87 88
85 1 2 99 1 88 89
86 1 2 99 1 89 90
87 1 2 99 1 90 91
88 1 2 99 1 91 92
89 1 2 99 1 92 93
90 1 2 99 1 93 94
91 1 2 99 1 94 95
92 1 2 99 1 95 96
93 1 2 99 1 96 97
94 1 2 99 1 97 98
95 1 2 99 1 98 99
96 1 2 99 1 99 100
97 1 2 99 1 100 101
98 1 2 99 1 101 102
99 1 2 99 1 102 103
100 1 2 99 1 103 104
101 1 2 99 1 104 105
102 1 2 99 1 105 106
103 1 2 99 1 106 107
104 1 2 99 1 107 108
105 1 2 99 1 108 109
106 1 2 99 1 109 110
107 1 2 99 1 110 111
108 1 2 99 1 111 112
109 1 2 99 1 112 113
110 1 2 99 1 113 114
111 1 2 99 1 114 115
112 1 2 99 1 115 116
113 1 2 99 1 116 117
114 1 2 99 1 117 118
115 1 2 99 1 118 119
116 1 2 99 1 119 120
117 1 2 99 1 120 121
118 1 2 99 1 121 122
119 1 2 99 1 122 123
120 1 2 99 1 123 124
121 1 2 99 1 124 125
122 1 2 99 1 125 126
123 1 2 99 1 126 127
124 1 2 99 1 127 128
125 1 2 99 1 128 129
126 1 2 99 1 129 130
127 1 2 99 1 130 131
128 1 2 99 1 131 132
129 1 2 99 1 132 133
130 1 2 99 1 133 134
131 1 2 99 1 134 135
132 1 2 99 1 135 136
133 1 2 99 1 136 137
134 1 2 99 1 137 138
135 1 2 99 1 138 139
136 1 2 99 1 139 140
137 1 2 99 1 140 141
138 1 2 99 1 141 142
139 1 2 99 1 142 143
140 1 2 99 1 143 144
141 1 2 99 1 144 145
142 1 2 99 1 145 146
143 1 2 99 1 146 147
144 1 2 99 1 147 148
145 1 2 99 1 148 149
146 1 2 99 1 149 150
147 1 2 99 1 150 151
148 1 2 99 1 151 152
149 1 2 99 1 152 153
150 1 2 99 1 153 154
151 1 2 99 1 154 155
152 1 2 99 1 155 156
153 1 2 99 1 156 157
154 1 2 99 1 157 158
155 1 2 99 1 158 159
156 1 2 99 1 159 160
157 1 2 99 1 160 161
158 1 2 99 1 161 162
159 1 2 99 1 162 163
160 1 2 99 1 163 2
161 1 2 3 2 2 164
162 1 2 3 2 164 165
163 1 2 3 2 165 166
164 1 2 3 2 166 167
165 1 2 3 2 167 168
166 1 2 3 2 168 169
167 1 2 3 2 169 170
168 1 2 3 2 170 171
169 1 2 3 2 171 172
170 1 2 3 2 172 173
171 1 2 3 2 173 174
172 1 2 3 2 174 175
173 1 2 3 2 175 176
174 1 2 3 2 176 177
175 1 2 3 2 177 178
176 1 2 3 2 178 179
177 1 2 3 2 179 180
178 1 2 3 2 180 181
179 1 2 3 2 181 182
180 1 2 3 2 182 183
181 1 2 3 2 183 184
182 1 2 3 2 184 185
183 1 2 3 2 185 186
184 1 2 3 2 186 187
185 1 2 3 2 187 188
186 1 2 3 2 188 189
187 1 2 3 2 189 190
188 1 2 3 2 190 191
189 1 2 3 2 191 192
190 1 2 3 2 192 193
191 1 2 3 2 193 194
192 1 2 3 2 194 195
193 1 2 3 2 195 196
194 1 2 3 2 196 197
195 1 2 3 2 197 198
196 1 2 3 2 198 199
197 1 2 3 2 199 200
198 1 2 3 2 200 201
199 1 2 3 2 201 202
200 1 2 3 2 202 203
201 1 2 3 2 203 204
202 1 2 3 2 204 205
203 1 2 3 2 205 206
204 1 2 3 2 206 207
205 1 2 3 2 207 208
206 1 2 3 2 208 209
207 1 2 3 2 209 210
208 1 2 3 2 210 211
209 1 2 3 2 211 212
210 1 2 3 2 212 213
211 1 2 3 2 213 214
212 1 2 3 2 214 215
213 1 2 3 2 215 216
214 1 2 3 2 216 217
215 1 2 3 2 217 218
216 1 2 3 2 218 219
217 1 2 3 2 219 220
218 1 2 3 2 220 221
219 1 2 3 2 221 222
220 1 2 3 2 222 3
221 1 2 99 3 3 223
222 1 2 99 3 223 224
223 1 2 99 3 224 225
224 1 2 99 3 225 226
225 1 2 99 3 226 227
226 1 2 99 3 227 228
227 1 2 99 3 228 229
228 1 2 99 3 229 230
229 1 2 99 3 230 231
230 1 2 99 3 231 232
231 1 2 99 3 232 233
232 1 2 99 3 233 234
233 1 2 99 3 234 235
234 1 2 99 3 235 236
235 1 2 99 3 236 237
236 1 2 99 3 237 238
237 1 2 99 3 238 239
238 1 2 99 3 239 240
239 1 2 99 3 240 241
240 1 2 99 3 241 242
241 1 2 99 3 242 243
242 1 2 99 3 243 244
243 1 2 99 3 244 245
244 1 2 99 3 245 246
245 1 2 99 3 246 247
246 1 2 99 3 247 248
247 1 2 99 3 248 249
248 1 2 99 3 249 250
249 1 2 99 3 250 251
250 1 2 99 3 251 252
251 1 2 99 3 252 253
252 1 2 99 3 253 254
253 1 2 99 3 254 255
254 1 2 99 3 255 256
255 1 2 99 3 256 257
256 1 2 99 3 257 258
257 1 2 99 3 258 259
258 1 2 99 3 259 260
259 1 2 99 3 260 261
260 1 2 99 3 261 262
261 1 2 99 3 262 263
262 1 2 99 3 263 264
263 1 2 99 3 264 265
264 1 2 99 3 265 266
265 1 2 99 3 266 267
266 1 2 99 3 267 268
267 1 2 99 3 268 269
268 1 2 99 3 269 270
269 1 2 99 3 270 271
270 1 2 99 3 271 272
271 1 2 99 3 272 273
272 1 2 99 3 273 274
273 1 2 99 3 274 275
274 1 2 99 3 275 276
275 1 2 99 3 276 277
276 1 2 99 3 277 278
277 1 2 99 3 278 279
278 1 2 99 3 279 280
279 1 2 99 3 280 281
280 1 2 99 3 281 282
281 1 2 99 3 282 283
282 1 2 99 3 283 284
283 1 2 99 3 284 285
284 1 2 99 3 285 286
285 1 2 99 3 286 287
286 1 2 99 3 287 288
287 1 2 99 3 288 289
288 1 2 99 3 289 290
289 1 2 99 3 290 291
290 1 2 99 3 291 292
291 1 2 99 3 292 293
292 1 2 99 3 293 294
293 1 2 99 3 294 295
294 1 2 99 3 295 296
295 1 2 99 3 296 297
296 1 2 99 3 297 298
297 1 2 99 3 298 299
298 1 2 99 3 299 300
299 1 2 99 3 300 301
300 1 2 99 3 301 302
301 1 2 99 3 302 303
302 1 2 99 3 303 304
303 1 2 99 3 304 305
304 1 2 99 3 305 306
305 1 2 99 3 306 307
306 1 2 99 3 307 308
307 1 2 99 3 308 309
308 1 2 99 3 309 310
309 1 2 99 3 310 311
310 1 2 99 3 311 312
311 1 2 99 3 312 313
312 1 2 99 3 313 314
313 1 2 99 3 314 315
314 1 2 99 3 315 316
315 1 2 99 3 316 317
316 1 2 99 3 317 318
317 1 2 99 3 318 319
318 1 2 99 3 319 320
319 1 2 99 3 320 321
320 1 2 99 3 321 322
321 1 2 99 3 322 323
322 1 2 99 3 323 324
323 1 2 99 3 324 325
324 1 2 99 3 325 326
325 1 2 99 3 326 327
326 1 2 99 3 327 328
327 1 2 99 3 328 329
328 1 2 99 3 329 330
329 1 2 99 3 330 331
330 1 2 99 3 331 332
331 1 2 99 3 332 333
332 1 2 99 3 333 334
333 1 2 99 3 334 335
334 1 2 99 3 335 336
335 1 2 99 3 336 337
336 1 2 99 3 337 338
337 1 2 99 3 338 339
338 1 2 99 3 339 340
339 1 2 99 3 340 341
340 1 2 99 3 341 342
341 1 2 99 3 342 343
342 1 2 99 3 343 344
343 1 2 99 3 344 345
344 1 2 99 3 345 346
345 1 2 99 3 346 347
346 1 2 99 3 347 348
347 1 2 99 3 348 349
348 1 2 99 3 349 350
349 1 2 99 3 350 351
350 1 2 99 3 351 4
351 1 2 2 4 4 352
352 1 2 2 4 352 353
353 1 2 2 4 353 354
354 1 2 2 4 354 355
355 1 2 2 4 355 356
356 1 2 2 4 356 357
357 1 2 2 4 357 358
358 1 2 2 4 358 359
359 1 2 2 4 359 360
360 1 2 2 4 360 361
361 1 2 2 4 361 362
362 1 2 2 4 362 363
363 1 2 2 4 363 364
364 1 2 2 4 364 365
365 1 2 2 4 365 366
366 1 2 2 4 366 367
367 1 2 2 4 367 368
368 1 2 2 4 368 369
369 1 2 2 4 369 370
370 1 2 2 4 370 1
371 3 2 1 1 3299 3300 1707 1876
372 3 2 1 1 5101 3192 5171 463
373 3 2 1 1 3294 1762 5453 3224
374 3 2 1 1 5255 2928 5365 3334
375 3 2 1 1 3960 454 5133 3962
376 3 2 1 1 4035 4034 4033 497
377 3 2 1 1 3962 5133 505 5175
378 3 2 1 1 5171 4160 5280 463
379 3 2 1 1 5202 3203 5508 2397
380 3 2 1 1 4460 5240 402 5166
381 3 2 1 1 5252 374 5288 4554
382 3 2 1 1 501 5180 4576 5271
383 3 2 1 1 1828 2461 3230 3278
384 3 2 1 1 3187 5568 5313 3165
385 3 2 1 1 3255 3189 2390 5351
386 3 2 1 1 3254 2410 3252 3253
387 3 2 1 1 5264 448 5348 3277
388 3 2 1 1 457 137 138 4421
389 3 2 1 1 4160 4159 5344 5280
390 3 2 1 1 3186 5196 3234 5452
391 3 2 1 1 2410 3254 5356 3259
392 3 2 1 1 2222 5283 3317 3316
393 3 2 1 1 4074 4097 400 5125
394 3 2 1 1 3434 5429 3246 5153
395 3 2 1 1 508 5481 4461 5299
396 3 2 1 1 497 4033 3276 5254
397 3 2 1 1 5144 3354 3278 2873
398 3 2 1 1 436 3470 227 228
399 3 2 1 1 1828 3278 3354 1756
400 3 2 1 1 4270 5246 503 5113
401 3 2 1 1 3665 506 3674 3666
402 3 2 1 1 517 163 2 164
403 3 2 1 1 3170 3308 3309 5475
404 3 2 1 1 2451 5321 3263 5554
405 3 2 1 1 5332 4140 5504 410
406 3 2 1 1 416 3297 46 47
407 3 2 1 1 2899 3975 450 5209
408 3 2 1 1 5175 505 5252 4554
409 3 2 1 1 5484 3197 3279 5443
410 3 2 1 1 1860 3252 525 1240
411 3 2 1 1 3438 3437 476 3319
412 3 2 1 1 5272 2430 5347 3305
413 3 2 1 1 3274 480 5287 3275
414 3 2 1 1 5313 324 325 3272
415 3 2 1 1 91 92 386 3321
416 3 2 1 1 3738 5137 378 3737
417 3 2 1 1 5116 3284 3268 3129
418 3 2 1 1 4419 5323 387 5306
419 3 2 1 1 5152 3239 5527 444
420 3 2 1 1 5275 5265 5375 3113
421 3 2 1 1 2412 3315 5247 2922
422 3 2 1 1 4279 3251 4281 496
423 3 2 1 1 3188 5173 5391 5188
424 3 2 1 1 5331 509 5539 3786
425 3 2 1 1 372 4962 5557 5193
426 3 2 1 1 2637 3320 3227 4534
427 3 2 1 1 2222 5145 1859 1420
428 3 2 1 1 5148 3237 5525 446
429 3 2 1 1 1295 5196 3186 1293
430 3 2 1 1 5309 5221 3737 378
431 3 2 1 1 1282 5144 2873 1281
432 3 2 1 1 3283 3284 5307 5253
433 3 2 1 1 4912 5325 5361 4836
434 3 2 1 1 2457 3335 3334 5365
435 3 2 1 1 3295 3259 5356 465
436 3 2 1 1 5145 2222 3316 3318
437 3 2 1 1 3148 5353 499 5293
438 3 2 1 1 5207 2913 5559 3432
439 3 2 1 1 1256 1736 1865 3283
440 3 2 1 1 5341 3643 5444 2202
441 3 2 1 1 224 3474 5487 223
442 3 2 1 1 3785 5539 509 5142
443 3 2 1 1 3282 2450 5472 3228
444 3 2 1 1 3222 5414 379 5442
445 3 2 1 1 2930 2482 3350 3311
446 3 2 1 1 466 3323 5443 3231
447 3 2 1 1 5334 5386 3287 3286
448 3 2 1 1 2448 2450 3282 3294
449 3 2 1 1 3352 3130 5262 5346
450 3 2 1 1 3496 3497 5276 3357
451 3 2 1 1 17 5135 511 16
452 3 2 1 1 126 3674 506 125
453 3 2 1 1 5357 393 5471 3995
454 3 2 1 1 4097 4098 5206 400
455 3 2 1 1 3303 5248 2444 3198
456 3 2 1 1 3259 3295 407 519
457 3 2 1 1 5214 3258 5564 401
458 3 2 1 1 4958 5185 5549 4955
459 3 2 1 1 5349 3426 5573 5138
460 3 2 1 1 2893 5415 3592 5416
461 3 2 1 1 2892 5412 3599 5413
462 3 2 1 1 3852 5418 486 5419
463 3 2 1 1 3221 5408 439 5409
464 3 2 1 1 3220 5406 380 5407
465 3 2 1 1 3650 5404 440 5405
466 3 2 1 1 3638 5401 389 5402
467 3 2 1 1 395 3640 3641 3644
468 3 2 1 1 5116 1257 5307 3284
469 3 2 1 1 1865 3268 3284 3283
470 3 2 1 1 3232 3502 498 5123
471 3 2 1 1 3311 3312 5304 2930
472 3 2 1 1 5289 381 5551 3264
473 3 2 1 1 5288 374 5325 4912
474 3 2 1 1 5295 385 5538 3266
475 3 2 1 1 2569 5441 3468 5433
476 3 2 1 1 3123 3313 3253 5158
477 3 2 1 1 5116 3129 2217 3223
478 3 2 1 1 5452 3339 1292 3186
479 3 2 1 1 356 4035 497 355
480 3 2 1 1 3340 510 5319 3342
481 3 2 1 1 3128 5403 3543 5383
482 3 2 1 1 3288 2474 3286 3287
483 3 2 1 1 5578 5333 5576 3291
484 3 2 1 1 519 521 2410 3259
485 3 2 1 1 3227 3320 3321 386
486 3 2 1 1 3293 3292 511 5135
487 3 2 1 1 1428 3350 2482 3363
488 3 2 1 1 2473 2471 3285 2474
489 3 2 1 1 30 31 3314 3290
490 3 2 1 1 3303 3198 5140 5250
491 3 2 1 1 525 3252 2410 523
492 3 2 1 1 5123 403 5567 3232
493 3 2 1 1 5339 3289 5292 409
494 3 2 1 1 2212 2922 3329 3325
495 3 2 1 1 3437 3438 5304 429
496 3 2 1 1 414 5203 5556 3435
497 3 2 1 1 2203 1823 2212 3325
498 3 2 1 1 5271 4576 5317 398
499 3 2 1 1 5163 3792 5533 396
500 3 2 1 1 1867 2214 3129 3268
501 3 2 1 1 5254 3276 5547 5251
502 3 2 1 1 5169 3171 5519 4951
503 3 2 1 1 391 4930 5545 5183
504 3 2 1 1 5308 2920 5542 3429
505 3 2 1 1 3308 321 322 3309
506 3 2 1 1 429 5304 3312 5110
507 3 2 1 1 5258 479 5536 3362
508 3 2 1 1 5361 455 5482 4836
509 3 2 1 1 3293 5135 410 5504
510 3 2 1 1 2456 2926 3350 3307
511 3 2 1 1 490 4960 5537 5168
512 3 2 1 1 5265 5275 2199 3191
513 3 2 1 1 5255 3332 421 5305
514 3 2 1 1 3975 3976 5197 450
515 3 2 1 1 2474 3288 3117 2473
516 3 2 1 1 5197 4358 87 88
517 3 2 1 1 5137 3738 5512 507
518 3 2 1 1 3309 322 323 435
519 3 2 1 1 408 3440 5513 5174
520 3 2 1 1 5119 1242 1243 1244
521 3 2 1 1 3227 386 5562 3240
522 3 2 1 1 4181 4182 5358 473
523 3 2 1 1 1240 1241 1243 1242
524 3 2 1 1 3302 3365 2265 2478
525 3 2 1 1 1285 1287 1714 1423
526 3 2 1 1 3130 3352 5181 3131
527 3 2 1 1 5159 491 5522 3273
528 3 2 1 1 424 5581 3384 5195
529 3 2 1 1 5305 3261 2928 5255
530 3 2 1 1 468 3305 3331 3330
531 3 2 1 1 360 361 496 4281
532 3 2 1 1 3668 371 5154 3670
533 3 2 1 1 88 89 450 5197
534 3 2 1 1 538 5263 5548 2469
535 3 2 1 1 3129 2214 2215 2217
536 3 2 1 1 1423 1714 1716 1715
537 3 2 1 1 501 5507 4000 3998
538 3 2 1 1 5321 2451 1838 3282
539 3 2 1 1 5452 1824 5355 3339
540 3 2 1 1 5166 402 5331 3786
541 3 2 1 1 472 5292 3289 5469
542 3 2 1 1 5189 3860 5543 447
543 3 2 1 1 3252 1860 5158 3253
544 3 2 1 1 1762 3294 3282 1838
545 3 2 1 1 3354 5144 1285 1423
546 3 2 1 1 4098 3148 5293 5206
547 3 2 1 1 1244 1699 3121 5119
548 3 2 1 1 5433 3468 5298 5324
549 3 2 1 1 5147 4950 5505 3155
550 3 2 1 1 3335 3333 469 3334
551 3 2 1 1 3251 5167 420 4281
552 3 2 1 1 412 5200 3247 3245
553 3 2 1 1 2390 3189 3281 2915
554 3 2 1 1 1240 1242 5119 1860
555 3 2 1 1 3230 2461 3318 3316
556 3 2 1 1 1280 3230 3316 3317
557 3 2 1 1 1343 5350 3300 5364
558 3 2 1 1 2410 521 522 523
559 3 2 1 1 3307 1345 1342 3351
560 3 2 1 1 5209 3321 3320 2899
561 3 2 1 1 2437 2927 5145 3318
562 3 2 1 1 1881 1732 1731 1733
563 3 2 1 1 371 3668 3666 3674
564 3 2 1 1 434 320 321 3308
565 3 2 1 1 1732 1881 5281 3234
566 3 2 1 1 1716 1717 1756 1715
567 3 2 1 1 3280 3365 2475 3118
568 3 2 1 1 5344 4159 5479 437
569 3 2 1 1 1243 1245 1246 1244
570 3 2 1 1 2203 3325 3329 3326
571 3 2 1 1 3710 458 5225 3709
572 3 2 1 1 5338 388 5523 3269
573 3 2 1 1 3304 3306 3305 468
574 3 2 1 1 3339 3338 1288 1292
575 3 2 1 1 3331 3262 3261 5305
576 3 2 1 1 325 5346 5343 3272
577 3 2 1 1 2220 1740 5579 5291
578 3 2 1 1 5111 3281 5580 536
579 3 2 1 1 5246 4140 5332 503
580 3 2 1 1 468 3330 41 42
581 3 2 1 1 421 3332 39 40
582 3 2 1 1 469 3333 37 38
583 3 2 1 1 415 3336 35 36
584 3 2 1 1 2218 3263 5321 3322
585 3 2 1 1 5479 4280 5565 437
586 3 2 1 1 3785 5142 426 5184
587 3 2 1 1 3236 49 50 5177
588 3 2 1 1 5141 4954 5491 3992
589 3 2 1 1 2435 5162 3151 2436
590 3 2 1 1 1723 2203 3327 5176
591 3 2 1 1 3231 3349 3348 466
592 3 2 1 1 1240 525 526 528
593 3 2 1 1 407 3295 53 54
594 3 2 1 1 1423 1715 1756 3354
595 3 2 1 1 3307 3351 1816 2456
596 3 2 1 1 5262 3149 5343 5346
597 3 2 1 1 2203 3326 3328 3327
598 3 2 1 1 5268 2877 2169 1696
599 3 2 1 1 2470 2472 3302 5190
600 3 2 1 1 5186 3366 5269 2923
601 3 2 1 1 325 326 3352 5346
602 3 2 1 1 4165 2940 2941 5104
603 3 2 1 1 2939 5114 2940 4165
604 3 2 1 1 5104 2941 2943 5109
605 3 2 1 1 3641 3642 5303 2908
606 3 2 1 1 3426 3427 3430 5573
607 3 2 1 1 549 3359 880 547
608 3 2 1 1 4959 4956 5483 2944
609 3 2 1 1 5112 3359 549 5105
610 3 2 1 1 3290 422 29 30
611 3 2 1 1 3348 3353 22 23
612 3 2 1 1 3317 1277 1279 1280
613 3 2 1 1 1717 1757 1828 1756
614 3 2 1 1 5105 1886 3399 5112
615 3 2 1 1 1244 1246 3119 1699
616 3 2 1 1 1280 2873 3278 3230
617 3 2 1 1 3371 2407 5114 3355
618 3 2 1 1 1249 5253 1251 1250
619 3 2 1 1 880 3358 3374 3361
620 3 2 1 1 5109 2943 5112 3399
621 3 2 1 1 1424 543 545 3361
622 3 2 1 1 1757 1873 2437 1828
623 3 2 1 1 3318 2461 1828 2437
624 3 2 1 1 1699 3120 3122 3121
625 3 2 1 1 1710 3374 3358 3395
626 3 2 1 1 1873 2438 2927 2437
627 3 2 1 1 5158 3121 3122 3123
628 3 2 1 1 1428 3363 3379 3376
629 3 2 1 1 2163 2407 3371 3370
630 3 2 1 1 1252 1254 1255 1253
631 3 2 1 1 3379 1351 1348 3376
632 3 2 1 1 2163 3370 3369 2246
633 3 2 1 1 5302 3123 3122 3124
634 3 2 1 1 1421 3364 2950 3377
635 3 2 1 1 2479 1758 1709 3375
636 3 2 1 1 2480 3385 5099 3372
637 3 2 1 1 3367 3375 1831 2246
638 3 2 1 1 1254 5115 1258 1255
639 3 2 1 1 2480 3373 1353 3385
640 3 2 1 1 2927 2928 3261 3260
641 3 2 1 1 5177 3124 3125 3236
642 3 2 1 1 3377 2950 3693 3389
643 3 2 1 1 1859 3260 3261 3262
644 3 2 1 1 3378 5095 2952 2953
645 3 2 1 1 2951 3381 3419 4122
646 3 2 1 1 2960 3419 3381 5098
647 3 2 1 1 5095 5097 3978 2952
648 3 2 1 1 2263 3395 3358 2942
649 3 2 1 1 3380 2951 558 3382
650 3 2 1 1 5097 2955 5098 3978
651 3 2 1 1 1258 1259 1260 5096
652 3 2 1 1 3372 3383 1883 2480
653 3 2 1 1 556 5094 3414 3382
654 3 2 1 1 3388 4157 1819 3387
655 3 2 1 1 4239 2213 4158 4161
656 3 2 1 1 3388 4158 2213 4157
657 3 2 1 1 1378 4347 3393 4178
658 3 2 1 1 5099 3385 1353 3390
659 3 2 1 1 4347 4155 3392 3393
660 3 2 1 1 5092 3391 4167 1379
661 3 2 1 1 1380 4167 1819 1712
662 3 2 1 1 1379 1376 1378 5092
663 3 2 1 1 3382 3414 1887 3380
664 3 2 1 1 5094 1429 1431 3414
665 3 2 1 1 4178 4177 5092 1378
666 3 2 1 1 1369 3396 4243 3394
667 3 2 1 1 1351 3379 4219 3534
668 3 2 1 1 1260 1261 1262 5096
669 3 2 1 1 4219 1434 1355 3534
670 3 2 1 1 2852 3398 1436 3402
671 3 2 1 1 1819 4167 3391 3386
672 3 2 1 1 4243 3396 1365 3397
673 3 2 1 1 3412 3401 1361 3400
674 3 2 1 1 471 3983 3463 3475
675 3 2 1 1 3475 3463 4022 3473
676 3 2 1 1 3406 2595 3405 3403
677 3 2 1 1 3402 1436 555 5063
678 3 2 1 1 3235 3086 3403 3405
679 3 2 1 1 1147 1115 1102 3411
680 3 2 1 1 3411 3404 5061 1147
681 3 2 1 1 4830 1099 1117 3804
682 3 2 1 1 3802 1149 1148 3801
683 3 2 1 1 1147 5061 3407 4622
684 3 2 1 1 1099 4830 1076 1075
685 3 2 1 1 2958 5082 1101 3415
686 3 2 1 1 4827 1676 4622 3407
687 3 2 1 1 2600 2593 2595 3406
688 3 2 1 1 4807 1076 4830 5090
689 3 2 1 1 3790 3413 1390 3827
690 3 2 1 1 1071 5087 3478 1077
691 3 2 1 1 3611 1728 4926 3610
692 3 2 1 1 3407 3406 3403 4827
693 3 2 1 1 3419 2960 4295 3418
694 3 2 1 1 1338 4864 2964 4799
695 3 2 1 1 3389 3693 1430 1307
696 3 2 1 1 3418 4295 2292 3420
697 3 2 1 1 3424 1895 4192 3422
698 3 2 1 1 3422 4192 2293 3421
699 3 2 1 1 3408 3800 3801 1339
700 3 2 1 1 1842 3445 3443 4108
701 3 2 1 1 2119 3763 3761 4133
702 3 2 1 1 4108 3443 3441 769
703 3 2 1 1 4159 4160 4161 4158
704 3 2 1 1 769 3441 2682 3446
705 3 2 1 1 3865 1844 4342 3864
706 3 2 1 1 430 3429 3427 3428
707 3 2 1 1 1162 3939 1339 1150
708 3 2 1 1 3472 4022 4023 464
709 3 2 1 1 1153 3623 4725 1155
710 3 2 1 1 3410 4741 3939 1464
711 3 2 1 1 1464 4004 4005 3410
712 3 2 1 1 3449 1580 4284 3450
713 3 2 1 1 3477 4024 4261 3639
714 3 2 1 1 2488 4310 4964 2487
715 3 2 1 1 430 3428 315 316
716 3 2 1 1 3401 3412 1833 3627
717 3 2 1 1 1520 4310 2488 3409
718 3 2 1 1 1924 3481 3482 2611
719 3 2 1 1 1261 1263 3110 1262
720 3 2 1 1 3416 1018 1015 3480
721 3 2 1 1 4022 3472 514 3473
722 3 2 1 1 3347 4914 2492 4868
723 3 2 1 1 3846 885 878 3848
724 3 2 1 1 464 4023 3457 3508
725 3 2 1 1 2492 4942 3409 2490
726 3 2 1 1 4942 2492 4914 4276
727 3 2 1 1 3630 2971 4030 3746
728 3 2 1 1 2541 4005 4799 2539
729 3 2 1 1 3610 4926 3413 2979
730 3 2 1 1 1326 1328 1728 4488
731 3 2 1 1 3761 1101 1091 4133
732 3 2 1 1 853 4837 3490 856
733 3 2 1 1 3494 2734 4263 3772
734 3 2 1 1 1520 3409 4942 4309
735 3 2 1 1 4130 3424 4483 4372
736 3 2 1 1 2500 3757 3756 3861
737 3 2 1 1 1474 1475 1478 3663
738 3 2 1 1 3917 4685 2651 3500
739 3 2 1 1 2734 3494 4685 3917
740 3 2 1 1 3511 3919 4283 3607
741 3 2 1 1 1844 3865 4540 4246
742 3 2 1 1 3448 1385 4045 4400
743 3 2 1 1 3613 1334 3682 3612
744 3 2 1 1 3508 3457 3455 3606
745 3 2 1 1 1233 4196 1459 1383
746 3 2 1 1 3487 1555 3490 3488
747 3 2 1 1 1531 3656 3503 1533
748 3 2 1 1 1155 4725 1845 1157
749 3 2 1 1 3875 1845 4725 3874
750 3 2 1 1 1117 1149 3803 3804
751 3 2 1 1 1149 3802 3806 3803
752 3 2 1 1 2976 4849 776 3547
753 3 2 1 1 3746 1333 3621 3630
754 3 2 1 1 2313 3548 2831 4983
755 3 2 1 1 4040 951 949 4041
756 3 2 1 1 1375 3506 2983 4793
757 3 2 1 1 913 4045 1385 1136
758 3 2 1 1 870 3489 1144 873
759 3 2 1 1 1232 3477 2503 4651
760 3 2 1 1 856 3490 1555 858
761 3 2 1 1 1172 3613 4864 1170
762 3 2 1 1 431 3497 330 331
763 3 2 1 1 3435 308 309 414
764 3 2 1 1 3436 310 311 477
765 3 2 1 1 3433 478 341 342
766 3 2 1 1 3440 306 307 474
767 3 2 1 1 3425 424 312 313
768 3 2 1 1 3439 419 339 340
769 3 2 1 1 3428 475 314 315
770 3 2 1 1 3431 476 337 338
771 3 2 1 1 3447 304 305 408
772 3 2 1 1 3496 432 328 329
773 3 2 1 1 3437 429 335 336
774 3 2 1 1 694 693 696 3601
775 3 2 1 1 804 3551 4870 807
776 3 2 1 1 2533 3682 2971 2531
777 3 2 1 1 4881 1022 1019 3507
778 3 2 1 1 3416 3507 1019 1018
779 3 2 1 1 1913 3609 3512 1914
780 3 2 1 1 3484 1144 3489 3485
781 3 2 1 1 3829 3486 4611 2329
782 3 2 1 1 4036 3847 4712 1489
783 3 2 1 1 3678 1579 3677 3676
784 3 2 1 1 3451 482 210 211
785 3 2 1 1 3452 404 212 213
786 3 2 1 1 3472 464 219 220
787 3 2 1 1 886 4036 1489 889
788 3 2 1 1 3453 481 214 215
789 3 2 1 1 464 3508 218 219
790 3 2 1 1 3811 3928 4486 4964
791 3 2 1 1 3486 4712 3847 4611
792 3 2 1 1 784 3625 4693 782
793 3 2 1 1 482 3476 209 210
794 3 2 1 1 3476 392 208 209
795 3 2 1 1 3079 4923 2145 4906
796 3 2 1 1 3491 915 862 4188
797 3 2 1 1 383 3591 202 203
798 3 2 1 1 216 217 3606 428
799 3 2 1 1 3471 3453 428 3454
800 3 2 1 1 1184 4808 3622 1182
801 3 2 1 1 3531 3529 827 4821
802 3 2 1 1 2248 3589 3501 2247
803 3 2 1 1 2685 3620 3506 4248
804 3 2 1 1 1014 4339 2605 4921
805 3 2 1 1 4543 4702 3816 3817
806 3 2 1 1 3529 3526 3556 827
807 3 2 1 1 483 303 304 3447
808 3 2 1 1 3601 3498 3862 694
809 3 2 1 1 2785 3938 1533 3657
810 3 2 1 1 2104 4717 2304 2102
811 3 2 1 1 3678 2511 4969 4790
812 3 2 1 1 1182 3622 1333 1180
813 3 2 1 1 1022 4881 1049 1024
814 3 2 1 1 2830 4874 3827 5081
815 3 2 1 1 4848 4805 2651 2650
816 3 2 1 1 4376 3001 3629 3554
817 3 2 1 1 1914 3512 3554 3629
818 3 2 1 1 3547 776 4721 3866
819 3 2 1 1 3927 3928 3834 5000
820 3 2 1 1 4936 4925 2999 2998
821 3 2 1 1 3497 3496 329 330
822 3 2 1 1 412 3433 342 343
823 3 2 1 1 476 3437 336 337
824 3 2 1 1 419 3431 338 339
825 3 2 1 1 408 305 306 3440
826 3 2 1 1 478 3439 340 341
827 3 2 1 1 414 309 310 3436
828 3 2 1 1 474 307 308 3435
829 3 2 1 1 475 3425 313 314
830 3 2 1 1 4816 2703 3721 4979
831 3 2 1 1 404 3451 211 212
832 3 2 1 1 481 3452 213 214
833 3 2 1 1 428 3453 215 216
834 3 2 1 1 514 3472 220 221
835 3 2 1 1 3522 3520 3625 832
836 3 2 1 1 779 3624 884 781
837 3 2 1 1 4767 4786 2975 2362
838 3 2 1 1 2495 4540 3865 5042
839 3 2 1 1 4847 3489 870 868
840 3 2 1 1 4805 4848 3511 2972
841 3 2 1 1 3604 3552 3603 817
842 3 2 1 1 3662 1478 1479 3664
843 3 2 1 1 4816 3664 1479 1482
844 3 2 1 1 1534 687 689 3722
845 3 2 1 1 3500 2651 4805 4813
846 3 2 1 1 4817 2304 4717 3758
847 3 2 1 1 951 4040 1468 954
848 3 2 1 1 3782 3727 3781 3780
849 3 2 1 1 4870 4844 4523 840
850 3 2 1 1 4925 4936 3545 2700
851 3 2 1 1 3919 3511 4848 851
852 3 2 1 1 4310 1520 1515 4437
853 3 2 1 1 4772 1468 4040 3504
854 3 2 1 1 3657 4767 2362 4801
855 3 2 1 1 3174 2996 4890 4904
856 3 2 1 1 4139 2261 4922 3533
857 3 2 1 1 2673 3689 3608 2990
858 3 2 1 1 1531 1532 4943 3656
859 3 2 1 1 3722 3535 3779 1534
860 3 2 1 1 4076 3588 3624 4714
861 3 2 1 1 778 3608 3689 777
862 3 2 1 1 3537 831 4402 3539
863 3 2 1 1 3508 3606 217 218
864 3 2 1 1 1482 4541 2703 4816
865 3 2 1 1 807 4870 840 809
866 3 2 1 1 4902 1160 4851 3586
867 3 2 1 1 3595 439 194 195
868 3 2 1 1 4578 2509 3871 4826
869 3 2 1 1 392 3602 207 208
870 3 2 1 1 3513 966 958 956
871 3 2 1 1 699 4940 3601 696
872 3 2 1 1 782 4693 841 780
873 3 2 1 1 3600 373 197 198
874 3 2 1 1 3590 438 200 201
875 3 2 1 1 3758 4859 2820 4817
876 3 2 1 1 3537 3619 801 831
877 3 2 1 1 3726 684 4317 3781
878 3 2 1 1 373 3596 196 197
879 3 2 1 1 3714 3681 3725 2994
880 3 2 1 1 3663 2999 4925 4893
881 3 2 1 1 4588 3807 1907 4315
882 3 2 1 1 2697 2699 3550 4883
883 3 2 1 1 438 3598 199 200
884 3 2 1 1 912 3495 4910 4941
885 3 2 1 1 4969 4932 3555 2977
886 3 2 1 1 1212 4831 3006 4878
887 3 2 1 1 783 3769 1775 785
888 3 2 1 1 3571 3569 3694 1775
889 3 2 1 1 744 748 4849 3677
890 3 2 1 1 1027 971 967 3868
891 3 2 1 1 2995 4890 2996 4945
892 3 2 1 1 3587 3768 3769 884
893 3 2 1 1 2521 4360 2997 2519
894 3 2 1 1 803 3619 2991 3509
895 3 2 1 1 3417 5000 3834 5016
896 3 2 1 1 4921 2605 4979 3721
897 3 2 1 1 4935 3585 3614 4978
898 3 2 1 1 4383 2180 3863 3615
899 3 2 1 1 2116 4082 3636 2782
900 3 2 1 1 4786 4523 4844 2975
901 3 2 1 1 3725 2506 3001 4631
902 3 2 1 1 1951 2780 3854 4733
903 3 2 1 1 1950 1951 3660 4273
904 3 2 1 1 4878 3816 4702 1212
905 3 2 1 1 3718 4477 923 1848
906 3 2 1 1 793 3720 1846 795
907 3 2 1 1 3536 4924 694 3862
908 3 2 1 1 2350 1904 2506 3725
909 3 2 1 1 3557 1846 3720 3559
910 3 2 1 1 1262 3110 4970 5089
911 3 2 1 1 3524 4834 788 3556
912 3 2 1 1 1607 4770 3717 2331
913 3 2 1 1 3591 3590 201 202
914 3 2 1 1 3709 3075 2453 3710
915 3 2 1 1 3698 3819 723 4373
916 3 2 1 1 2880 2252 4989 4994
917 3 2 1 1 797 4402 831 799
918 3 2 1 1 4360 4794 4808 1332
919 3 2 1 1 4790 4969 2977 2118
920 3 2 1 1 4596 1783 4751 3605
921 3 2 1 1 3489 4847 4235 3485
922 3 2 1 1 789 3694 3567 4618
923 3 2 1 1 753 4743 3685 746
924 3 2 1 1 3807 3553 4871 1907
925 3 2 1 1 3789 3862 3498 2985
926 3 2 1 1 966 3513 2795 3661
927 3 2 1 1 3493 2821 3553 3807
928 3 2 1 1 3840 3841 2822 4858
929 3 2 1 1 2983 3594 1367 4793
930 3 2 1 1 3734 3735 3737 3731
931 3 2 1 1 3894 4803 3552 3604
932 3 2 1 1 3596 3595 195 196
933 3 2 1 1 4865 3562 4906 2858
934 3 2 1 1 1585 4387 3754 3655
935 3 2 1 1 3606 3455 3454 428
936 3 2 1 1 773 843 869 3688
937 3 2 1 1 2331 3717 3718 4777
938 3 2 1 1 2686 4646 1724 4383
939 3 2 1 1 3823 3824 4508 3064
940 3 2 1 1 3605 4751 1650 4783
941 3 2 1 1 3926 1936 4883 3550
942 3 2 1 1 826 3651 3003 4143
943 3 2 1 1 4266 5044 4085 5045
944 3 2 1 1 3598 3600 198 199
945 3 2 1 1 4373 1672 4655 3698
946 3 2 1 1 4763 3871 2509 4745
947 3 2 1 1 1846 3557 3539 4402
948 3 2 1 1 796 3603 4821 794
949 3 2 1 1 4515 1778 4760 3782
950 3 2 1 1 3980 4559 3750 4509
951 3 2 1 1 1265 5084 3110 1263
952 3 2 1 1 2089 2093 3706 3699
953 3 2 1 1 1786 3823 2358 1789
954 3 2 1 1 2112 4561 2097 2108
955 3 2 1 1 4773 3632 4867 1217
956 3 2 1 1 4864 3613 3612 2964
957 3 2 1 1 2196 2970 3485 4235
958 3 2 1 1 3664 4816 4979 2969
959 3 2 1 1 3673 3889 3675 3671
960 3 2 1 1 3889 3673 4727 3888
961 3 2 1 1 798 3626 3604 817
962 3 2 1 1 2797 4772 3504 2799
963 3 2 1 1 4037 3675 3889 2059
964 3 2 1 1 1160 4902 3585 4935
965 3 2 1 1 4729 4202 805 3716
966 3 2 1 1 3707 4716 3074 3075
967 3 2 1 1 3968 3965 3964 3970
968 3 2 1 1 2782 3636 3775 4719
969 3 2 1 1 737 738 746 3685
970 3 2 1 1 767 773 3688 4669
971 3 2 1 1 810 3821 826 808
972 3 2 1 1 702 3778 919 701
973 3 2 1 1 4528 4452 4759 1502
974 3 2 1 1 4731 4855 3819 4819
975 3 2 1 1 2505 3815 2135 2137
976 3 2 1 1 2629 3555 4932 2111
977 3 2 1 1 2486 2967 3684 5019
978 3 2 1 1 3457 4023 3461 3458
979 3 2 1 1 1835 1729 4488 5073
980 3 2 1 1 4542 3690 4474 1221
981 3 2 1 1 2572 4511 2564 2567
982 3 2 1 1 3401 3627 2268 3628
983 3 2 1 1 1679 1103 1116 3950
984 3 2 1 1 1609 1608 1611 4101
985 3 2 1 1 1672 4657 3007 4655
986 3 2 1 1 1263 1264 1266 1265
987 3 2 1 1 1096 3740 931 933
988 3 2 1 1 3651 826 3821 3653
989 3 2 1 1 4965 4943 2305 2978
990 3 2 1 1 3836 4901 4920 1323
991 3 2 1 1 1478 3662 2999 3663
992 3 2 1 1 4044 2608 3838 3840
993 3 2 1 1 3724 3753 3876 2626
994 3 2 1 1 1231 3898 3899 4107
995 3 2 1 1 4873 2813 4850 3857
996 3 2 1 1 3640 395 290 291
997 3 2 1 1 4009 4277 698 4011
998 3 2 1 1 1190 3752 4359 1188
999 3 2 1 1 3725 3681 2766 2350
1000 3 2 1 1 885 3846 3847 4036
1001 3 2 1 1 3818 2092 3696 4537
1002 3 2 1 1 3645 487 292 293
1003 3 2 1 1 3646 399 295 296
1004 3 2 1 1 704 4613 3778 702
1005 3 2 1 1 1331 1192 1194 3745
1006 3 2 1 1 1580 3449 4400 4045
1007 3 2 1 1 1555 3487 3491 4188
1008 3 2 1 1 4080 2604 4078 4079
1009 3 2 1 1 2792 3714 3868 2993
1010 3 2 1 1 3982 2708 2914 4002
1011 3 2 1 1 5023 4770 1607 1609
1012 3 2 1 1 4359 3752 3751 2997
1013 3 2 1 1 3408 2547 2549 3800
1014 3 2 1 1 1220 1211 1216 3870
1015 3 2 1 1 1663 4658 3771 4535
1016 3 2 1 1 4719 3775 4607 1556
1017 3 2 1 1 3346 3691 2570 3692
1018 3 2 1 1 3469 3465 3462 3983
1019 3 2 1 1 2123 2131 2134 3828
1020 3 2 1 1 800 4202 4729 3626
1021 3 2 1 1 3267 2594 2592 3659
1022 3 2 1 1 4221 4327 4328 4222
1023 3 2 1 1 993 995 1906 4667
1024 3 2 1 1 2517 3751 3680 2515
1025 3 2 1 1 3697 3000 1461 3849
1026 3 2 1 1 1847 3747 3564 4682
1027 3 2 1 1 3611 3610 2980 3136
1028 3 2 1 1 4100 3818 4537 3788
1029 3 2 1 1 4278 1589 655 4560
1030 3 2 1 1 3482 3829 4371 2611
1031 3 2 1 1 3420 2292 4130 4372
1032 3 2 1 1 4076 3937 3577 3588
1033 3 2 1 1 3633 3635 2348 3634
1034 3 2 1 1 2311 2312 2483 3790
1035 3 2 1 1 2950 2264 1755 3693
1036 3 2 1 1 4716 4710 4647 3074
1037 3 2 1 1 4091 4090 3080 2322
1038 3 2 1 1 2385 2775 4675 3617
1039 3 2 1 1 1206 4542 1221 1204
1040 3 2 1 1 4599 3971 3968 3970
1041 3 2 1 1 4826 3723 1730 4578
1042 3 2 1 1 1777 1779 3749 3750
1043 3 2 1 1 921 919 3778 3777
1044 3 2 1 1 1781 4518 4015 4307
1045 3 2 1 1 1678 4502 2182 1725
1046 3 2 1 1 4833 3796 4567 3832
1047 3 2 1 1 4664 2556 4869 3806
1048 3 2 1 1 1011 1009 1768 4339
1049 3 2 1 1 3550 3925 989 3926
1050 3 2 1 1 2613 2615 3667 4453
1051 3 2 1 1 3587 3575 3572 3768
1052 3 2 1 1 3954 3964 3965 3957
1053 3 2 1 1 3925 3545 4936 1028
1054 3 2 1 1 3176 2590 2587 3791
1055 3 2 1 1 1165 1163 1782 3837
1056 3 2 1 1 4690 4660 4557 1471
1057 3 2 1 1 3019 3020 3773 3945
1058 3 2 1 1 1533 3503 4767 3657
1059 3 2 1 1 487 3640 291 292
1060 3 2 1 1 3678 3676 2512 2511
1061 3 2 1 1 4452 4528 3787 3541
1062 3 2 1 1 2079 3799 2670 2077
1063 3 2 1 1 4671 3648 3690 4542
1064 3 2 1 1 3076 4719 1556 3850
1065 3 2 1 1 2743 2000 1074 4614
1066 3 2 1 1 488 3646 296 297
1067 3 2 1 1 1673 3876 3753 4443
1068 3 2 1 1 1088 3770 999 1007
1069 3 2 1 1 4098 4097 4096 2695
1070 3 2 1 1 4799 4005 4004 1338
1071 3 2 1 1 1788 1791 2309 4135
1072 3 2 1 1 4901 3836 2842 3835
1073 3 2 1 1 3669 4720 4453 3667
1074 3 2 1 1 2513 4704 1948 1952
1075 3 2 1 1 1994 3789 2985 1995
1076 3 2 1 1 3898 1231 3901 3900
1077 3 2 1 1 3842 3686 875 911
1078 3 2 1 1 4107 3899 4476 3902
1079 3 2 1 1 3426 475 3428 3427
1080 3 2 1 1 3980 3005 3972 4559
1081 3 2 1 1 3968 4823 4425 3969
1082 3 2 1 1 2862 2578 2579 3764
1083 3 2 1 1 1644 1916 3009 3924
1084 3 2 1 1 2113 2022 2024 3942
1085 3 2 1 1 2773 3892 3046 4017
1086 3 2 1 1 928 927 1685 4569
1087 3 2 1 1 1049 3833 3809 3886
1088 3 2 1 1 1488 3927 1769 1486
1089 3 2 1 1 4075 4516 2802 4589
1090 3 2 1 1 1154 3901 1231 1137
1091 3 2 1 1 3799 3798 2672 2670
1092 3 2 1 1 3484 2995 4945 4910
1093 3 2 1 1 4667 3943 976 993
1094 3 2 1 1 3902 4476 3893 1152
1095 3 2 1 1 883 3945 3773 4997
1096 3 2 1 1 3876 1673 4535 3771
1097 3 2 1 1 2606 3844 2583 2588
1098 3 2 1 1 3872 4489 3892 2773
1099 3 2 1 1 2198 4267 2695 4096
1100 3 2 1 1 4641 3701 3704 3705
1101 3 2 1 1 3737 3735 3736 3738
1102 3 2 1 1 1463 1309 1387 4051
1103 3 2 1 1 4781 1463 4051 4761
1104 3 2 1 1 4610 2339 1581 3936
1105 3 2 1 1 841 4693 3518 3516
1106 3 2 1 1 4335 4054 624 1953
1107 3 2 1 1 1327 3883 1814 1329
1108 3 2 1 1 3640 487 3642 3641
1109 3 2 1 1 3680 3751 3752 1331
1110 3 2 1 1 1796 2616 4032 4031
1111 3 2 1 1 630 1939 4527 4089
1112 3 2 1 1 3075 3709 3708 3707
1113 3 2 1 1 3814 1589 4278 3793
1114 3 2 1 1 4096 4073 4249 2198
1115 3 2 1 1 3916 4546 1794 3914
1116 3 2 1 1 3888 3887 2059 3889
1117 3 2 1 1 1595 1597 1601 3985
1118 3 2 1 1 3936 4433 4134 4610
1119 3 2 1 1 926 929 1998 4636
1120 3 2 1 1 1035 1999 4568 4601
1121 3 2 1 1 3547 3866 3683 4811
1122 3 2 1 1 915 4579 3845 3848
1123 3 2 1 1 1777 3750 4559 2316
1124 3 2 1 1 2034 4019 2060 2037
1125 3 2 1 1 4486 3928 3927 1488
1126 3 2 1 1 2177 4766 3270 4737
1127 3 2 1 1 3015 4191 684 3726
1128 3 2 1 1 4906 3562 1671 3079
1129 3 2 1 1 3341 4563 2253 3933
1130 3 2 1 1 4057 4059 1037 1510
1131 3 2 1 1 2119 3766 3765 3763
1132 3 2 1 1 4266 3010 3017 4265
1133 3 2 1 1 4363 1915 4691 3820
1134 3 2 1 1 3624 779 771 4714
1135 3 2 1 1 3450 4284 1232 4651
1136 3 2 1 1 3820 3018 4087 4363
1137 3 2 1 1 4406 3867 654 3814
1138 3 2 1 1 2340 4025 1598 1596
1139 3 2 1 1 1633 3881 1852 1631
1140 3 2 1 1 3742 2544 2542 3144
1141 3 2 1 1 816 4283 3919 820
1142 3 2 1 1 4007 4006 4010 3922
1143 3 2 1 1 4396 4411 4213 4616
1144 3 2 1 1 4759 4593 1495 1502
1145 3 2 1 1 1047 1052 1911 4094
1146 3 2 1 1 1533 3938 1527 1529
1147 3 2 1 1 4230 3986 2718 2678
1148 3 2 1 1 2607 2691 2775 2385
1149 3 2 1 1 3922 4201 4009 4007
1150 3 2 1 1 1098 4020 3952 1087
1151 3 2 1 1 5082 2958 3404 3411
1152 3 2 1 1 1670 1671 3562 4469
1153 3 2 1 1 4625 3743 3744 3979
1154 3 2 1 1 2971 3682 1334 4030
1155 3 2 1 1 2322 1669 1667 4091
1156 3 2 1 1 2013 2011 3954 2054
1157 3 2 1 1 2050 2219 3735 3734
1158 3 2 1 1 4527 2730 4199 4484
1159 3 2 1 1 2730 3934 3024 4199
1160 3 2 1 1 839 3563 3559 3720
1161 3 2 1 1 1000 988 990 4044
1162 3 2 1 1 2616 2618 2621 4032
1163 3 2 1 1 3446 2682 2815 3864
1164 3 2 1 1 2826 2798 2800 3631
1165 3 2 1 1 775 4669 3687 3728
1166 3 2 1 1 1454 1457 2198 4249
1167 3 2 1 1 2540 3695 3144 2542
1168 3 2 1 1 3612 2535 2537 2964
1169 3 2 1 1 897 4462 2968 1235
1170 3 2 1 1 1470 3838 2608 4147
1171 3 2 1 1 740 4350 4349 4348
1172 3 2 1 1 1409 1412 1912 3882
1173 3 2 1 1 2544 3742 3145 2546
1174 3 2 1 1 4677 4123 3897 3900
1175 3 2 1 1 824 4252 1554 828
1176 3 2 1 1 3027 3488 4679 4168
1177 3 2 1 1 1051 4364 1592 1054
1178 3 2 1 1 3984 3878 4028 763
1179 3 2 1 1 3114 3853 2166 2660
1180 3 2 1 1 2202 1956 3896 3895
1181 3 2 1 1 3751 2517 2519 2997
1182 3 2 1 1 1576 2325 4409 3873
1183 3 2 1 1 3794 2719 4601 4568
1184 3 2 1 1 4477 3718 3717 2612
1185 3 2 1 1 3945 3918 4150 3019
1186 3 2 1 1 1660 3953 1773 1662
1187 3 2 1 1 1503 1505 1964 4126
1188 3 2 1 1 1970 1972 2117 4398
1189 3 2 1 1 4478 3825 2667 4145
1190 3 2 1 1 4406 3814 3793 3011
1191 3 2 1 1 4484 4088 4089 4527
1192 3 2 1 1 3029 4106 648 1958
1193 3 2 1 1 2782 2760 2754 2116
1194 3 2 1 1 2611 4371 3878 2610
1195 3 2 1 1 4646 2686 1877 1726
1196 3 2 1 1 3615 3217 3216 2688
1197 3 2 1 1 3634 2348 2001 2003
1198 3 2 1 1 3630 2529 2531 2971
1199 3 2 1 1 2313 4983 3561 2837
1200 3 2 1 1 2527 3621 2984 2525
1201 3 2 1 1 4606 4709 2901 4668
1202 3 2 1 1 3947 4377 2150 756
1203 3 2 1 1 2566 3713 3692 2570
1204 3 2 1 1 4786 4767 3503 2741
1205 3 2 1 1 1152 3893 3031 4185
1206 3 2 1 1 2241 4142 2891 2514
1207 3 2 1 1 4985 2834 2800 2801
1208 3 2 1 1 1331 3745 4704 3680
1209 3 2 1 1 3710 2460 3712 3711
1210 3 2 1 1 1062 4282 1588 1065
1211 3 2 1 1 1975 1971 1969 4492
1212 3 2 1 1 3397 3628 2268 4711
1213 3 2 1 1 2826 4938 3951 4915
1214 3 2 1 1 2338 4326 1040 1567
1215 3 2 1 1 3828 2134 2787 2788
1216 3 2 1 1 2398 2399 2970 2196
1217 3 2 1 1 3842 2510 2829 3686
1218 3 2 1 1 4315 766 765 754
1219 3 2 1 1 945 947 950 4330
1220 3 2 1 1 3148 4098 2695 2445
1221 3 2 1 1 3662 2497 2998 2999
1222 3 2 1 1 3615 2688 2686 4383
1223 3 2 1 1 4143 3003 2771 3716
1224 3 2 1 1 2821 3493 2977 3555
1225 3 2 1 1 1779 3873 4409 3748
1226 3 2 1 1 2610 3878 3984 3877
1227 3 2 1 1 4453 4019 2033 2613
1228 3 2 1 1 4772 2797 2795 3513
1229 3 2 1 1 2498 3846 3848 3845
1230 3 2 1 1 3632 3006 4831 4867
1231 3 2 1 1 2254 2419 3175 3930
1232 3 2 1 1 599 601 3044 4321
1233 3 2 1 1 2759 4431 830 4227
1234 3 2 1 1 1946 4436 2652 2328
1235 3 2 1 1 2015 4449 2098 2017
1236 3 2 1 1 4639 4131 611 4274
1237 3 2 1 1 4331 4539 4094 3032
1238 3 2 1 1 3828 3634 2003 2123
1239 3 2 1 1 3991 2904 2167 3989
1240 3 2 1 1 2571 3691 2596 2574
1241 3 2 1 1 1363 3593 4193 3987
1242 3 2 1 1 2211 2095 2094 2091
1243 3 2 1 1 3538 4659 4135 2992
1244 3 2 1 1 3807 4588 750 3493
1245 3 2 1 1 4446 3026 2302 4447
1246 3 2 1 1 1600 3880 4740 4538
1247 3 2 1 1 3835 2842 2833 2369
1248 3 2 1 1 4304 4052 3023 3896
1249 3 2 1 1 4106 3029 4377 3947
1250 3 2 1 1 3035 4572 4321 4320
1251 3 2 1 1 4256 4001 4314 1742
1252 3 2 1 1 1572 4078 2604 1573
1253 3 2 1 1 1965 3917 3500 2120
1254 3 2 1 1 4118 2663 2318 4412
1255 3 2 1 1 859 4049 3929 857
1256 3 2 1 1 3061 4587 4049 4615
1257 3 2 1 1 3714 2792 2766 3681
1258 3 2 1 1 4651 4643 3039 3450
1259 3 2 1 1 4059 4057 3043 2665
1260 3 2 1 1 2297 2605 4339 1768
1261 3 2 1 1 3609 1913 2696 2697
1262 3 2 1 1 3682 2533 2535 3612
1263 3 2 1 1 3665 2614 2758 3195
1264 3 2 1 1 2652 3940 763 4028
1265 3 2 1 1 3716 805 806 4143
1266 3 2 1 1 4145 848 4308 4478
1267 3 2 1 1 3648 4671 1220 4763
1268 3 2 1 1 4812 3884 2072 4739
1269 3 2 1 1 3078 4637 2113 4663
1270 3 2 1 1 1069 2654 4148 4153
1271 3 2 1 1 4663 2748 2759 3078
1272 3 2 1 1 4265 3017 4020 4445
1273 3 2 1 1 2349 3077 4619 4629
1274 3 2 1 1 1570 1568 2633 4018
1275 3 2 1 1 1058 1593 2736 4517
1276 3 2 1 1 2590 3176 3659 2592
1277 3 2 1 1 1318 3584 3578 3937
1278 3 2 1 1 884 3624 3588 3587
1279 3 2 1 1 4183 3036 4454 4386
1280 3 2 1 1 2580 2579 2578 2577
1281 3 2 1 1 3632 4773 3635 3633
1282 3 2 1 1 1633 1636 2805 3881
1283 3 2 1 1 3815 2505 3817 3816
1284 3 2 1 1 2987 4721 777 3689
1285 3 2 1 1 3826 1390 1330 1389
1286 3 2 1 1 986 985 1936 3926
1287 3 2 1 1 1389 1815 2388 3826
1288 3 2 1 1 3445 1842 4272 4083
1289 3 2 1 1 4467 4354 4505 2337
1290 3 2 1 1 2108 2097 2084 2107
1291 3 2 1 1 3063 2358 3823 3064
1292 3 2 1 1 4222 4328 4707 4715
1293 3 2 1 1 2676 4408 1983 1981
1294 3 2 1 1 4666 4571 4573 4146
1295 3 2 1 1 665 4169 4170 663
1296 3 2 1 1 3019 4150 833 1917
1297 3 2 1 1 1884 2242 3185 4092
1298 3 2 1 1 4392 2289 4175 4176
1299 3 2 1 1 4029 4262 626 4124
1300 3 2 1 1 4201 3922 2335 3921
1301 3 2 1 1 4704 2513 2515 3680
1302 3 2 1 1 1843 4117 1445 1443
1303 3 2 1 1 3799 2096 2307 3798
1304 3 2 1 1 2870 3340 3342 2871
1305 3 2 1 1 2626 3876 3771 2624
1306 3 2 1 1 4410 2634 3090 3911
1307 3 2 1 1 3868 3714 2994 1027
1308 3 2 1 1 3676 2976 2647 2512
1309 3 2 1 1 3783 2047 2048 2049
1310 3 2 1 1 3925 3550 2699 3545
1311 3 2 1 1 3575 3574 3573 3572
1312 3 2 1 1 3088 3086 3085 3084
1313 3 2 1 1 2646 3898 3900 3897
1314 3 2 1 1 3639 4261 899 2486
1315 3 2 1 1 4467 2744 4021 4354
1316 3 2 1 1 4055 4115 635 3977
1317 3 2 1 1 2052 3729 2205 2056
1318 3 2 1 1 2197 4128 3200 2413
1319 3 2 1 1 4248 4228 4233 4379
1320 3 2 1 1 4450 3057 4025 4621
1321 3 2 1 1 2628 4537 3696 2630
1322 3 2 1 1 4095 3678 4790 2764
1323 3 2 1 1 3762 2585 3844 3760
1324 3 2 1 1 3584 3580 3579 3578
1325 3 2 1 1 1952 1948 1949 1950
1326 3 2 1 1 4142 2241 2240 3141
1327 3 2 1 1 1166 4004 1464 1164
1328 3 2 1 1 3927 5000 1903 1769
1329 3 2 1 1 3614 1318 749 745
1330 3 2 1 1 3867 4406 1959 1537
1331 3 2 1 1 4001 4479 4575 3999
1332 3 2 1 1 3661 2795 2794 2793
1333 3 2 1 1 2541 2539 2538 2540
1334 3 2 1 1 3806 3802 2959 4664
1335 3 2 1 1 1214 3743 1215 1210
1336 3 2 1 1 1786 1785 3824 3823
1337 3 2 1 1 2858 2157 2823 2857
1338 3 2 1 1 4814 2388 2387 2861
1339 3 2 1 1 2547 2545 2544 2546
1340 3 2 1 1 4865 2858 2857 2859
1341 3 2 1 1 2580 2581 2585 2579
1342 3 2 1 1 3658 2895 2896 3184
1343 3 2 1 1 1312 1313 3719 1219
1344 3 2 1 1 3723 1325 1729 1730
1345 3 2 1 1 4943 1532 1772 2305
1346 3 2 1 1 2123 2122 2132 2131
1347 3 2 1 1 4474 3690 2733 3854
1348 3 2 1 1 803 3509 3510 3551
1349 3 2 1 1 3741 732 737 847
1350 3 2 1 1 4350 740 1604 1605
1351 3 2 1 1 3688 869 871 1905
1352 3 2 1 1 4041 949 948 953
1353 3 2 1 1 1005 996 3831 4566
1354 3 2 1 1 1236 1122 1134 4620
1355 3 2 1 1 1178 3746 4030 1176
1356 3 2 1 1 3787 1501 1786 1787
1357 3 2 1 1 1512 1514 1517 4633
1358 3 2 1 1 1608 1606 3679 1610
1359 3 2 1 1 4101 1611 1804 1851
1360 3 2 1 1 4031 1664 1795 1796
1361 3 2 1 1 3822 1944 1942 4522
1362 3 2 1 1 4304 3896 1956 4255
1363 3 2 1 1 4637 2020 2022 2113
1364 3 2 1 1 3887 2043 2041 2059
1365 3 2 1 1 3729 2052 2050 3734
1366 3 2 1 1 3172 2251 2166 3853
1367 3 2 1 1 3904 2171 2167 2904
1368 3 2 1 1 2180 2181 2228 3863
1369 3 2 1 1 2181 2182 2184 2183
1370 3 2 1 1 4563 2188 2189 2253
1371 3 2 1 1 4020 3017 2323 3952
1372 3 2 1 1 3664 2969 2497 3662
1373 3 2 1 1 3555 2629 2819 2821
1374 3 2 1 1 2709 3982 2645 4123
1375 3 2 1 1 3689 2673 2672 2987
1376 3 2 1 1 4481 2735 2921 3880
1377 3 2 1 1 3631 2800 2834 2835
1378 3 2 1 1 3488 3027 3028 3487
1379 3 2 1 1 2746 3073 4612 4574
1380 3 2 1 1 4821 3603 3552 3531
1381 3 2 1 1 3568 3567 3694 3569
1382 3 2 1 1 2211 3700 3702 3701
1383 3 2 1 1 4652 3795 3796 4833
1384 3 2 1 1 4200 3921 3920 4513
1385 3 2 1 1 3767 1639 1641 3924
1386 3 2 1 1 4658 1663 4031 4032
1387 3 2 1 1 3843 1990 4428 4104
1388 3 2 1 1 2483 2312 2433 2434
1389 3 2 1 1 841 3514 2990 3608
1390 3 2 1 1 4475 1200 1202 3776
1391 3 2 1 1 911 875 876 910
1392 3 2 1 1 2809 2715 4050 4696
1393 3 2 1 1 4209 3045 4298 4210
1394 3 2 1 1 1450 4112 4066 4064
1395 3 2 1 1 4230 2256 3179 3986
1396 3 2 1 1 2588 2583 2586 2587
1397 3 2 1 1 1386 1309 1308 1140
1398 3 2 1 1 4525 1792 1791 1790
1399 3 2 1 1 2528 2530 2531 2529
1400 3 2 1 1 3907 1991 1989 1992
1401 3 2 1 1 2882 4175 2285 2288
1402 3 2 1 1 4061 4148 2654 3033
1403 3 2 1 1 1669 2322 3079 1671
1404 3 2 1 1 4173 1963 4121 4119
1405 3 2 1 1 3392 4155 1368 1369
1406 3 2 1 1 2548 4638 3146 2550
1407 3 2 1 1 3777 1848 923 921
1408 3 2 1 1 4210 4298 3138 2239
1409 3 2 1 1 637 640 2148 3977
1410 3 2 1 1 1502 1495 1496 1497
1411 3 2 1 1 3781 3727 3016 3726
1412 3 2 1 1 872 3755 895 867
1413 3 2 1 1 1135 4293 1106 1105
1414 3 2 1 1 1511 3809 1894 1513
1415 3 2 1 1 4546 3916 4715 2360
1416 3 2 1 1 4125 4126 4017 3046
1417 3 2 1 1 3981 2903 2739 4706
1418 3 2 1 1 581 4141 736 579
1419 3 2 1 1 866 4396 1923 1920
1420 3 2 1 1 3637 2229 2252 2880
1421 3 2 1 1 3483 3482 3481 2968
1422 3 2 1 1 639 638 3052 4134
1423 3 2 1 1 3945 883 845 3918
1424 3 2 1 1 1266 1269 1267 1265
1425 3 2 1 1 3647 2237 2731 2733
1426 3 2 1 1 1990 3843 1992 1989
1427 3 2 1 1 3776 1202 1204 1221
1428 3 2 1 1 3087 2772 1966 2120
1429 3 2 1 1 2114 2751 3935 4500
1430 3 2 1 1 4746 4553 4551 4549
1431 3 2 1 1 2558 2557 2556 2555
1432 3 2 1 1 3745 1194 1196 1462
1433 3 2 1 1 1991 3907 3140 2243
1434 3 2 1 1 3679 1606 1605 1604
1435 3 2 1 1 4500 1977 1978 2114
1436 3 2 1 1 3835 2369 1996 2367
1437 3 2 1 1 4563 2190 2187 2188
1438 3 2 1 1 3975 2640 2642 3976
1439 3 2 1 1 4481 2728 2729 2735
1440 3 2 1 1 2684 4237 2848 4286
1441 3 2 1 1 4292 4365 4332 3054
1442 3 2 1 1 4069 4112 1452 1858
1443 3 2 1 1 4374 2609 1797 1538
1444 3 2 1 1 4505 4624 1705 2337
1445 3 2 1 1 2610 3877 1919 1921
1446 3 2 1 1 1975 4492 4583 1978
1447 3 2 1 1 2038 2039 2041 2040
1448 3 2 1 1 3723 1313 1314 1325
1449 3 2 1 1 1639 3767 1674 1637
1450 3 2 1 1 1945 1942 1940 1943
1451 3 2 1 1 3697 3629 3001 3000
1452 3 2 1 1 4317 3779 3780 3781
1453 3 2 1 1 4385 4605 896 4426
1454 3 2 1 1 3837 1784 1167 1165
1455 3 2 1 1 4437 1515 1513 1894
1456 3 2 1 1 3873 1779 1777 1578
1457 3 2 1 1 820 3919 851 822
1458 3 2 1 1 3684 1924 1921 1922
1459 3 2 1 1 3734 3731 3730 3729
1460 3 2 1 1 1215 1218 1219 1216
1461 3 2 1 1 3246 2868 2274 4264
1462 3 2 1 1 2275 2286 4259 4301
1463 3 2 1 1 1560 4662 1201 1199
1464 3 2 1 1 1702 1884 2402 1889
1465 3 2 1 1 4018 2633 4539 4331
1466 3 2 1 1 3939 1162 1164 1464
1467 3 2 1 1 3746 1178 1180 1333
1468 3 2 1 1 1789 1788 1787 1786
1469 3 2 1 1 4029 4124 622 3940
1470 3 2 1 1 3977 635 636 637
1471 3 2 1 1 1087 3952 1104 1085
1472 3 2 1 1 4304 1127 4324 4052
1473 3 2 1 1 1765 4483 3423 4451
1474 3 2 1 1 2031 2030 2028 2029
1475 3 2 1 1 4423 2071 2069 2070
1476 3 2 1 1 4782 2649 677 1558
1477 3 2 1 1 4018 1574 1572 1570
1478 3 2 1 1 3026 3923 4484 4199
1479 3 2 1 1 2839 2841 3885 2370
1480 3 2 1 1 2293 4048 2961 3421
1481 3 2 1 1 1652 2811 4516 4075
1482 3 2 1 1 930 928 4569 960
1483 3 2 1 1 930 932 933 931
1484 3 2 1 1 989 3925 1028 997
1485 3 2 1 1 1296 1340 1748 4184
1486 3 2 1 1 2102 2103 2105 2104
1487 3 2 1 1 3691 3346 3345 2596
1488 3 2 1 1 1627 1630 2634 4410
1489 3 2 1 1 3937 3578 3576 3577
1490 3 2 1 1 3619 3537 2992 2991
1491 3 2 1 1 3626 798 799 800
1492 3 2 1 1 3936 1581 1506 1504
1493 3 2 1 1 4562 4397 2720 4042
1494 3 2 1 1 3461 3463 3983 3462
1495 3 2 1 1 2619 4132 2814 2620
1496 3 2 1 1 1127 1124 1123 4324
1497 3 2 1 1 4111 2909 2675 4259
1498 3 2 1 1 3986 3774 3204 2718
1499 3 2 1 1 1381 4233 1374 1377
1500 3 2 1 1 4182 4181 2936 3233
1501 3 2 1 1 3812 3813 4678 2132
1502 3 2 1 1 2175 2174 2177 2176
1503 3 2 1 1 2082 2079 2080 2081
1504 3 2 1 1 3655 3654 3652 3653
1505 3 2 1 1 3036 4183 1063 1546
1506 3 2 1 1 3800 2549 2551 2959
1507 3 2 1 1 3903 852 850 849
1508 3 2 1 1 2495 3874 2965 2494
1509 3 2 1 1 4185 3031 4345 4077
1510 3 2 1 1 3932 3931 3930 3175
1511 3 2 1 1 4657 1672 719 722
1512 3 2 1 1 4283 816 814 815
1513 3 2 1 1 3752 1190 1192 1331
1514 3 2 1 1 4649 2433 2312 1878
1515 3 2 1 1 1199 1201 1202 1200
1516 3 2 1 1 3869 1934 2420 2421
1517 3 2 1 1 4557 1415 1418 1471
1518 3 2 1 1 1914 1912 1416 1913
1519 3 2 1 1 1476 1477 1478 1475
1520 3 2 1 1 1480 1481 1482 1479
1521 3 2 1 1 2361 2362 2975 1901
1522 3 2 1 1 4126 1964 1966 4017
1523 3 2 1 1 3783 2049 2051 2062
1524 3 2 1 1 2991 2992 4135 2309
1525 3 2 1 1 2257 2396 4205 4204
1526 3 2 1 1 2490 2489 3147 2491
1527 3 2 1 1 615 617 757 616
1528 3 2 1 1 763 620 618 3984
1529 3 2 1 1 4054 621 623 624
1530 3 2 1 1 628 1138 1939 630
1531 3 2 1 1 641 642 644 643
1532 3 2 1 1 639 4134 4433 642
1533 3 2 1 1 3046 650 647 4125
1534 3 2 1 1 3867 651 653 654
1535 3 2 1 1 3814 654 655 1589
1536 3 2 1 1 759 661 663 4170
1537 3 2 1 1 1524 666 664 762
1538 3 2 1 1 677 678 679 676
1539 3 2 1 1 4513 697 695 4200
1540 3 2 1 1 729 728 725 727
1541 3 2 1 1 1526 1524 762 1525
1542 3 2 1 1 3694 787 785 1775
1543 3 2 1 1 3720 793 791 839
1544 3 2 1 1 3821 810 812 1585
1545 3 2 1 1 4388 814 816 818
1546 3 2 1 1 4252 824 822 851
1547 3 2 1 1 838 837 3918 845
1548 3 2 1 1 3903 849 845 883
1549 3 2 1 1 4188 860 858 1555
1550 3 2 1 1 3848 878 862 915
1551 3 2 1 1 4288 879 886 887
1552 3 2 1 1 4045 913 908 1580
1553 3 2 1 1 4179 1001 939 941
1554 3 2 1 1 3974 965 968 1602
1555 3 2 1 1 4490 978 980 981
1556 3 2 1 1 987 4374 982 984
1557 3 2 1 1 4147 1004 1009 1010
1558 3 2 1 1 2297 1768 1008 1896
1559 3 2 1 1 1567 1040 1041 1566
1560 3 2 1 1 1566 1041 1043 4212
1561 3 2 1 1 4153 1066 1068 1069
1562 3 2 1 1 1467 1070 1073 3890
1563 3 2 1 1 1078 1079 1080 1073
1564 3 2 1 1 3623 1153 1136 1385
1565 3 2 1 1 4196 1233 1157 1845
1566 3 2 1 1 1388 1228 1230 4211
1567 3 2 1 1 4099 1320 1967 2152
1568 3 2 1 1 4545 1927 1500 1498
1569 3 2 1 1 4263 1506 1581 1770
1570 3 2 1 1 4275 1521 1518 1718
1571 3 2 1 1 2785 1528 1527 3938
1572 3 2 1 1 4078 1572 1574 1575
1573 3 2 1 1 3855 1640 1638 1682
1574 3 2 1 1 3924 1641 1643 1644
1575 3 2 1 1 1655 1654 1783 1656
1576 3 2 1 1 3953 1660 1658 1778
1577 3 2 1 1 1826 1827 2337 1705
1578 3 2 1 1 1790 1789 2358 2357
1579 3 2 1 1 1584 1802 3005 3980
1580 3 2 1 1 2378 1856 1961 4187
1581 3 2 1 1 2631 3032 4094 1911
1582 3 2 1 1 4413 4215 1961 4337
1583 3 2 1 1 1982 1984 2004 4456
1584 3 2 1 1 2453 2121 2101 2394
1585 3 2 1 1 1693 2154 3055 4042
1586 3 2 1 1 2172 2171 3904 2455
1587 3 2 1 1 3845 2298 2299 2498
1588 3 2 1 1 3934 3025 2303 3024
1589 3 2 1 1 2350 2765 3077 2349
1590 3 2 1 1 3710 2453 2394 2460
1591 3 2 1 1 3264 2416 2973 2974
1592 3 2 1 1 3859 2463 2464 3211
1593 3 2 1 1 3909 2914 2708 2669
1594 3 2 1 1 4372 4198 2674 3420
1595 3 2 1 1 564 2674 4198 4172
1596 3 2 1 1 2784 2717 2678 2718
1597 3 2 1 1 1779 3748 2726 3749
1598 3 2 1 1 4191 3015 2809 4696
1599 3 2 1 1 1385 3448 2965 3623
1600 3 2 1 1 1944 3822 3025 3934
1601 3 2 1 1 3156 3158 3159 3157
1602 3 2 1 1 4659 3538 3540 3541
1603 3 2 1 1 2664 4086 3941 4639
1604 3 2 1 1 2054 3954 3956 3955
1605 3 2 1 1 1858 4249 4073 4072
1606 3 2 1 1 4154 4114 4113 4305
1607 3 2 1 1 3090 2634 1852 3089
1608 3 2 1 1 1971 1973 1974 1972
1609 3 2 1 1 3789 1994 2601 2602
1610 3 2 1 1 2824 2142 4722 2825
1611 3 2 1 1 2403 2402 4093 4258
1612 3 2 1 1 3536 2602 2603 3535
1613 3 2 1 1 4674 2677 2665 3043
1614 3 2 1 1 779 778 777 771
1615 3 2 1 1 4036 886 879 885
1616 3 2 1 1 1027 973 972 971
1617 3 2 1 1 3042 1588 4282 3047
1618 3 2 1 1 3910 2503 2502 1926
1619 3 2 1 1 1894 3809 3833 3810
1620 3 2 1 1 1090 1091 1093 1092
1621 3 2 1 1 1187 1186 1184 1185
1622 3 2 1 1 643 3947 756 641
1623 3 2 1 1 4212 2633 1568 1566
1624 3 2 1 1 2077 2670 2671 2076
1625 3 2 1 1 2321 707 708 710
1626 3 2 1 1 983 1562 1936 985
1627 3 2 1 1 1018 1017 1016 1015
1628 3 2 1 1 1521 4275 2345 1722
1629 3 2 1 1 1767 1891 2223 4267
1630 3 2 1 1 2564 2566 2570 2567
1631 3 2 1 1 4104 3061 3060 2632
1632 3 2 1 1 3036 4495 2663 4454
1633 3 2 1 1 991 1074 1615 1614
1634 3 2 1 1 3873 1578 1577 1576
1635 3 2 1 1 4090 4434 4435 3080
1636 3 2 1 1 3763 3762 3760 3761
1637 3 2 1 1 4339 1014 1013 1011
1638 3 2 1 1 1020 1017 1018 1019
1639 3 2 1 1 4058 3051 3050 2439
1640 3 2 1 1 560 4122 882 562
1641 3 2 1 1 3890 2656 2655 1467
1642 3 2 1 1 3948 1853 1777 2316
1643 3 2 1 1 3672 3671 3669 3670
1644 3 2 1 1 649 1537 1958 648
1645 3 2 1 1 1705 4624 3985 1601
1646 3 2 1 1 1052 1047 1050 1051
1647 3 2 1 1 3830 1088 1089 1090
1648 3 2 1 1 3993 2418 2226 2161
1649 3 2 1 1 4408 2676 4587 4428
1650 3 2 1 1 4482 4401 4730 2743
1651 3 2 1 1 1020 1019 1022 1021
1652 3 2 1 1 1337 1143 1142 1336
1653 3 2 1 1 2194 4268 2389 1862
1654 3 2 1 1 3699 2091 2090 2089
1655 3 2 1 1 3241 2452 2206 4269
1656 3 2 1 1 4245 2454 2191 2408
1657 3 2 1 1 651 3867 1537 649
1658 3 2 1 1 1447 1445 4117 1458
1659 3 2 1 1 3825 2004 2005 2006
1660 3 2 1 1 2071 2072 3884 2069
1661 3 2 1 1 2157 2145 2140 2146
1662 3 2 1 1 2640 3975 2899 2638
1663 3 2 1 1 3943 1469 963 970
1664 3 2 1 1 3908 962 953 948
1665 3 2 1 1 4025 3057 1600 1598
1666 3 2 1 1 1565 1690 2844 1564
1667 3 2 1 1 3068 1926 1925 1923
1668 3 2 1 1 2068 2057 2053 2056
1669 3 2 1 1 700 703 704 702
1670 3 2 1 1 881 917 1780 709
1671 3 2 1 1 855 856 858 857
1672 3 2 1 1 887 886 889 888
1673 3 2 1 1 1107 1098 1105 1106
1674 3 2 1 1 4193 3593 2983 2507
1675 3 2 1 1 3985 4624 4580 2736
1676 3 2 1 1 3895 3021 3022 3257
1677 3 2 1 1 3525 3526 3529 3527
1678 3 2 1 1 1500 4765 3824 1785
1679 3 2 1 1 4644 653 651 652
1680 3 2 1 1 4560 655 656 657
1681 3 2 1 1 4087 667 665 666
1682 3 2 1 1 669 1587 668 667
1683 3 2 1 1 1003 998 990 997
1684 3 2 1 1 3772 4263 1770 1899
1685 3 2 1 1 2080 2079 2077 2078
1686 3 2 1 1 983 982 981 980
1687 3 2 1 1 4058 2439 1840 2440
1688 3 2 1 1 4447 2302 2301 1898
1689 3 2 1 1 644 916 1503 646
1690 3 2 1 1 663 664 666 665
1691 3 2 1 1 682 683 686 685
1692 3 2 1 1 4014 688 687 686
1693 3 2 1 1 4076 770 755 749
1694 3 2 1 1 833 829 825 828
1695 3 2 1 1 891 4353 4462 893
1696 3 2 1 1 1086 4305 1119 1097
1697 3 2 1 1 4311 1224 1146 1223
1698 3 2 1 1 4808 1184 1186 1332
1699 3 2 1 1 916 1504 1505 1503
1700 3 2 1 1 4383 1724 1725 2180
1701 3 2 1 1 2813 2130 1979 2129
1702 3 2 1 1 2158 2106 2104 2105
1703 3 2 1 1 4561 2112 2512 2647
1704 3 2 1 1 3480 1015 1013 1014
1705 3 2 1 1 1189 1188 1186 1187
1706 3 2 1 1 2171 2168 1827 2167
1707 3 2 1 1 1554 1918 2310 1917
1708 3 2 1 1 4119 4120 4174 4173
1709 3 2 1 1 4172 568 567 565
1710 3 2 1 1 662 4136 762 664
1711 3 2 1 1 4050 674 675 676
1712 3 2 1 1 692 691 689 690
1713 3 2 1 1 909 3902 1152 907
1714 3 2 1 1 1084 1083 1086 1085
1715 3 2 1 1 1434 4219 2260 1759
1716 3 2 1 1 2320 2117 1972 1974
1717 3 2 1 1 3941 1565 1564 1563
1718 3 2 1 1 2632 3060 4398 2117
1719 3 2 1 1 1917 2310 3020 3019
1720 3 2 1 1 3027 3025 3822 3028
1721 3 2 1 1 4139 4138 2209 2261
1722 3 2 1 1 2946 2945 2944 2925
1723 3 2 1 1 839 3565 3564 3563
1724 3 2 1 1 4112 4069 4068 4066
1725 3 2 1 1 608 607 610 609
1726 3 2 1 1 4669 775 765 767
1727 3 2 1 1 795 794 792 793
1728 3 2 1 1 3870 1216 1219 3719
1729 3 2 1 1 3842 1465 1695 2510
1730 3 2 1 1 584 583 581 582
1731 3 2 1 1 890 891 893 892
1732 3 2 1 1 1235 899 898 897
1733 3 2 1 1 1113 1322 1535 1123
1734 3 2 1 1 1226 4129 1539 1229
1735 3 2 1 1 1681 1315 2156 1687
1736 3 2 1 1 4345 1933 1931 1929
1737 3 2 1 1 4299 2395 2463 2934
1738 3 2 1 1 1369 3394 2956 3392
1739 3 2 1 1 4849 2976 3676 3677
1740 3 2 1 1 1407 1408 1410 1409
1741 3 2 1 1 4137 659 657 658
1742 3 2 1 1 785 784 782 783
1743 3 2 1 1 819 820 822 821
1744 3 2 1 1 848 836 837 838
1745 3 2 1 1 3477 1232 904 4024
1746 3 2 1 1 1233 1158 1156 1157
1747 3 2 1 1 1201 1203 1204 1202
1748 3 2 1 1 2039 4037 2059 2041
1749 3 2 1 1 1746 4193 2507 2208
1750 3 2 1 1 3862 3789 2602 3536
1751 3 2 1 1 4172 565 563 564
1752 3 2 1 1 622 621 619 620
1753 3 2 1 1 1806 1104 3952 2323
1754 3 2 1 1 1461 1460 1405 1406
1755 3 2 1 1 2336 1850 1690 1565
1756 3 2 1 1 3685 2149 847 737
1757 3 2 1 1 754 753 746 747
1758 3 2 1 1 943 945 4330 1523
1759 3 2 1 1 954 952 950 951
1760 3 2 1 1 4488 1729 1325 1326
1761 3 2 1 1 1701 2166 2251 1820
1762 3 2 1 1 4019 2034 2032 2033
1763 3 2 1 1 2037 2036 2035 2034
1764 3 2 1 1 4397 4562 2342 2341
1765 3 2 1 1 4417 2627 4416 2074
1766 3 2 1 1 3798 3683 2987 2672
1767 3 2 1 1 3793 3012 2838 3011
1768 3 2 1 1 1339 3939 4741 3408
1769 3 2 1 1 643 644 646 645
1770 3 2 1 1 648 647 650 649
1771 3 2 1 1 680 681 683 682
1772 3 2 1 1 855 877 1980 854
1773 3 2 1 1 977 974 979 978
1774 3 2 1 1 1082 1081 1080 1079
1775 3 2 1 1 1511 1513 1514 1512
1776 3 2 1 1 1547 4061 1553 1549
1777 3 2 1 1 1597 1599 1704 1601
1778 3 2 1 1 1637 1674 2805 1636
1779 3 2 1 1 2660 2166 1701 2659
1780 3 2 1 1 4299 4197 1749 2395
1781 3 2 1 1 3507 3416 2485 3417
1782 3 2 1 1 4305 4113 1222 1119
1783 3 2 1 1 1621 1622 1624 1623
1784 3 2 1 1 3896 3023 3021 3895
1785 3 2 1 1 3551 804 802 803
1786 3 2 1 1 913 909 907 908
1787 3 2 1 1 966 964 959 958
1788 3 2 1 1 965 967 971 968
1789 3 2 1 1 4368 4324 1123 1535
1790 3 2 1 1 1786 1501 1500 1785
1791 3 2 1 1 1921 1924 2611 2610
1792 3 2 1 1 2049 2050 2052 2051
1793 3 2 1 1 1053 1054 1058 1055
1794 3 2 1 1 1596 1598 1599 1597
1795 3 2 1 1 4002 2876 2645 3982
1796 3 2 1 1 1071 1057 1095 1075
1797 3 2 1 1 1210 1215 1216 1211
1798 3 2 1 1 1444 1445 1447 1446
1799 3 2 1 1 3424 4130 1456 1895
1800 3 2 1 1 2086 2083 2081 2085
1801 3 2 1 1 1858 4072 4070 4069
1802 3 2 1 1 2692 576 574 844
1803 3 2 1 1 4108 582 580 1842
1804 3 2 1 1 4141 581 583 1691
1805 3 2 1 1 602 601 599 600
1806 3 2 1 1 3044 603 605 4190
1807 3 2 1 1 629 630 4089 631
1808 3 2 1 1 758 638 637 636
1809 3 2 1 1 640 639 642 641
1810 3 2 1 1 641 756 2148 640
1811 3 2 1 1 3018 671 670 669
1812 3 2 1 1 4102 1541 1540 864
1813 3 2 1 1 4207 898 900 901
1814 3 2 1 1 4024 904 903 902
1815 3 2 1 1 1032 1025 1023 1024
1816 3 2 1 1 4332 1125 1126 4218
1817 3 2 1 1 4403 1132 1146 4056
1818 3 2 1 1 4056 1146 1224 1225
1819 3 2 1 1 4105 1384 1438 1439
1820 3 2 1 1 4240 1394 1396 1397
1821 3 2 1 1 1938 1439 1440 2161
1822 3 2 1 1 1442 1441 1843 1443
1823 3 2 1 1 4064 1825 1446 1448
1824 3 2 1 1 4064 1448 1449 1450
1825 3 2 1 1 4249 1858 1452 1454
1826 3 2 1 1 1504 1506 1507 1505
1827 3 2 1 1 1129 1544 2720 4218
1828 3 2 1 1 1654 1653 1652 1651
1829 3 2 1 1 1223 1700 2701 4311
1830 3 2 1 1 2239 1829 1812 4210
1831 3 2 1 1 3885 1850 2336 2370
1832 3 2 1 1 2849 2154 1856 2378
1833 3 2 1 1 901 1928 4441 4207
1834 3 2 1 1 3869 1931 1933 1934
1835 3 2 1 1 2024 2025 2027 2026
1836 3 2 1 1 3946 2382 2153 2847
1837 3 2 1 1 1938 2161 2226 2162
1838 3 2 1 1 3909 2669 2226 2918
1839 3 2 1 1 2638 2637 2327 2636
1840 3 2 1 1 2907 2392 2393 2906
1841 3 2 1 1 1884 4092 4093 2402
1842 3 2 1 1 3993 3994 3995 2418
1843 3 2 1 1 2296 2496 4149 4391
1844 3 2 1 1 3639 2502 2503 3477
1845 3 2 1 1 4123 2645 2643 3897
1846 3 2 1 1 2701 2702 2705 2704
1847 3 2 1 1 2288 2881 2883 2882
1848 3 2 1 1 2886 2884 2883 2885
1849 3 2 1 1 4346 4177 4176 2888
1850 3 2 1 1 3450 3039 3038 3449
1851 3 2 1 1 4314 4001 3999 3997
1852 3 2 1 1 958 957 955 956
1853 3 2 1 1 582 4108 769 584
1854 3 2 1 1 594 593 591 592
1855 3 2 1 1 3044 601 602 603
1856 3 2 1 1 702 701 699 700
1857 3 2 1 1 4513 3920 705 703
1858 3 2 1 1 4613 704 706 707
1859 3 2 1 1 906 905 903 904
1860 3 2 1 1 3042 1603 1067 1588
1861 3 2 1 1 1110 1120 1319 1109
1862 3 2 1 1 1270 1296 4184 4253
1863 3 2 1 1 1702 1488 1486 1487
1864 3 2 1 1 1529 1527 1525 4536
1865 3 2 1 1 720 1807 1808 1561
1866 3 2 1 1 1487 1763 1884 1702
1867 3 2 1 1 3152 2939 1885 2872
1868 3 2 1 1 1931 1930 1928 1929
1869 3 2 1 1 3365 3280 2905 2265
1870 3 2 1 1 3363 2482 2459 2481
1871 3 2 1 1 3378 2953 2954 3219
1872 3 2 1 1 2724 4414 4468 3058
1873 3 2 1 1 4314 3997 3996 3994
1874 3 2 1 1 4392 4176 4177 4178
1875 3 2 1 1 4195 1398 1399 1400
1876 3 2 1 1 1813 4251 2291 1811
1877 3 2 1 1 4138 2912 2207 2209
1878 3 2 1 1 2712 2711 2283 5231
1879 3 2 1 1 4147 1010 1012 1470
1880 3 2 1 1 1105 1098 1087 1097
1881 3 2 1 1 1128 1129 4218 1126
1882 3 2 1 1 4203 1271 1270 1268
1883 3 2 1 1 4211 1963 1857 1388
1884 3 2 1 1 2036 2037 2039 2038
1885 3 2 1 1 3126 2428 2427 2426
1886 3 2 1 1 4250 2429 2427 2428
1887 3 2 1 1 2680 2682 3441 2681
1888 3 2 1 1 3715 4083 2692 2963
1889 3 2 1 1 1819 3386 2887 3387
1890 3 2 1 1 4121 3040 3041 4119
1891 3 2 1 1 2662 4244 596 1557
1892 3 2 1 1 606 605 603 604
1893 3 2 1 1 4213 607 605 606
1894 3 2 1 1 619 4053 757 617
1895 3 2 1 1 628 627 625 626
1896 3 2 1 1 634 4088 758 636
1897 3 2 1 1 2354 2352 741 2353
1898 3 2 1 1 4477 925 924 923
1899 3 2 1 1 1847 1387 1492 1493
1900 3 2 1 1 1036 1511 1512 1510
1901 3 2 1 1 4103 1532 1531 1530
1902 3 2 1 1 2737 4370 1635 1634
1903 3 2 1 1 2392 2197 1721 1822
1904 3 2 1 1 4436 1946 1945 1943
1905 3 2 1 1 1933 4345 3031 2326
1906 3 2 1 1 4250 2428 3126 3127
1907 3 2 1 1 3058 2917 2916 2724
1908 3 2 1 1 4054 4335 4303 4053
1909 3 2 1 1 4190 608 864 1540
1910 3 2 1 1 627 628 630 629
1911 3 2 1 1 1119 1222 1335 1135
1912 3 2 1 1 4529 1496 1495 1494
1913 3 2 1 1 1734 2756 2757 2755
1914 3 2 1 1 571 4217 751 569
1915 3 2 1 1 4618 791 790 789
1916 3 2 1 1 3495 912 910 876
1917 3 2 1 1 3926 989 988 986
1918 3 2 1 1 1121 1116 1103 1115
1919 3 2 1 1 4293 1135 1335 4186
1920 3 2 1 1 1697 1222 4113 1698
1921 3 2 1 1 4116 1438 1384 1437
1922 3 2 1 1 1409 3882 3849 1407
1923 3 2 1 1 1441 1440 1439 1438
1924 3 2 1 1 2333 2332 1542 1686
1925 3 2 1 1 1650 1649 1647 1648
1926 3 2 1 1 1545 1856 2154 1693
1927 3 2 1 1 1969 1971 1972 1970
1928 3 2 1 1 1988 1987 1990 1989
1929 3 2 1 1 4175 2289 2282 2285
1930 3 2 1 1 2624 2625 2683 2626
1931 3 2 1 1 3085 2947 3083 3084
1932 3 2 1 1 4834 3524 3523 3522
1933 3 2 1 1 1069 1068 1072 1070
1934 3 2 1 1 2413 2330 1721 2197
1935 3 2 1 1 1104 1806 2380 1803
1936 3 2 1 1 1811 2291 2684 1810
1937 3 2 1 1 2913 2244 1880 1879
1938 3 2 1 1 2423 2425 2863 2424
1939 3 2 1 1 604 741 2351 606
1940 3 2 1 1 857 858 860 859
1941 3 2 1 1 861 862 878 863
1942 3 2 1 1 863 878 885 879
1943 3 2 1 1 3418 882 4122 3419
1944 3 2 1 1 900 4261 4024 902
1945 3 2 1 1 1862 2389 4184 1748
1946 3 2 1 1 2274 2868 2869 2286
1947 3 2 1 1 4187 2860 2850 2378
1948 3 2 1 1 2426 2427 4290 2425
1949 3 2 1 1 2724 2916 3243 2723
1950 3 2 1 1 3070 3069 2839 2840
1951 3 2 1 1 570 569 567 568
1952 3 2 1 1 572 571 569 570
1953 3 2 1 1 761 624 623 625
1954 3 2 1 1 627 4194 761 625
1955 3 2 1 1 634 633 632 631
1956 3 2 1 1 675 674 673 672
1957 3 2 1 1 781 780 778 779
1958 3 2 1 1 787 786 784 785
1959 3 2 1 1 905 4185 4077 903
1960 3 2 1 1 985 984 982 983
1961 3 2 1 1 4517 1059 1055 1058
1962 3 2 1 1 1372 1373 1376 1374
1963 3 2 1 1 1398 1800 1809 1397
1964 3 2 1 1 1403 1402 1582 1404
1965 3 2 1 1 4193 1746 1745 1455
1966 3 2 1 1 1965 1964 1505 1507
1967 3 2 1 1 4061 1547 1509 4148
1968 3 2 1 1 1713 1712 1819 1817
1969 3 2 1 1 1810 1720 1812 1811
1970 3 2 1 1 1745 1746 2207 2206
1971 3 2 1 1 2209 2207 1746 2208
1972 3 2 1 1 2939 4165 1830 1885
1973 3 2 1 1 2422 2423 2424 2194
1974 3 2 1 1 2209 2208 2507 2210
1975 3 2 1 1 2282 2279 2280 2281
1976 3 2 1 1 1565 3941 4086 2336
1977 3 2 1 1 2937 2936 2935 2441
1978 3 2 1 1 2882 2888 4176 4175
1979 3 2 1 1 3571 3570 3568 3569
1980 3 2 1 1 584 769 3446 586
1981 3 2 1 1 4366 2664 616 757
1982 3 2 1 1 1268 1270 4253 1267
1983 3 2 1 1 1420 1340 1296 1300
1984 3 2 1 1 1417 1415 1413 1414
1985 3 2 1 1 2871 4626 2879 2250
1986 3 2 1 1 4219 3379 3363 2481
1987 3 2 1 1 3275 2911 2712 3274
1988 3 2 1 1 796 797 799 798
1989 3 2 1 1 1136 914 909 913
1990 3 2 1 1 1153 1137 914 1136
1991 3 2 1 1 988 989 997 990
1992 3 2 1 1 1033 1036 1510 1037
1993 3 2 1 1 1063 1062 1065 1064
1994 3 2 1 1 1113 1112 1110 1111
1995 3 2 1 1 3594 1363 1362 1364
1996 3 2 1 1 1584 1583 1550 1552
1997 3 2 1 1 1642 1641 1639 1640
1998 3 2 1 1 4427 1643 1641 1642
1999 3 2 1 1 2812 2811 1652 1653
2000 3 2 1 1 2334 1750 1749 1698
2001 3 2 1 1 2193 1862 1748 1861
2002 3 2 1 1 4922 2261 2209 2210
2003 3 2 1 1 4711 2268 2245 2269
2004 3 2 1 1 3589 2248 2265 2905
2005 3 2 1 1 2273 2274 2286 2275
2006 3 2 1 1 2675 2283 2281 2280
2007 3 2 1 1 2909 5231 2283 2675
2008 3 2 1 1 2197 2392 2907 4128
2009 3 2 1 1 2194 2424 2864 4268
2010 3 2 1 1 2259 2458 3319 2898
2011 3 2 1 1 3981 2925 2924 2903
2012 3 2 1 1 2272 4242 3394 4243
2013 3 2 1 1 3523 3521 3520 3522
2014 3 2 1 1 693 695 697 696
2015 3 2 1 1 2694 711 710 708
2016 3 2 1 1 712 713 715 714
2017 3 2 1 1 3937 4076 749 1318
2018 3 2 1 1 824 823 821 822
2019 3 2 1 1 1109 1108 1111 1110
2020 3 2 1 1 1223 1146 1132 1145
2021 3 2 1 1 1541 1542 4220 1540
2022 3 2 1 1 2325 1576 1575 1574
2023 3 2 1 1 2408 2191 1719 1764
2024 3 2 1 1 1766 1890 1891 1767
2025 3 2 1 1 1457 1767 4267 2198
2026 3 2 1 1 2223 2224 3115 2445
2027 3 2 1 1 4355 2278 2277 2279
2028 3 2 1 1 4151 2426 2425 2423
2029 3 2 1 1 1012 1010 1009 1011
2030 3 2 1 1 4282 1062 1060 1061
2031 3 2 1 1 1122 1133 1238 1134
2032 3 2 1 1 3396 1366 1364 1365
2033 3 2 1 1 2344 2343 1522 1722
2034 3 2 1 1 2452 2266 1745 2206
2035 3 2 1 1 2392 1822 4294 2393
2036 3 2 1 1 3627 1833 1879 1880
2037 3 2 1 1 3627 1880 2245 2268
2038 3 2 1 1 2983 2508 2210 2507
2039 3 2 1 1 2445 2695 4267 2223
2040 3 2 1 1 2284 2287 2288 2285
2041 3 2 1 1 1686 2843 2856 2333
2042 3 2 1 1 4188 862 861 860
2043 3 2 1 1 3929 2676 1981 877
2044 3 2 1 1 1097 1119 1135 1105
2045 3 2 1 1 1123 1114 1112 1113
2046 3 2 1 1 1131 1130 1129 1128
2047 3 2 1 1 1401 1239 1134 1238
2048 3 2 1 1 4129 1226 1225 1224
2049 3 2 1 1 1229 1228 1227 1226
2050 3 2 1 1 1456 1766 1767 1457
2051 3 2 1 1 2017 2016 2014 2015
2052 3 2 1 1 3887 2164 2044 2043
2053 3 2 1 1 4423 2074 2073 2071
2054 3 2 1 1 2867 2866 2865 2429
2055 3 2 1 1 2636 2639 2640 2638
2056 3 2 1 1 2643 2645 2876 2644
2057 3 2 1 1 2883 2884 2888 2882
2058 3 2 1 1 3276 4033 2910 2911
2059 3 2 1 1 3393 3392 2956 2957
2060 3 2 1 1 4083 4272 576 2692
2061 3 2 1 1 681 680 679 678
2062 3 2 1 1 1228 1388 1694 1227
2063 3 2 1 1 2422 2194 1862 2193
2064 3 2 1 1 3647 2733 3690 3648
2065 3 2 1 1 2424 2863 3112 2864
2066 3 2 1 1 869 870 873 871
2067 3 2 1 1 3850 1556 1173 1171
2068 3 2 1 1 1270 1271 1275 1274
2069 3 2 1 1 1271 1276 1277 1275
2070 3 2 1 1 2755 2742 1335 1734
2071 3 2 1 1 1370 1367 1366 1368
2072 3 2 1 1 1722 1522 1519 1521
2073 3 2 1 1 2298 1946 2328 2299
2074 3 2 1 1 4785 2575 2574 2584
2075 3 2 1 1 2620 2814 4322 2623
2076 3 2 1 1 3753 3724 4861 2812
2077 3 2 1 1 3502 3232 2954 3501
2078 3 2 1 1 617 618 620 619
2079 3 2 1 1 2803 865 4115 2855
2080 3 2 1 1 4410 3911 3914 1794
2081 3 2 1 1 973 1902 4376 4016
2082 3 2 1 1 3383 3372 2266 2948
2083 3 2 1 1 1363 3594 2983 3593
2084 3 2 1 1 3559 3558 3540 3557
2085 3 2 1 1 593 2693 4231 591
2086 3 2 1 1 1109 1107 1106 1108
2087 3 2 1 1 1859 1747 1340 1420
2088 3 2 1 1 1394 4240 4318 1393
2089 3 2 1 1 4112 1450 1451 1452
2090 3 2 1 1 1487 1486 1485 1484
2091 3 2 1 1 3980 2318 1583 1584
2092 3 2 1 1 1662 1661 1659 1660
2093 3 2 1 1 1817 2213 4239 1818
2094 3 2 1 1 1963 4173 2379 1857
2095 3 2 1 1 1893 1891 1890 1892
2096 3 2 1 1 4973 2685 1955 2258
2097 3 2 1 1 2026 2067 3942 2024
2098 3 2 1 1 5114 2939 3152 3355
2099 3 2 1 1 561 562 564 563
2100 3 2 1 1 3877 4395 614 1919
2101 3 2 1 1 652 651 649 650
2102 3 2 1 1 664 663 661 662
2103 3 2 1 1 783 782 780 781
2104 3 2 1 1 4202 800 801 802
2105 3 2 1 1 810 811 813 812
2106 3 2 1 1 856 855 854 853
2107 3 2 1 1 1489 891 890 889
2108 3 2 1 1 1145 1132 1130 1131
2109 3 2 1 1 4662 1207 1203 1201
2110 3 2 1 1 1437 1384 1234 1383
2111 3 2 1 1 1393 1317 1391 1392
2112 3 2 1 1 3594 1364 1366 1367
2113 3 2 1 1 1373 1372 1370 1371
2114 3 2 1 1 1374 1376 1379 1377
2115 3 2 1 1 1456 1453 4192 1895
2116 3 2 1 1 4085 2383 1807 4084
2117 3 2 1 1 1829 1830 2290 1813
2118 3 2 1 1 1830 1829 2239 1885
2119 3 2 1 1 1976 1975 1978 1977
2120 3 2 1 1 1885 2239 3138 2872
2121 3 2 1 1 5207 2938 2244 2913
2122 3 2 1 1 4219 2481 2459 2260
2123 3 2 1 1 2277 2278 2956 2276
2124 3 2 1 1 4355 2957 2956 2278
2125 3 2 1 1 3040 4318 4240 2666
2126 3 2 1 1 1228 1229 1316 1230
2127 3 2 1 1 1300 1296 1270 1274
2128 3 2 1 1 1393 1392 1395 1394
2129 3 2 1 1 1388 1857 2155 1694
2130 3 2 1 1 3881 3808 3089 1852
2131 3 2 1 1 2951 3380 2267 3381
2132 3 2 1 1 2668 2669 2708 2707
2133 3 2 1 1 4342 587 585 586
2134 3 2 1 1 592 591 589 590
2135 3 2 1 1 4141 3107 3106 736
2136 3 2 1 1 938 940 941 939
2137 3 2 1 1 1008 1004 998 1003
2138 3 2 1 1 4059 1039 1038 1037
2139 3 2 1 1 2031 2170 2613 2033
2140 3 2 1 1 2341 2342 3103 2152
2141 3 2 1 1 4242 2272 2271 2273
2142 3 2 1 1 3443 3442 2681 3441
2143 3 2 1 1 597 598 4152 595
2144 3 2 1 1 794 795 797 796
2145 3 2 1 1 1040 1039 1042 1041
2146 3 2 1 1 1053 1490 1911 1052
2147 3 2 1 1 1070 1072 1078 1073
2148 3 2 1 1 1085 1104 1803 1084
2149 3 2 1 1 1631 1632 1634 1633
2150 3 2 1 1 1829 1813 1811 1812
2151 3 2 1 1 4273 2240 1952 1950
2152 3 2 1 1 3108 2847 2153 2848
2153 3 2 1 1 2281 4361 2406 2284
2154 3 2 1 1 4097 4074 4073 4096
2155 3 2 1 1 654 653 656 655
2156 3 2 1 1 687 688 690 689
2157 3 2 1 1 1044 1043 1041 1042
2158 3 2 1 1 1064 1509 1546 1063
2159 3 2 1 1 1140 1308 1310 1139
2160 3 2 1 1 3396 1369 1368 1366
2161 3 2 1 1 1637 1638 1640 1639
2162 3 2 1 1 2949 2948 2266 2452
2163 3 2 1 1 3017 3010 2324 2323
2164 3 2 1 1 2329 2648 4371 3829
2165 3 2 1 1 3159 3158 3161 3160
2166 3 2 1 1 3763 3765 3764 3762
2167 3 2 1 1 1692 571 572 573
2168 3 2 1 1 586 585 583 584
2169 3 2 1 1 808 809 811 810
2170 3 2 1 1 1929 1928 901 1151
2171 3 2 1 1 1004 1008 1768 1009
2172 3 2 1 1 1799 2313 2837 1688
2173 3 2 1 1 573 574 576 575
2174 3 2 1 1 578 577 580 579
2175 3 2 1 1 579 736 2853 578
2176 3 2 1 1 579 580 582 581
2177 3 2 1 1 4837 853 850 852
2178 3 2 1 1 4261 900 898 899
2179 3 2 1 1 1151 901 900 902
2180 3 2 1 1 1234 4356 1324 1158
2181 3 2 1 1 1517 1518 1521 1519
2182 3 2 1 1 882 3418 3420 2674
2183 3 2 1 1 4131 609 610 611
2184 3 2 1 1 1125 1124 1127 1126
2185 3 2 1 1 1391 1317 1230 1316
2186 3 2 1 1 4099 1321 1319 1320
2187 3 2 1 1 1483 4541 1482 1481
2188 3 2 1 1 1839 1713 1817 1818
2189 3 2 1 1 2952 3978 2267 1888
2190 3 2 1 1 4583 2658 2114 1978
2191 3 2 1 1 2056 2053 2051 2052
2192 3 2 1 1 2285 2282 2281 2284
2193 3 2 1 1 987 984 985 986
2194 3 2 1 1 1720 1810 4195 1400
2195 3 2 1 1 1514 1516 1518 1517
2196 3 2 1 1 1818 1840 2439 1839
2197 3 2 1 1 2953 2952 1888 2201
2198 3 2 1 1 979 4582 2982 4247
2199 3 2 1 1 598 597 600 599
2200 3 2 1 1 4472 1045 1043 1044
2201 3 2 1 1 1050 1047 1046 1045
2202 3 2 1 1 1861 1748 1340 1747
2203 3 2 1 1 1541 1543 1686 1542
2204 3 2 1 1 4042 2720 1544 1693
2205 3 2 1 1 1636 1633 1634 1635
2206 3 2 1 1 2248 2264 2478 2265
2207 3 2 1 1 2639 2641 2642 2640
2208 3 2 1 1 3619 803 802 801
2209 3 2 1 1 1154 1155 1157 1156
2210 3 2 1 1 4167 1380 1377 1379
2211 3 2 1 1 1397 1396 1399 1398
2212 3 2 1 1 2702 2701 1700 2165
2213 3 2 1 1 2258 2257 4204 2931
2214 3 2 1 1 3206 3791 2587 2586
2215 3 2 1 1 588 587 590 589
2216 3 2 1 1 593 594 596 595
2217 3 2 1 1 599 720 1561 598
2218 3 2 1 1 695 693 691 692
2219 3 2 1 1 807 806 805 804
2220 3 2 1 1 834 4150 3918 837
2221 3 2 1 1 849 846 838 845
2222 3 2 1 1 2335 918 917 881
2223 3 2 1 1 4010 1140 1139 918
2224 3 2 1 1 1085 1086 1097 1087
2225 3 2 1 1 2783 1915 1526 1528
2226 3 2 1 1 1570 1572 1573 1571
2227 3 2 1 1 1625 1626 1628 1627
2228 3 2 1 1 1665 1664 1661 1662
2229 3 2 1 1 2458 2259 1759 2260
2230 3 2 1 1 2258 1955 1954 2257
2231 3 2 1 1 2046 2045 2044 2164
2232 3 2 1 1 2269 2245 4254 2270
2233 3 2 1 1 3364 2478 2264 2950
2234 3 2 1 1 2644 2642 2641 2643
2235 3 2 1 1 4532 4226 4225 4224
2236 3 2 1 1 1075 1095 1100 1099
2237 3 2 1 1 1377 1380 1382 1381
2238 3 2 1 1 1380 1712 1713 1382
2239 3 2 1 1 2293 1451 1450 1449
2240 3 2 1 1 1454 1452 1451 1453
2241 3 2 1 1 2306 1508 4440 2740
2242 3 2 1 1 3629 3697 1912 1914
2243 3 2 1 1 4161 2937 2441 4239
2244 3 2 1 1 4385 4384 2750 2658
2245 3 2 1 1 3041 3040 2666 2854
2246 3 2 1 1 1492 1387 1309 1386
2247 3 2 1 1 4155 1371 1370 1368
2248 3 2 1 1 4367 2722 2408 1764
2249 3 2 1 1 4043 1879 1833 1832
2250 3 2 1 1 1439 1938 4457 4105
2251 3 2 1 1 2152 1967 3054 2341
2252 3 2 1 1 2845 2827 2501 2151
2253 3 2 1 1 2851 2291 4251 2852
2254 3 2 1 1 2983 3506 3620 2508
2255 3 2 1 1 2522 2524 2525 2523
2256 3 2 1 1 2291 2851 4237 2684
2257 3 2 1 1 5429 3245 2868 3246
2258 3 2 1 1 3251 4279 2887 2885
2259 3 2 1 1 631 632 4341 629
2260 3 2 1 1 1052 1051 1054 1053
2261 3 2 1 1 1155 1154 1137 1153
2262 3 2 1 1 1383 1234 1158 1233
2263 3 2 1 1 1445 1444 1442 1443
2264 3 2 1 1 1453 1456 1457 1454
2265 3 2 1 1 3985 2736 1593 1595
2266 3 2 1 1 1638 1637 1636 1635
2267 3 2 1 1 2213 1817 1819 4157
2268 3 2 1 1 2226 2669 2668 2162
2269 3 2 1 1 4301 2277 2276 2275
2270 3 2 1 1 3982 2709 2707 2708
2271 3 2 1 1 3533 2932 3292 3293
2272 3 2 1 1 1446 1447 1449 1448
2273 3 2 1 1 2537 2535 2534 2536
2274 3 2 1 1 967 965 959 964
2275 3 2 1 1 1122 1236 3950 1116
2276 3 2 1 1 1623 1624 1626 1625
2277 3 2 1 1 2854 2666 1809 2382
2278 3 2 1 1 2013 2012 2010 2011
2279 3 2 1 1 2953 2201 4297 2954
2280 3 2 1 1 2121 2453 3075 3074
2281 3 2 1 1 2191 2454 3210 3045
2282 3 2 1 1 2551 2549 2548 2550
2283 3 2 1 1 2555 2553 2552 2554
2284 3 2 1 1 2564 2563 2569 2566
2285 3 2 1 1 2573 2572 2567 2571
2286 3 2 1 1 1905 3686 2829 3687
2287 3 2 1 1 3247 2869 2868 3245
2288 3 2 1 1 2388 1815 2386 2387
2289 3 2 1 1 4923 2144 2140 2145
2290 3 2 1 1 2527 2525 2524 2526
2291 3 2 1 1 3206 2586 2582 2597
2292 3 2 1 1 1180 1181 1183 1182
2293 3 2 1 1 1188 1189 1191 1190
2294 3 2 1 1 1194 1195 1197 1196
2295 3 2 1 1 1200 1197 1198 1199
2296 3 2 1 1 1312 1219 1218 1311
2297 3 2 1 1 4661 1312 1311 4306
2298 3 2 1 1 4306 1311 1315 1681
2299 3 2 1 1 1328 1329 1389 1330
2300 3 2 1 1 4048 2293 1449 4325
2301 3 2 1 1 1483 1484 1485 4541
2302 3 2 1 1 1771 1485 1486 1769
2303 3 2 1 1 1552 1801 1802 1584
2304 3 2 1 1 1074 2000 2001 1615
2305 3 2 1 1 3045 4209 1719 2191
2306 3 2 1 1 1485 1771 2703 4541
2307 3 2 1 1 2252 2229 1836 1835
2308 3 2 1 1 2966 2294 1903 2485
2309 3 2 1 1 3849 3882 1912 3697
2310 3 2 1 1 2137 2135 2133 2136
2311 3 2 1 1 2233 2231 2230 2232
2312 3 2 1 1 2731 2237 2236 2238
2313 3 2 1 1 2515 2513 2241 2514
2314 3 2 1 1 3185 2242 2763 2895
2315 3 2 1 1 3478 2599 2578 2862
2316 3 2 1 1 2696 2698 2699 2697
2317 3 2 1 1 3213 2706 2704 2705
2318 3 2 1 1 3485 2970 2995 3484
2319 3 2 1 1 3237 3085 3086 3235
2320 3 2 1 1 2674 564 562 882
2321 3 2 1 1 568 1765 4451 570
2322 3 2 1 1 1842 580 577 4272
2323 3 2 1 1 1844 590 587 4342
2324 3 2 1 1 1557 596 594 752
2325 3 2 1 1 4190 605 607 608
2326 3 2 1 1 4131 864 608 609
2327 3 2 1 1 613 612 866 614
2328 3 2 1 1 3940 622 620 763
2329 3 2 1 1 636 635 633 634
2330 3 2 1 1 638 639 640 637
2331 3 2 1 1 4106 645 647 648
2332 3 2 1 1 657 656 1616 658
2333 3 2 1 1 659 661 759 660
2334 3 2 1 1 676 675 1558 677
2335 3 2 1 1 686 687 1534 685
2336 3 2 1 1 706 704 703 705
2337 3 2 1 1 707 706 4234 708
2338 3 2 1 1 4348 712 714 740
2339 3 2 1 1 722 719 718 721
2340 3 2 1 1 725 722 721 724
2341 3 2 1 1 732 731 4590 733
2342 3 2 1 1 743 738 733 742
2343 3 2 1 1 750 4588 747 743
2344 3 2 1 1 735 745 748 744
2345 3 2 1 1 745 749 755 748
2346 3 2 1 1 2296 1557 752 2295
2347 3 2 1 1 638 758 3923 3052
2348 3 2 1 1 624 761 3102 1953
2349 3 2 1 1 767 772 842 773
2350 3 2 1 1 3608 778 780 841
2351 3 2 1 1 3625 784 786 832
2352 3 2 1 1 3556 788 789 790
2353 3 2 1 1 3556 790 792 827
2354 3 2 1 1 4402 797 795 1846
2355 3 2 1 1 3603 796 798 817
2356 3 2 1 1 800 799 831 801
2357 3 2 1 1 4202 802 804 805
2358 3 2 1 1 1508 813 811 4440
2359 3 2 1 1 813 814 4388 812
2360 3 2 1 1 814 813 1508 815
2361 3 2 1 1 2963 2692 844 2961
2362 3 2 1 1 860 861 874 859
2363 3 2 1 1 614 866 1920 1919
2364 3 2 1 1 3495 876 873 1144
2365 3 2 1 1 1982 1980 877 1981
2366 3 2 1 1 893 894 4206 892
2367 3 2 1 1 4185 905 907 1152
2368 3 2 1 1 4107 914 1137 1231
2369 3 2 1 1 921 923 924 922
2370 3 2 1 1 929 926 927 928
2371 3 2 1 1 940 938 4038 4060
2372 3 2 1 1 943 941 940 942
2373 3 2 1 1 4060 961 942 940
2374 3 2 1 1 945 943 942 944
2375 3 2 1 1 949 947 946 948
2376 3 2 1 1 948 946 1590 3908
2377 3 2 1 1 955 954 1468 956
2378 3 2 1 1 958 959 1002 957
2379 3 2 1 1 1002 959 965 3974
2380 3 2 1 1 3943 970 975 976
2381 3 2 1 1 4374 1538 981 982
2382 3 2 1 1 4044 990 998 2608
2383 3 2 1 1 993 994 996 995
2384 3 2 1 1 3886 1032 1024 1049
2385 3 2 1 1 1032 1033 4156 1025
2386 3 2 1 1 4156 1033 1037 1038
2387 3 2 1 1 1593 1058 1054 1592
2388 3 2 1 1 1065 1066 4153 1064
2389 3 2 1 1 1066 1065 1588 1067
2390 3 2 1 1 5087 1071 1075 1076
2391 3 2 1 1 1073 1080 4499 3890
2392 3 2 1 1 3830 1090 1092 1141
2393 3 2 1 1 1098 1107 4445 4020
2394 3 2 1 1 1322 1113 1111 4336
2395 3 2 1 1 1123 1124 1125 1114
2396 3 2 1 1 1118 1148 1149 1117
2397 3 2 1 1 1148 1118 1161 1150
2398 3 2 1 1 1967 1320 1319 1120
2399 3 2 1 1 1544 1129 1130 1237
2400 3 2 1 1 1941 1939 1138 1940
2401 3 2 1 1 1700 1223 1145 1419
2402 3 2 1 1 3901 1154 1156 4381
2403 3 2 1 1 3008 2317 1159 2612
2404 3 2 1 1 1150 1161 1163 1162
2405 3 2 1 1 1162 1163 1165 1164
2406 3 2 1 1 1164 1165 1167 1166
2407 3 2 1 1 1170 1171 1173 1172
2408 3 2 1 1 1172 1173 1175 1174
2409 3 2 1 1 1176 1177 1179 1178
2410 3 2 1 1 1734 1335 1222 1697
2411 3 2 1 1 4285 1225 1226 1227
2412 3 2 1 1 1693 1544 1237 1545
2413 3 2 1 1 1321 4265 4445 1319
2414 3 2 1 1 1721 1535 1322 1536
2415 3 2 1 1 2679 1437 1383 1459
2416 3 2 1 1 1400 1399 1764 1719
2417 3 2 1 1 4109 1410 1408 2739
2418 3 2 1 1 1410 1411 1412 1409
2419 3 2 1 1 2165 1700 1419 1821
2420 3 2 1 1 4256 1742 1442 1444
2421 3 2 1 1 2292 1766 1456 4130
2422 3 2 1 1 3033 2654 1467 2655
2423 3 2 1 1 2631 1911 1490 1937
2424 3 2 1 1 2786 2721 1491 2748
2425 3 2 1 1 1493 1492 2319 1494
2426 3 2 1 1 3917 1965 1507 2734
2427 3 2 1 1 1548 1546 1509 1547
2428 3 2 1 1 1533 1529 1530 1531
2429 3 2 1 1 4294 1822 1721 1536
2430 3 2 1 1 1960 1958 1537 1959
2431 3 2 1 1 4164 1543 1563 1564
2432 3 2 1 1 1550 1548 1547 1549
2433 3 2 1 1 1552 1550 1549 1551
2434 3 2 1 1 1549 1553 1689 1551
2435 3 2 1 1 1970 1968 1591 1969
2436 3 2 1 1 1597 1595 1594 1596
2437 3 2 1 1 4600 1614 2116 2754
2438 3 2 1 1 1794 1625 1627 4410
2439 3 2 1 1 1628 1629 1630 1627
2440 3 2 1 1 2737 1634 1632 1798
2441 3 2 1 1 1635 4370 1682 1638
2442 3 2 1 1 1643 1645 1677 1644
2443 3 2 1 1 4075 1649 1651 1652
2444 3 2 1 1 4114 2334 1698 4113
2445 3 2 1 1 1535 1721 2330 4368
2446 3 2 1 1 2395 1749 1750 2192
2447 3 2 1 1 568 4172 4198 1765
2448 3 2 1 1 1581 2339 1897 1770
2449 3 2 1 1 2309 1791 1792 1900
2450 3 2 1 1 2382 1809 1800 2153
2451 3 2 1 1 2377 1802 1801 2376
2452 3 2 1 1 1397 1809 2666 4240
2453 3 2 1 1 1827 1826 3989 2167
2454 3 2 1 1 2224 2223 1891 1893
2455 3 2 1 1 5098 2955 1892 2960
2456 3 2 1 1 3617 2384 1910 2385
2457 3 2 1 1 1919 1920 1922 1921
2458 3 2 1 1 2726 1937 2710 4118
2459 3 2 1 1 2678 1974 1973 4230
2460 3 2 1 1 1984 1982 1981 1983
2461 3 2 1 1 2391 1993 1991 2243
2462 3 2 1 1 2003 2001 2000 2002
2463 3 2 1 1 3825 2006 2008 2667
2464 3 2 1 1 2010 2009 2058 2011
2465 3 2 1 1 4449 2015 2013 2054
2466 3 2 1 1 2027 2028 3879 2026
2467 3 2 1 1 3879 2028 2030 2065
2468 3 2 1 1 4037 2039 2037 2060
2469 3 2 1 1 3858 2040 2042 2064
2470 3 2 1 1 2770 2767 2066 2768
2471 3 2 1 1 3818 2088 2090 2092
2472 3 2 1 1 3861 2106 2159 2500
2473 3 2 1 1 2512 2112 2110 2511
2474 3 2 1 1 2744 2173 2174 2175
2475 3 2 1 1 2183 2185 4180 4531
2476 3 2 1 1 2185 2186 2188 2187
2477 3 2 1 1 2871 2250 2190 2870
2478 3 2 1 1 2464 2463 2395 2192
2479 3 2 1 1 2234 3649 4558 2236
2480 3 2 1 1 3140 2897 2391 2243
2481 3 2 1 1 3179 2256 2255 2466
2482 3 2 1 1 2496 2296 2295 2494
2483 3 2 1 1 1898 2301 2499 2300
2484 3 2 1 1 4199 3024 2302 3026
2485 3 2 1 1 4168 2303 3025 3027
2486 3 2 1 1 2989 2306 2740 2741
2487 3 2 1 1 3772 3020 2310 3494
2488 3 2 1 1 2747 2347 2359 2746
2489 3 2 1 1 3039 2354 3037 3038
2490 3 2 1 1 3256 3022 2413 3200
2491 3 2 1 1 2979 3413 3790 2483
2492 3 2 1 1 2620 2623 2622 2621
2493 3 2 1 1 4322 2810 2625 2623
2494 3 2 1 1 3320 2637 2638 2899
2495 3 2 1 1 3976 2642 2644 2929
2496 3 2 1 1 4063 3033 2655 3034
2497 3 2 1 1 3114 2660 2661 2902
2498 3 2 1 1 3656 2989 2741 3503
2499 3 2 1 1 3183 2757 2756 3182
2500 3 2 1 1 3386 2886 2885 2887
2501 3 2 1 1 3058 3059 3162 2917
2502 3 2 1 1 4642 2963 2961 4048
2503 3 2 1 1 4405 4084 4572 3035
2504 3 2 1 1 4104 4428 4587 3061
2505 3 2 1 1 4924 3536 3535 3722
2506 3 2 1 1 3999 3998 3996 3997
2507 3 2 1 1 4337 4403 4056 4413
2508 3 2 1 1 2353 4287 4166 4340
2509 3 2 1 1 3757 895 3755 3756
2510 3 2 1 1 1070 1467 2654 1069
2511 3 2 1 1 1620 1621 2360 1619
2512 3 2 1 1 1621 1620 1666 1622
2513 3 2 1 1 981 1680 2816 4490
2514 3 2 1 1 1578 1777 1853 1683
2515 3 2 1 1 3721 2703 1771 2294
2516 3 2 1 1 1683 1853 2372 1854
2517 3 2 1 1 4437 1894 3810 3811
2518 3 2 1 1 2635 2327 1935 2326
2519 3 2 1 1 1977 2255 2256 1976
2520 3 2 1 1 1983 1985 1986 1984
2521 3 2 1 1 1988 1993 3065 4503
2522 3 2 1 1 1722 2345 2401 2344
2523 3 2 1 1 2979 2483 2434 2484
2524 3 2 1 1 3661 2793 2792 2993
2525 3 2 1 1 3423 3422 3421 2962
2526 3 2 1 1 3499 2986 2985 3498
2527 3 2 1 1 3955 3956 3959 3958
2528 3 2 1 1 700 699 696 697
2529 3 2 1 1 837 836 835 834
2530 3 2 1 1 1403 1239 1401 1402
2531 3 2 1 1 1229 1539 4302 1316
2532 3 2 1 1 3839 3838 1470 2128
2533 3 2 1 1 3044 4190 1540 4220
2534 3 2 1 1 2935 2440 1840 2441
2535 3 2 1 1 2087 2089 2090 2088
2536 3 2 1 1 2429 2865 4290 2427
2537 3 2 1 1 4244 2662 4340 4166
2538 3 2 1 1 2911 2910 2711 2712
2539 3 2 1 1 2247 3501 2954 4297
2540 3 2 1 1 4242 2273 2275 2276
2541 3 2 1 1 1465 3842 911 1143
2542 3 2 1 1 2286 2869 4111 4259
2543 3 2 1 1 633 865 1962 632
2544 3 2 1 1 934 936 937 935
2545 3 2 1 1 1000 987 986 988
2546 3 2 1 1 3054 1967 1120 4292
2547 3 2 1 1 2015 2014 2012 2013
2548 3 2 1 1 2033 2032 2030 2031
2549 3 2 1 1 3884 2057 2068 2069
2550 3 2 1 1 4340 3037 2354 2353
2551 3 2 1 1 1899 3773 3020 3772
2552 3 2 1 1 1963 4211 4362 4121
2553 3 2 1 1 828 825 823 824
2554 3 2 1 1 4150 834 829 833
2555 3 2 1 1 908 907 905 906
2556 3 2 1 1 1632 1631 1630 1629
2557 3 2 1 1 2690 2689 1694 2155
2558 3 2 1 1 3869 1932 1930 1931
2559 3 2 1 1 2157 2146 2836 2823
2560 3 2 1 1 1880 2244 4254 2245
2561 3 2 1 1 1459 2680 2681 2679
2562 3 2 1 1 2994 1902 973 1027
2563 3 2 1 1 1042 2665 2677 1044
2564 3 2 1 1 1525 1527 1528 1526
2565 3 2 1 1 1994 1773 3953 2601
2566 3 2 1 1 2840 4303 4335 3070
2567 3 2 1 1 4071 4068 4069 4070
2568 3 2 1 1 1158 1324 4381 1156
2569 3 2 1 1 1384 4105 4356 1234
2570 3 2 1 1 4271 1839 2439 3050
2571 3 2 1 1 2485 3416 3480 2966
2572 3 2 1 1 3421 2961 844 2962
2573 3 2 1 1 1007 1048 1089 1088
2574 3 2 1 1 3987 1360 1362 1363
2575 3 2 1 1 1414 1701 1820 1417
2576 3 2 1 1 3101 3030 1803 2380
2577 3 2 1 1 1766 2292 4295 1890
2578 3 2 1 1 4398 3049 1968 1970
2579 3 2 1 1 1976 1973 1971 1975
2580 3 2 1 1 3209 2466 2255 3163
2581 3 2 1 1 600 4166 4287 602
2582 3 2 1 1 1203 1205 1206 1204
2583 3 2 1 1 1818 4239 2441 1840
2584 3 2 1 1 1462 1947 1949 1948
2585 3 2 1 1 2022 2023 2025 2024
2586 3 2 1 1 2040 2041 2043 2042
2587 3 2 1 1 4259 2675 2280 4301
2588 3 2 1 1 3022 3021 2330 2413
2589 3 2 1 1 4047 4676 3869 2421
2590 3 2 1 1 2494 2965 3448 2496
2591 3 2 1 1 1543 1541 4102 1563
2592 3 2 1 1 1657 1673 4443 1655
2593 3 2 1 1 2016 2017 2019 2018
2594 3 2 1 1 2560 2557 2558 2559
2595 3 2 1 1 2370 2657 2840 2839
2596 3 2 1 1 3832 4567 4566 3831
2597 3 2 1 1 4407 3111 768 764
2598 3 2 1 1 4154 1083 1081 1082
2599 3 2 1 1 1498 1500 1501 1499
2600 3 2 1 1 4286 4195 1810 2684
2601 3 2 1 1 4762 4422 2070 4750
2602 3 2 1 1 2084 2082 2081 2083
2603 3 2 1 1 2419 2254 2364 2365
2604 3 2 1 1 3506 1375 4228 4248
2605 3 2 1 1 2722 2723 4245 2408
2606 3 2 1 1 575 576 4272 577
2607 3 2 1 1 828 1554 1917 833
2608 3 2 1 1 1815 1814 3081 2386
2609 3 2 1 1 1947 4732 2780 1949
2610 3 2 1 1 2006 2007 2009 2008
2611 3 2 1 1 2279 2277 4301 2280
2612 3 2 1 1 4083 3715 3444 3445
2613 3 2 1 1 4067 4065 4064 4066
2614 3 2 1 1 3864 4342 586 3446
2615 3 2 1 1 1821 1419 4255 1956
2616 3 2 1 1 1506 4263 2734 1507
2617 3 2 1 1 1513 1515 1516 1514
2618 3 2 1 1 1568 1570 1571 1569
2619 3 2 1 1 1890 4295 2960 1892
2620 3 2 1 1 2619 2620 2621 2618
2621 3 2 1 1 4324 4368 3023 4052
2622 3 2 1 1 936 938 939 937
2623 3 2 1 1 1024 1023 1021 1022
2624 3 2 1 1 1940 1942 1944 1941
2625 3 2 1 1 1946 2298 2493 1945
2626 3 2 1 1 2299 2328 2648 2329
2627 3 2 1 1 1617 1618 1620 1619
2628 3 2 1 1 1661 1663 4535 1659
2629 3 2 1 1 1557 2296 4391 2662
2630 3 2 1 1 4749 3973 3140 3907
2631 3 2 1 1 738 743 747 746
2632 3 2 1 1 2176 2347 4393 2175
2633 3 2 1 1 4122 560 558 2951
2634 3 2 1 1 809 808 806 807
2635 3 2 1 1 1205 1208 1209 1206
2636 3 2 1 1 4210 1812 1720 4209
2637 3 2 1 1 2257 1954 4229 2396
2638 3 2 1 1 1414 1413 1412 1411
2639 3 2 1 1 1698 1749 4197 1697
2640 3 2 1 1 3380 1887 1888 2267
2641 3 2 1 1 2273 2271 4264 2274
2642 3 2 1 1 2175 4393 4021 2744
2643 3 2 1 1 944 946 947 945
2644 3 2 1 1 1655 1656 1658 1657
2645 3 2 1 1 1989 1991 1993 1988
2646 3 2 1 1 731 730 728 729
2647 3 2 1 1 1660 1659 1657 1658
2648 3 2 1 1 2134 2135 3815 2787
2649 3 2 1 1 3829 3482 3483 3486
2650 3 2 1 1 590 1844 4246 592
2651 3 2 1 1 888 1591 1968 887
2652 3 2 1 1 2506 1904 1460 1461
2653 3 2 1 1 666 1524 4363 4087
2654 3 2 1 1 2106 2158 2195 2159
2655 3 2 1 1 2403 4258 3147 2489
2656 3 2 1 1 1559 2714 2779 2713
2657 3 2 1 1 3153 2901 2762 2900
2658 3 2 1 1 4013 698 688 4014
2659 3 2 1 1 857 3929 877 855
2660 3 2 1 1 4193 1455 1359 3987
2661 3 2 1 1 3066 3065 1993 2391
2662 3 2 1 1 2206 2207 2912 4269
2663 3 2 1 1 3906 3905 2455 3904
2664 3 2 1 1 3004 3651 3653 3652
2665 3 2 1 1 562 561 559 560
2666 3 2 1 1 925 926 4636 924
2667 3 2 1 1 926 925 1159 927
2668 3 2 1 1 1601 1704 1826 1705
2669 3 2 1 1 4043 1832 1759 2259
2670 3 2 1 1 1908 1910 2384 1909
2671 3 2 1 1 4220 4320 4321 3044
2672 3 2 1 1 2649 4782 3064 4508
2673 3 2 1 1 713 716 717 715
2674 3 2 1 1 3677 1579 734 744
2675 3 2 1 1 793 792 790 791
2676 3 2 1 1 4327 4221 1025 4156
2677 3 2 1 1 2303 4168 2499 2301
2678 3 2 1 1 1613 952 954 955
2679 3 2 1 1 2055 2007 2006 2005
2680 3 2 1 1 2281 2283 2711 4361
2681 3 2 1 1 920 760 701 919
2682 3 2 1 1 820 819 818 816
2683 3 2 1 1 1317 4362 4211 1230
2684 3 2 1 1 4431 2759 2748 1491
2685 3 2 1 1 1576 1577 1586 1575
2686 3 2 1 1 2318 2663 4495 1583
2687 3 2 1 1 1925 1922 1920 1923
2688 3 2 1 1 2173 2168 2171 2172
2689 3 2 1 1 2154 2849 3056 3055
2690 3 2 1 1 4023 4022 3463 3461
2691 3 2 1 1 1199 1198 1667 1560
2692 3 2 1 1 2020 2021 2023 2022
2693 3 2 1 1 970 963 962 969
2694 3 2 1 1 3412 1435 1832 1833
2695 3 2 1 1 1476 1475 1474 1473
2696 3 2 1 1 3128 2227 2250 2879
2697 3 2 1 1 4429 2636 2327 2635
2698 3 2 1 1 2276 2956 3394 4242
2699 3 2 1 1 3962 3961 3958 3960
2700 3 2 1 1 4053 4303 4366 757
2701 3 2 1 1 3613 1172 1174 1334
2702 3 2 1 1 1372 1374 4233 4228
2703 3 2 1 1 2625 2624 2622 2623
2704 3 2 1 1 2799 2798 2796 2797
2705 3 2 1 1 3694 789 788 787
2706 3 2 1 1 1099 1100 1118 1117
2707 3 2 1 1 1171 1170 1168 1169
2708 3 2 1 1 1769 1903 2294 1771
2709 3 2 1 1 1937 2726 3748 2631
2710 3 2 1 1 3481 2967 1235 2968
2711 3 2 1 1 1839 4271 1382 1713
2712 3 2 1 1 3934 2730 1941 1944
2713 3 2 1 1 2660 2659 4109 2661
2714 3 2 1 1 4016 974 972 973
2715 3 2 1 1 4004 1166 1168 1338
2716 3 2 1 1 1370 1372 4228 1375
2717 3 2 1 1 1918 1554 4252 2650
2718 3 2 1 1 1753 4297 2201 1754
2719 3 2 1 1 1924 3684 2967 3481
2720 3 2 1 1 1797 1680 981 1538
2721 3 2 1 1 1131 4255 1419 1145
2722 3 2 1 1 2689 2690 4343 4215
2723 3 2 1 1 2718 3204 3205 2784
2724 3 2 1 1 1692 573 575 4236
2725 3 2 1 1 1691 583 585 4313
2726 3 2 1 1 2693 593 595 4152
2727 3 2 1 1 603 602 4287 604
2728 3 2 1 1 932 934 935 933
2729 3 2 1 1 994 993 976 992
2730 3 2 1 1 1005 999 995 996
2731 3 2 1 1 1458 4325 1449 1447
2732 3 2 1 1 2293 4192 1453 1451
2733 3 2 1 1 1566 1568 1569 1567
2734 3 2 1 1 1592 1594 1595 1593
2735 3 2 1 1 1611 1612 1805 1804
2736 3 2 1 1 1227 1694 2689 4285
2737 3 2 1 1 2756 1734 1697 4197
2738 3 2 1 1 1398 4195 4286 1800
2739 3 2 1 1 1934 1933 2326 1935
2740 3 2 1 1 2005 2004 1984 1986
2741 3 2 1 1 2369 2774 4654 1996
2742 3 2 1 1 1938 2162 2668 4457
2743 3 2 1 1 2729 2728 2344 2401
2744 3 2 1 1 4047 2421 2420 2476
2745 3 2 1 1 3897 2643 2641 2646
2746 3 2 1 1 4232 2693 4152 4257
2747 3 2 1 1 2752 3190 3225 2753
2748 3 2 1 1 819 1491 2721 818
2749 3 2 1 1 4271 4229 1954 1744
2750 3 2 1 1 1802 2377 3099 3005
2751 3 2 1 1 1932 3869 4676 4556
2752 3 2 1 1 591 4231 739 589
2753 3 2 1 1 1499 1497 1496 1498
2754 3 2 1 1 3634 3828 2788 3633
2755 3 2 1 1 1318 3614 3585 3584
2756 3 2 1 1 4473 4046 4026 4027
2757 3 2 1 1 1413 1416 1912 1412
2758 3 2 1 1 852 3903 2988 3492
2759 3 2 1 1 744 734 726 735
2760 3 2 1 1 947 949 951 950
2761 3 2 1 1 1943 1940 1138 4262
2762 3 2 1 1 1815 1389 1329 1814
2763 3 2 1 1 2772 2773 4017 1966
2764 3 2 1 1 2076 2075 2078 2077
2765 3 2 1 1 3784 2400 2399 2398
2766 3 2 1 1 2618 2617 2817 2619
2767 3 2 1 1 2510 2828 4723 2829
2768 3 2 1 1 3577 3576 3574 3575
2769 3 2 1 1 2416 2345 4275 2973
2770 3 2 1 1 3398 2852 4251 4334
2771 3 2 1 1 3695 2540 2538 3143
2772 3 2 1 1 4416 2075 2073 2074
2773 3 2 1 1 3387 2887 4279 4280
2774 3 2 1 1 688 698 4277 690
2775 3 2 1 1 3033 4063 1553 4061
2776 3 2 1 1 2323 2324 4062 1806
2777 3 2 1 1 1964 1965 2120 1966
2778 3 2 1 1 1980 1982 4456 3053
2779 3 2 1 1 2553 4664 2959 2551
2780 3 2 1 1 2326 3031 3893 2635
2781 3 2 1 1 4362 4318 3040 4121
2782 3 2 1 1 4419 4418 4422 4420
2783 3 2 1 1 577 578 4236 575
2784 3 2 1 1 4315 1907 772 766
2785 3 2 1 1 1793 1648 1647 1646
2786 3 2 1 1 674 1559 2713 673
2787 3 2 1 1 4855 4731 1610 3679
2788 3 2 1 1 2301 2302 3024 2303
2789 3 2 1 1 2590 2589 2588 2587
2790 3 2 1 1 3013 2809 3015 3014
2791 3 2 1 1 4271 3050 4369 4229
2792 3 2 1 1 3575 3587 3588 3577
2793 3 2 1 1 3067 1530 1529 4536
2794 3 2 1 1 1437 2679 4464 4116
2795 3 2 1 1 4300 713 712 711
2796 3 2 1 1 1034 1031 1999 1035
2797 3 2 1 1 4390 4314 3994 3993
2798 3 2 1 1 4007 4009 4011 4008
2799 3 2 1 1 3104 2342 4562 4496
2800 3 2 1 1 4205 2396 4229 4369
2801 3 2 1 1 667 4087 3018 669
2802 3 2 1 1 3667 3668 3670 3669
2803 3 2 1 1 2781 2355 658 1616
2804 3 2 1 1 772 767 765 766
2805 3 2 1 1 895 868 843 867
2806 3 2 1 1 2131 2133 2135 2134
2807 3 2 1 1 1381 1382 4271 1744
2808 3 2 1 1 667 668 4169 665
2809 3 2 1 1 1045 1046 4212 1043
2810 3 2 1 1 1132 4403 1237 1130
2811 3 2 1 1 1329 1328 1326 1327
2812 3 2 1 1 1773 1994 1995 1774
2813 3 2 1 1 4382 2653 2376 1801
2814 3 2 1 1 1536 1322 4336 2346
2815 3 2 1 1 1444 1446 1825 4256
2816 3 2 1 1 1480 1479 1478 1477
2817 3 2 1 1 1543 4164 2843 1686
2818 3 2 1 1 2018 2019 2021 2020
2819 3 2 1 1 2688 2687 1877 2686
2820 3 2 1 1 2353 741 604 4287
2821 3 2 1 1 732 733 738 737
2822 3 2 1 1 1193 1192 1190 1191
2823 3 2 1 1 1195 1194 1192 1193
2824 3 2 1 1 4238 2710 1937 1490
2825 3 2 1 1 4400 4149 2496 3448
2826 3 2 1 1 3038 3037 4391 4149
2827 3 2 1 1 3422 3423 4483 3424
2828 3 2 1 1 1225 4285 4413 4056
2829 3 2 1 1 3013 2808 2715 2809
2830 3 2 1 1 3957 3965 3967 3966
2831 3 2 1 1 2609 4374 987 3797
2832 3 2 1 1 2752 2753 3935 2751
2833 3 2 1 1 2768 2771 3003 2770
2834 3 2 1 1 698 4013 4012 4011
2835 3 2 1 1 1107 1109 1319 4445
2836 3 2 1 1 1115 1103 1094 1102
2837 3 2 1 1 3073 2746 2359 3071
2838 3 2 1 1 1583 4495 1548 1550
2839 3 2 1 1 4318 4362 1317 1393
2840 3 2 1 1 1671 1670 1668 1669
2841 3 2 1 1 1930 1932 4384 2727
2842 3 2 1 1 2489 2488 2487 2403
2843 3 2 1 1 1126 1127 4304 1128
2844 3 2 1 1 2097 2096 2082 2084
2845 3 2 1 1 587 588 4313 585
2846 3 2 1 1 754 765 4407 764
2847 3 2 1 1 2716 1591 888 4323
2848 3 2 1 1 1143 911 910 1142
2849 3 2 1 1 4319 2769 2768 2066
2850 3 2 1 1 992 976 975 991
2851 3 2 1 1 3492 2988 2300 2499
2852 3 2 1 1 2848 2153 1800 4286
2853 3 2 1 1 2173 2172 4241 2174
2854 3 2 1 1 2559 2561 2562 2560
2855 3 2 1 1 3754 4387 2721 2786
2856 3 2 1 1 3445 3444 3442 3443
2857 3 2 1 1 716 718 719 717
2858 3 2 1 1 1208 1210 1211 1209
2859 3 2 1 1 1687 1776 2363 1681
2860 3 2 1 1 2571 2574 2575 2573
2861 3 2 1 1 2586 2583 2581 2582
2862 3 2 1 1 1400 1719 4209 1720
2863 3 2 1 1 743 742 2118 750
2864 3 2 1 1 1102 1094 1092 1093
2865 3 2 1 1 2186 2185 2183 2184
2866 3 2 1 1 3780 3779 3535 2603
2867 3 2 1 1 4163 3959 3956 4162
2868 3 2 1 1 1631 1852 2634 1630
2869 3 2 1 1 4618 3567 3566 3565
2870 3 2 1 1 1461 1406 1407 3849
2871 3 2 1 1 1418 1472 4690 1471
2872 3 2 1 1 2402 2403 2487 1889
2873 3 2 1 1 2991 2309 1900 2504
2874 3 2 1 1 1381 1744 4379 4233
2875 3 2 1 1 2489 2490 3409 2488
2876 3 2 1 1 3890 4499 4604 2656
2877 3 2 1 1 2340 4026 4621 4025
2878 3 2 1 1 617 615 4395 618
2879 3 2 1 1 625 623 4124 626
2880 3 2 1 1 669 670 4648 1587
2881 3 2 1 1 3769 783 781 884
2882 3 2 1 1 2740 4440 840 4523
2883 3 2 1 1 3921 2335 881 3920
2884 3 2 1 1 894 893 4462 897
2885 3 2 1 1 892 4206 4426 896
2886 3 2 1 1 1613 955 957 4296
2887 3 2 1 1 971 972 4470 968
2888 3 2 1 1 2128 1470 1012 1675
2889 3 2 1 1 1033 1032 3886 1036
2890 3 2 1 1 4255 1131 1128 4304
2891 3 2 1 1 899 1235 2967 2486
2892 3 2 1 1 4414 1395 1392 4468
2893 3 2 1 1 4309 1516 1515 1520
2894 3 2 1 1 1801 1552 1551 4382
2895 3 2 1 1 4331 2325 1574 4018
2896 3 2 1 1 668 1587 2129 1979
2897 3 2 1 1 1644 1677 2125 1916
2898 3 2 1 1 4518 1781 4260 4824
2899 3 2 1 1 1789 1790 1791 1788
2900 3 2 1 1 1680 1797 2127 2126
2901 3 2 1 1 3094 2737 1798 2738
2902 3 2 1 1 2969 2297 1896 2497
2903 3 2 1 1 887 1968 3049 4288
2904 3 2 1 1 2115 2012 2014 4491
2905 3 2 1 1 2028 2027 2061 2029
2906 3 2 1 1 2767 2035 2036 2066
2907 3 2 1 1 2658 2750 2751 2114
2908 3 2 1 1 1916 2125 2807 2141
2909 3 2 1 1 2618 2616 2143 2617
2910 3 2 1 1 3991 3989 2160 3990
2911 3 2 1 1 4028 2648 2328 2652
2912 3 2 1 1 3037 4340 2662 4391
2913 3 2 1 1 1559 2715 2808 2714
2914 3 2 1 1 818 2721 4387 4388
2915 3 2 1 1 4384 4385 4426 2727
2916 3 2 1 1 390 4358 2929 4357
2917 3 2 1 1 4721 2987 3683 3866
2918 3 2 1 1 3014 3015 3726 3016
2919 3 2 1 1 2325 4331 3032 4409
2920 3 2 1 1 1603 3042 4354 4021
2921 3 2 1 1 4720 3669 3671 3675
2922 3 2 1 1 3954 3957 4162 3956
2923 3 2 1 1 2986 2367 1995 2985
2924 3 2 1 1 4591 4491 2356 4665
2925 3 2 1 1 2085 2087 2088 2086
2926 3 2 1 1 4710 4716 3706 2093
2927 3 2 1 1 2269 2270 4264 2271
2928 3 2 1 1 2628 2630 2819 2629
2929 3 2 1 1 3518 3520 3521 3519
2930 3 2 1 1 892 896 4323 890
2931 3 2 1 1 4566 1031 1030 1005
2932 3 2 1 1 4133 1091 1090 1089
2933 3 2 1 1 1140 4010 4006 1386
2934 3 2 1 1 1618 1617 1571 1573
2935 3 2 1 1 2142 2143 2616 1796
2936 3 2 1 1 3545 2699 2698 2700
2937 3 2 1 1 3801 1148 1150 1339
2938 3 2 1 1 4082 2116 1614 1615
2939 3 2 1 1 876 875 871 873
2940 3 2 1 1 2501 1851 1804 2151
2941 3 2 1 1 3211 2464 3949 3212
2942 3 2 1 1 2888 2884 2886 4346
2943 3 2 1 1 1116 1121 1133 1122
2944 3 2 1 1 2078 2101 2121 2080
2945 3 2 1 1 2766 2792 2793 2791
2946 3 2 1 1 2962 4375 4451 3423
2947 3 2 1 1 3877 3984 618 4395
2948 3 2 1 1 3759 1782 1163 1161
2949 3 2 1 1 2990 2778 2671 2673
2950 3 2 1 1 2972 3511 3607 2978
2951 3 2 1 1 4215 4343 4187 1961
2952 3 2 1 1 3940 2652 4436 4029
2953 3 2 1 1 1934 1935 4534 2420
2954 3 2 1 1 974 977 4470 972
2955 3 2 1 1 1725 1724 1336 1678
2956 3 2 1 1 2079 2082 2096 3799
2957 3 2 1 1 3266 2595 2593 2594
2958 3 2 1 1 3668 3667 2615 3666
2959 3 2 1 1 1704 2160 3989 1826
2960 3 2 1 1 3021 3023 4368 2330
2961 3 2 1 1 1438 4116 1843 1441
2962 3 2 1 1 4129 4312 4338 1539
2963 3 2 1 1 3802 3801 3800 2959
2964 3 2 1 1 724 726 727 725
2965 3 2 1 1 809 840 4440 811
2966 3 2 1 1 1669 1668 1560 1667
2967 3 2 1 1 4531 2228 2181 2183
2968 3 2 1 1 841 3516 3515 3514
2969 3 2 1 1 607 4213 4411 610
2970 3 2 1 1 2234 2236 2237 2235
2971 3 2 1 1 1987 1988 4503 1985
2972 3 2 1 1 1813 2290 4334 4251
2973 3 2 1 1 2476 2420 4534 3227
2974 3 2 1 1 3557 3540 3538 3539
2975 3 2 1 1 3969 3967 3965 3968
2976 3 2 1 1 4148 1509 1064 4153
2977 3 2 1 1 2045 2046 2048 2047
2978 3 2 1 1 4118 4412 3749 2726
2979 3 2 1 1 4013 4014 4307 4015
2980 3 2 1 1 2968 4462 4353 3483
2981 3 2 1 1 3740 1998 929 931
2982 3 2 1 1 2361 1901 1900 1792
2983 3 2 1 1 2962 844 574 4375
2984 3 2 1 1 1575 1586 4079 4078
2985 3 2 1 1 1612 1908 1909 1805
2986 3 2 1 1 1974 2678 2717 2320
2987 3 2 1 1 3053 4308 846 4380
2988 3 2 1 1 3563 3560 3558 3559
2989 3 2 1 1 3554 4582 4016 4376
2990 3 2 1 1 1898 2300 4448 1897
2991 3 2 1 1 2614 3665 3666 2615
2992 3 2 1 1 2639 4352 2646 2641
2993 3 2 1 1 2900 2762 1820 2251
2994 3 2 1 1 4544 2563 2562 2561
2995 3 2 1 1 2649 4260 678 677
2996 3 2 1 1 2012 2115 4501 2010
2997 3 2 1 1 3748 4409 3032 2631
2998 3 2 1 1 1510 1512 4633 4057
2999 3 2 1 1 2577 2578 2599 2576
3000 3 2 1 1 3057 4450 2728 4481
3001 3 2 1 1 1376 1373 4347 1378
3002 3 2 1 1 3703 3706 4716 3707
3003 3 2 1 1 3770 1906 995 999
3004 3 2 1 1 1662 1773 1774 1665
3005 3 2 1 1 4530 4555 3162 3059
3006 3 2 1 1 1626 4466 4687 1628
3007 3 2 1 1 1973 1976 2256 4230
3008 3 2 1 1 2677 4674 4046 4473
3009 3 2 1 1 3902 909 914 4107
3010 3 2 1 1 1193 1191 3988 3002
3011 3 2 1 1 2722 4367 1395 4414
3012 3 2 1 1 2350 2766 2790 2765
3013 3 2 1 1 2317 1685 927 1159
3014 3 2 1 1 2804 3812 2132 2122
3015 3 2 1 1 2723 2722 4414 2724
3016 3 2 1 1 4487 2406 4361 4480
3017 3 2 1 1 4155 4347 1373 1371
3018 3 2 1 1 2876 4357 2929 2644
3019 3 2 1 1 3539 3538 2992 3537
3020 3 2 1 1 3067 4536 4136 4608
3021 3 2 1 1 1959 2373 2374 1960
3022 3 2 1 1 2657 4366 4303 2840
3023 3 2 1 1 904 1232 4284 906
3024 3 2 1 1 2991 2504 3510 3509
3025 3 2 1 1 4655 2691 2607 3698
3026 3 2 1 1 2704 4312 4311 2701
3027 3 2 1 1 621 622 4124 623
3028 3 2 1 1 2924 2902 2661 2903
3029 3 2 1 1 2945 2946 3083 2947
3030 3 2 1 1 903 4077 1151 902
3031 3 2 1 1 2670 2672 2673 2671
3032 3 2 1 1 1598 1600 4538 1599
3033 3 2 1 1 2176 2177 4737 4670
3034 3 2 1 1 2856 4405 3035 2333
3035 3 2 1 1 3026 4446 3052 3923
3036 3 2 1 1 2550 2552 2553 2551
3037 3 2 1 1 3898 2646 4352 3899
3038 3 2 1 1 4573 4145 2667 4146
3039 3 2 1 1 1530 3067 4755 4103
3040 3 2 1 1 4549 4551 4552 4550
3041 3 2 1 1 4356 4127 4455 1324
3042 3 2 1 1 4469 1799 1688 1670
3043 3 2 1 1 2778 4216 2076 2671
3044 3 2 1 1 592 4246 752 594
3045 3 2 1 1 4247 2982 2981 1562
3046 3 2 1 1 2196 4235 2500 2159
3047 3 2 1 1 3458 3461 3462 3460
3048 3 2 1 1 3465 3464 3460 3462
3049 3 2 1 1 1394 1395 4367 1396
3050 3 2 1 1 1015 1016 4498 1013
3051 3 2 1 1 4522 2493 4579 4703
3052 3 2 1 1 3386 3391 4346 2886
3053 3 2 1 1 4103 2124 1772 1532
3054 3 2 1 1 2418 4389 2918 2226
3055 3 2 1 1 613 614 4395 615
3056 3 2 1 1 3795 4652 1784 3837
3057 3 2 1 1 2546 2548 2549 2547
3058 3 2 1 1 3050 3051 4430 4369
3059 3 2 1 1 2594 2593 2591 2592
3060 3 2 1 1 4206 4441 2727 4426
3061 3 2 1 1 2463 3859 3860 2934
3062 3 2 1 1 4149 4400 3449 3038
3063 3 2 1 1 1856 1545 4337 1961
3064 3 2 1 1 2350 2349 1460 1904
3065 3 2 1 1 3516 3518 3519 3517
3066 3 2 1 1 1542 2332 4320 4220
3067 3 2 1 1 2543 2541 2540 2542
3068 3 2 1 1 1897 2339 4447 1898
3069 3 2 1 1 2523 2521 2520 2522
3070 3 2 1 1 3415 2606 2598 2958
3071 3 2 1 1 3466 3465 3469 3467
3072 3 2 1 1 1950 1949 2780 1951
3073 3 2 1 1 2144 2139 2138 2140
3074 3 2 1 1 2546 3145 4638 2548
3075 3 2 1 1 2606 2588 2589 2598
3076 3 2 1 1 676 679 4696 4050
3077 3 2 1 1 1178 1179 1181 1180
3078 3 2 1 1 1182 1183 1185 1184
3079 3 2 1 1 3870 3871 4763 1220
3080 3 2 1 1 1325 1314 1327 1326
3081 3 2 1 1 1729 1835 1836 1730
3082 3 2 1 1 3541 3787 1787 4659
3083 3 2 1 1 2314 1799 4469 2315
3084 3 2 1 1 4100 2086 2088 3818
3085 3 2 1 1 2139 2137 2136 2138
3086 3 2 1 1 2235 2233 2232 2234
3087 3 2 1 1 1799 2314 3548 2313
3088 3 2 1 1 2517 2515 2514 2516
3089 3 2 1 1 2519 2517 2516 2518
3090 3 2 1 1 2238 2890 3132 2732
3091 3 2 1 1 4628 4289 4288 3049
3092 3 2 1 1 2980 3135 3137 3136
3093 3 2 1 1 573 572 4375 574
3094 3 2 1 1 4166 600 597 4244
3095 3 2 1 1 4194 627 629 4341
3096 3 2 1 1 711 712 4348 710
3097 3 2 1 1 2764 729 727 4095
3098 3 2 1 1 3493 750 2118 2977
3099 3 2 1 1 754 764 768 753
3100 3 2 1 1 4224 825 829 4532
3101 3 2 1 1 848 838 846 4308
3102 3 2 1 1 773 842 867 843
3103 3 2 1 1 849 850 4380 846
3104 3 2 1 1 874 861 863 4289
3105 3 2 1 1 897 898 4207 894
3106 3 2 1 1 1580 908 906 4284
3107 3 2 1 1 919 921 922 920
3108 3 2 1 1 931 929 928 930
3109 3 2 1 1 938 936 1029 4038
3110 3 2 1 1 996 994 1006 3831
3111 3 2 1 1 999 1005 1030 1007
3112 3 2 1 1 4645 1050 1045 4472
3113 3 2 1 1 4133 1089 1048 2119
3114 3 2 1 1 1077 1056 1057 1071
3115 3 2 1 1 1059 1060 4183 4386
3116 3 2 1 1 4499 1080 1081 4463
3117 3 2 1 1 4305 1086 1083 4154
3118 3 2 1 1 1336 1142 4594 1678
3119 3 2 1 1 1929 1151 4077 4345
3120 3 2 1 1 1166 1167 1169 1168
3121 3 2 1 1 1174 1175 1177 1176
3122 3 2 1 1 1143 1337 1466 1465
3123 3 2 1 1 1764 1399 1396 4367
3124 3 2 1 1 1407 1406 4399 1408
3125 3 2 1 1 815 1508 2306 1997
3126 3 2 1 1 598 1561 4257 4152
3127 3 2 1 1 1606 1608 1609 1607
3128 3 2 1 1 3891 1668 1670 1688
3129 3 2 1 1 2510 1695 2830 2828
3130 3 2 1 1 2367 1996 1774 1995
3131 3 2 1 1 1770 1897 4448 1899
3132 3 2 1 1 2240 2241 2513 1952
3133 3 2 1 1 2123 2003 2002 2122
3134 3 2 1 1 2099 2021 2019 4533
3135 3 2 1 1 2065 2030 2032 4584
3136 3 2 1 1 2066 2036 2038 4319
3137 3 2 1 1 2049 2048 2219 2050
3138 3 2 1 1 3954 2011 2058 3964
3139 3 2 1 1 2095 2102 2304 2094
3140 3 2 1 1 4717 2104 2106 3861
3141 3 2 1 1 2112 2108 2109 2110
3142 3 2 1 1 2333 3035 4320 2332
3143 3 2 1 1 2370 2336 4086 2657
3144 3 2 1 1 3063 2749 2357 2358
3145 3 2 1 1 2365 2996 3174 2419
3146 3 2 1 1 1461 3000 3001 2506
3147 3 2 1 1 3239 2735 2729 3238
3148 3 2 1 1 2341 3054 4332 4397
3149 3 2 1 1 1101 3761 3760 3415
3150 3 2 1 1 4127 4356 4105 4457
3151 3 2 1 1 2806 1674 3767 4504
3152 3 2 1 1 2091 3699 3700 2211
3153 3 2 1 1 1585 3655 3653 3821
3154 3 2 1 1 1884 1763 2763 2242
3155 3 2 1 1 4344 4442 2346 4336
3156 3 2 1 1 3582 3579 3580 3581
3157 3 2 1 1 650 3046 3892 652
3158 3 2 1 1 2636 4429 4352 2639
3159 3 2 1 1 3691 2571 2567 2570
3160 3 2 1 1 3993 2161 1440 4390
3161 3 2 1 1 4568 3796 3795 3794
3162 3 2 1 1 4306 4775 3883 4661
3163 3 2 1 1 3703 3700 3699 3706
3164 3 2 1 1 705 709 4234 706
3165 3 2 1 1 2664 4366 2657 4086
3166 3 2 1 1 4429 4476 3899 4352
3167 3 2 1 1 2308 2972 2978 2305
3168 3 2 1 1 1004 4147 2608 998
3169 3 2 1 1 4332 4365 1114 1125
3170 3 2 1 1 3649 2234 2232 2889
3171 3 2 1 1 4178 3393 2957 4392
3172 3 2 1 1 2108 2107 3788 2109
3173 3 2 1 1 4719 3076 2760 2782
3174 3 2 1 1 1224 4311 4312 4129
3175 3 2 1 1 595 596 4244 597
3176 3 2 1 1 672 673 4648 670
3177 3 2 1 1 3913 3912 3911 3090
3178 3 2 1 1 4049 4587 2676 3929
3179 3 2 1 1 1954 1955 4379 1744
3180 3 2 1 1 2264 2248 2247 1755
3181 3 2 1 1 2201 1888 1887 1754
3182 3 2 1 1 4545 4673 4519 1927
3183 3 2 1 1 1606 1607 2331 1605
3184 3 2 1 1 3838 3839 3841 3840
3185 3 2 1 1 1536 2346 4493 4294
3186 3 2 1 1 3512 2982 4582 3554
3187 3 2 1 1 3678 4095 734 1579
3188 3 2 1 1 2086 4100 2084 2083
3189 3 2 1 1 2174 4241 4766 2177
3190 3 2 1 1 2184 2182 4502 2776
3191 3 2 1 1 4684 2687 2688 3216
3192 3 2 1 1 4372 4483 1765 4198
3193 3 2 1 1 4364 4351 1594 1592
3194 3 2 1 1 741 2352 4565 2351
3195 3 2 1 1 4291 3660 2732 3132
3196 3 2 1 1 879 4288 4289 863
3197 3 2 1 1 4336 1111 1108 4344
3198 3 2 1 1 1120 1110 1112 4292
3199 3 2 1 1 1928 1930 2727 4441
3200 3 2 1 1 2187 2190 2250 2227
3201 3 2 1 1 3531 3530 3527 3529
3202 3 2 1 1 3059 4514 4302 4530
3203 3 2 1 1 2149 2846 4144 847
3204 3 2 1 1 3006 3632 3633 2788
3205 3 2 1 1 4344 4293 4186 4442
3206 3 2 1 1 870 869 843 868
3207 3 2 1 1 4649 3181 3133 2433
3208 3 2 1 1 1640 3855 3856 1642
3209 3 2 1 1 1539 4338 4530 4302
3210 3 2 1 1 645 4106 3947 643
3211 3 2 1 1 1062 1063 4183 1060
3212 3 2 1 1 729 2764 4590 731
3213 3 2 1 1 4145 4573 836 848
3214 3 2 1 1 1612 1611 1608 1610
3215 3 2 1 1 880 3359 2942 3358
3216 3 2 1 1 2109 2628 2629 2111
3217 3 2 1 1 2312 2311 1727 1878
3218 3 2 1 1 4314 4390 1442 1742
3219 3 2 1 1 4571 4666 4591 4226
3220 3 2 1 1 2707 4127 4457 2668
3221 3 2 1 1 4218 2720 4397 4332
3222 3 2 1 1 3607 4283 815 1997
3223 3 2 1 1 1522 1957 4189 1519
3224 3 2 1 1 4215 4413 4285 2689
3225 3 2 1 1 4197 4299 3182 2756
3226 3 2 1 1 4639 4274 616 2664
3227 3 2 1 1 2706 4338 4312 2704
3228 3 2 1 1 2279 2282 2289 4355
3229 3 2 1 1 4695 4699 1750 2334
3230 3 2 1 1 674 4050 2715 1559
3231 3 2 1 1 2744 4467 2168 2173
3232 3 2 1 1 1047 4094 4539 1046
3233 3 2 1 1 3400 1361 1360 1358
3234 3 2 1 1 2040 3858 4319 2038
3235 3 2 1 1 2159 2195 2398 2196
3236 3 2 1 1 1763 1487 1484 4329
3237 3 2 1 1 4375 572 570 4451
3238 3 2 1 1 1781 681 678 4260
3239 3 2 1 1 4227 830 4224 4225
3240 3 2 1 1 889 890 4323 888
3241 3 2 1 1 3047 4282 1061 4580
3242 3 2 1 1 4292 1112 1114 4365
3243 3 2 1 1 1441 1442 4390 1440
3244 3 2 1 1 1718 1518 1516 4309
3245 3 2 1 1 1957 1522 2343 4214
3246 3 2 1 1 968 4470 4471 1602
3247 3 2 1 1 4447 2339 4610 4446
3248 3 2 1 1 2897 4424 3066 2391
3249 3 2 1 1 4394 2747 2746 4574
3250 3 2 1 1 3049 4398 3060 4628
3251 3 2 1 1 1953 4208 3070 4335
3252 3 2 1 1 4673 4015 4518 4519
3253 3 2 1 1 2957 4355 2289 4392
3254 3 2 1 1 4811 2647 2976 3547
3255 3 2 1 1 2182 2181 2180 1725
3256 3 2 1 1 635 4115 865 633
3257 3 2 1 1 3053 4380 854 1980
3258 3 2 1 1 3455 3457 3458 3459
3259 3 2 1 1 1335 2742 4493 4186
3260 3 2 1 1 3930 2253 2189 2254
3261 3 2 1 1 2576 2575 4785 2577
3262 3 2 1 1 808 826 4143 806
3263 3 2 1 1 1843 4577 4689 4117
3264 3 2 1 1 2635 3893 4476 4429
3265 3 2 1 1 1582 4769 3981 4706
3266 3 2 1 1 4033 4034 4480 2910
3267 3 2 1 1 4027 4351 4364 4645
3268 3 2 1 1 2574 2596 3167 2584
3269 3 2 1 1 1605 2331 4777 4350
3270 3 2 1 1 3788 2107 2084 4100
3271 3 2 1 1 2284 2406 4438 2287
3272 3 2 1 1 3863 3616 3217 3615
3273 3 2 1 1 2229 2230 2231 1836
3274 3 2 1 1 2542 2544 2545 2543
3275 3 2 1 1 2798 2799 2801 2800
3276 3 2 1 1 1545 1237 4403 4337
3277 3 2 1 1 4698 4329 1484 1483
3278 3 2 1 1 3964 2058 4599 3970
3279 3 2 1 1 4538 4740 3990 2160
3280 3 2 1 1 3924 3009 4504 3767
3281 3 2 1 1 2679 2681 3442 4464
3282 3 2 1 1 3098 4494 1683 1854
3283 3 2 1 1 2592 2591 2589 2590
3284 3 2 1 1 4248 4379 1955 2685
3285 3 2 1 1 4508 4824 4260 2649
3286 3 2 1 1 3578 3579 4603 3576
3287 3 2 1 1 974 4016 4582 979
3288 3 2 1 1 1668 3891 4662 1560
3289 3 2 1 1 2583 3844 2585 2581
3290 3 2 1 1 3651 3004 2770 3003
3291 3 2 1 1 4005 2541 2543 3410
3292 3 2 1 1 4293 4344 1108 1106
3293 3 2 1 1 709 705 3920 881
3294 3 2 1 1 2910 4480 4361 2711
3295 3 2 1 1 2963 4642 4689 3715
3296 3 2 1 1 1926 3068 4565 3910
3297 3 2 1 1 1072 4394 4574 1078
3298 3 2 1 1 2982 3512 3609 2981
3299 3 2 1 1 3971 4599 2007 2055
3300 3 2 1 1 2288 2287 4438 2477
3301 3 2 1 1 4665 2356 4705 4681
3302 3 2 1 1 3747 3560 3563 3564
3303 3 2 1 1 3725 4631 1902 2994
3304 3 2 1 1 4496 4562 4042 3055
3305 3 2 1 1 1316 4302 4514 1391
3306 3 2 1 1 1519 4189 4633 1517
3307 3 2 1 1 2797 2796 2794 2795
3308 3 2 1 1 1405 1404 4399 1406
3309 3 2 1 1 1977 4500 3163 2255
3310 3 2 1 1 2539 2537 2536 2538
3311 3 2 1 1 2521 2519 2518 2520
3312 3 2 1 1 2529 2527 2526 2528
3313 3 2 1 1 2533 2531 2530 2532
3314 3 2 1 1 2535 2533 2532 2534
3315 3 2 1 1 2534 3851 4686 2536
3316 3 2 1 1 4806 2572 2573 4653
3317 3 2 1 1 4091 1667 1198 4609
3318 3 2 1 1 1488 1702 1889 4486
3319 3 2 1 1 2096 2097 4561 2307
3320 3 2 1 1 703 700 697 4513
3321 3 2 1 1 731 732 3741 730
3322 3 2 1 1 941 943 1523 4179
3323 3 2 1 1 1562 983 980 4247
3324 3 2 1 1 2665 1042 1039 4059
3325 3 2 1 1 1490 1053 1055 4238
3326 3 2 1 1 4394 1072 1068 4526
3327 3 2 1 1 4640 1082 1079 4612
3328 3 2 1 1 1676 1133 1121 4622
3329 3 2 1 1 4642 1458 4117 4689
3330 3 2 1 1 1502 1497 1499 4528
3331 3 2 1 1 1798 1632 1629 4617
3332 3 2 1 1 1663 1661 1664 4031
3333 3 2 1 1 1726 1877 1878 1727
3334 3 2 1 1 2337 1827 2168 4467
3335 3 2 1 1 1878 1877 2687 4649
3336 3 2 1 1 1591 2716 4492 1969
3337 3 2 1 1 2615 2613 2170 2614
3338 3 2 1 1 2185 2187 2227 4180
3339 3 2 1 1 4026 2340 4351 4027
3340 3 2 1 1 2192 3072 3949 2464
3341 3 2 1 1 3610 2979 2484 2980
3342 3 2 1 1 4637 3078 4681 4705
3343 3 2 1 1 3768 3572 3570 3571
3344 3 2 1 1 2648 4028 3878 4371
3345 3 2 1 1 4011 4012 4529 4008
3346 3 2 1 1 1603 4021 4393 4458
3347 3 2 1 1 1943 4262 4029 4436
3348 3 2 1 1 2742 4592 4294 4493
3349 3 2 1 1 3732 2205 3729 3730
3350 3 2 1 1 3505 2801 2799 3504
3351 3 2 1 1 4189 3043 4057 4633
3352 3 2 1 1 1775 3769 3768 3571
3353 3 2 1 1 918 1139 4316 917
3354 3 2 1 1 2761 2760 3076 4879
3355 3 2 1 1 4458 4526 1067 1603
3356 3 2 1 1 4585 4627 2755 2757
3357 3 2 1 1 4441 4206 894 4207
3358 3 2 1 1 4116 4464 4577 1843
3359 3 2 1 1 2709 4455 4127 2707
3360 3 2 1 1 1031 4566 4567 1999
3361 3 2 1 1 4555 4530 4338 2706
3362 3 2 1 1 1031 1034 4171 1030
3363 3 2 1 1 4712 4353 891 1489
3364 3 2 1 1 4626 2871 3342 3343
3365 3 2 1 1 726 734 4095 727
3366 3 2 1 1 978 979 4247 980
3367 3 2 1 1 853 854 4380 850
3368 3 2 1 1 3059 3058 4468 4514
3369 3 2 1 1 3844 2606 3415 3760
3370 3 2 1 1 4574 4612 1079 1078
3371 3 2 1 1 1985 1983 4408 1987
3372 3 2 1 1 4479 4065 4067 4575
3373 3 2 1 1 3565 839 791 4618
3374 3 2 1 1 1392 1391 4514 4468
3375 3 2 1 1 4169 3048 4520 4170
3376 3 2 1 1 1578 1683 4494 1577
3377 3 2 1 1 4760 4596 3727 3782
3378 3 2 1 1 1324 4455 4677 4381
3379 3 2 1 1 2375 2832 4110 2373
3380 3 2 1 1 4046 4214 4621 4026
3381 3 2 1 1 3030 4463 1084 1803
3382 3 2 1 1 2497 1896 4688 2998
3383 3 2 1 1 1718 4276 2973 4275
3384 3 2 1 1 645 646 4125 647
3385 3 2 1 1 1985 4503 4564 1986
3386 3 2 1 1 2298 3845 4579 2493
3387 3 2 1 1 1083 1084 4463 1081
3388 3 2 1 1 1624 1684 4466 1626
3389 3 2 1 1 2738 1798 4617 2777
3390 3 2 1 1 2346 4442 4186 4493
3391 3 2 1 1 733 4590 2118 742
3392 3 2 1 1 4019 4453 4720 2060
3393 3 2 1 1 4845 4713 4785 3168
3394 3 2 1 1 1546 1548 4495 3036
3395 3 2 1 1 1763 4329 4698 2763
3396 3 2 1 1 1044 2677 4473 4472
3397 3 2 1 1 4349 2321 710 4348
3398 3 2 1 1 1913 1416 4557 2696
3399 3 2 1 1 4698 1483 1481 4547
3400 3 2 1 1 1849 692 690 4277
3401 3 2 1 1 859 874 4615 4049
3402 3 2 1 1 2170 2031 2029 4692
3403 3 2 1 1 3565 3566 4682 3564
3404 3 2 1 1 1525 762 4136 4536
3405 3 2 1 1 4114 4154 1082 4640
3406 3 2 1 1 1596 1594 4351 2340
3407 3 2 1 1 2058 2009 2007 4599
3408 3 2 1 1 2009 2010 4501 2008
3409 3 2 1 1 4705 2018 2020 4637
3410 3 2 1 1 4008 2319 4006 4007
3411 3 2 1 1 3750 3749 4412 4509
3412 3 2 1 1 2004 3825 4478 4456
3413 3 2 1 1 1504 916 4433 3936
3414 3 2 1 1 1333 3622 2984 3621
3415 3 2 1 1 2016 2356 4491 2014
3416 3 2 1 1 2109 3788 4537 2628
3417 3 2 1 1 2017 2098 4533 2019
3418 3 2 1 1 4064 4065 4479 1825
3419 3 2 1 1 2751 2750 4556 2752
3420 3 2 1 1 2614 2170 4692 2758
3421 3 2 1 1 3269 3212 4737 3270
3422 3 2 1 1 4126 4125 646 1503
3423 3 2 1 1 740 714 4521 1604
3424 3 2 1 1 3007 4223 2691 4655
3425 3 2 1 1 692 1849 4200 695
3426 3 2 1 1 834 835 4532 829
3427 3 2 1 1 1059 4386 4238 1055
3428 3 2 1 1 2349 4629 1405 1460
3429 3 2 1 1 4697 4753 1992 3843
3430 3 2 1 1 599 4321 4572 720
3431 3 2 1 1 1046 4539 2633 4212
3432 3 2 1 1 896 4605 2716 4323
3433 3 2 1 1 1935 2327 2637 4534
3434 3 2 1 1 1183 1181 4831 1212
3435 3 2 1 1 2762 4507 1417 1820
3436 3 2 1 1 4964 4486 1889 2487
3437 3 2 1 1 3948 2316 4559 3972
3438 3 2 1 1 3135 2980 2484 3134
3439 3 2 1 1 4699 3072 2192 1750
3440 3 2 1 1 1923 4396 4616 3068
3441 3 2 1 1 847 4144 4223 3741
3442 3 2 1 1 1213 3988 1191 1189
3443 3 2 1 1 771 777 4721 770
3444 3 2 1 1 3626 4729 3894 3604
3445 3 2 1 1 3048 4169 668 1979
3446 3 2 1 1 2386 3081 4780 3082
3447 3 2 1 1 2739 2903 2661 4109
3448 3 2 1 1 2136 2371 4404 2138
3449 3 2 1 1 4609 3002 4090 4091
3450 3 2 1 1 1472 1418 4507 4709
3451 3 2 1 1 3141 2240 4273 3142
3452 3 2 1 1 612 613 4274 611
3453 3 2 1 1 991 975 4614 1074
3454 3 2 1 1 1011 1013 4498 1012
3455 3 2 1 1 1051 1050 4645 4364
3456 3 2 1 1 1060 1059 4517 1061
3457 3 2 1 1 3880 1600 3057 4481
3458 3 2 1 1 1654 1655 4443 1653
3459 3 2 1 1 4001 4256 1825 4479
3460 3 2 1 1 3001 4376 1902 4631
3461 3 2 1 1 4701 2098 4449 4650
3462 3 2 1 1 3784 2398 2195 2933
3463 3 2 1 1 3238 2729 2401 4597
3464 3 2 1 1 2819 2630 3696 2820
3465 3 2 1 1 4238 4386 4454 2710
3466 3 2 1 1 4354 3042 3047 4505
3467 3 2 1 1 3525 3524 3556 3526
3468 3 2 1 1 1469 3943 4667 3944
3469 3 2 1 1 1622 4444 1684 1624
3470 3 2 1 1 1066 1067 4526 1068
3471 3 2 1 1 2236 4558 2890 2238
3472 3 2 1 1 626 4262 1138 628
3473 3 2 1 1 1932 4556 2750 4384
3474 3 2 1 1 4434 4090 3002 3988
3475 3 2 1 1 3775 4773 1217 4607
3476 3 2 1 1 2271 2272 4711 2269
3477 3 2 1 1 3980 4509 4412 2318
3478 3 2 1 1 1494 2319 4008 4529
3479 3 2 1 1 2124 4742 3872 4736
3480 3 2 1 1 3851 2534 2532 2894
3481 3 2 1 1 2345 2416 4597 2401
3482 3 2 1 1 681 1781 4307 683
3483 3 2 1 1 2725 1675 1012 4498
3484 3 2 1 1 1567 1569 4656 2338
3485 3 2 1 1 2115 4666 4146 4501
3486 3 2 1 1 670 671 4333 672
3487 3 2 1 1 4146 2667 2008 4501
3488 3 2 1 1 1061 4517 2736 4580
3489 3 2 1 1 2730 4527 1939 1941
3490 3 2 1 1 3018 3820 4815 671
3491 3 2 1 1 2494 2295 4540 2495
3492 3 2 1 1 2373 1959 4406 2375
3493 3 2 1 1 4221 4222 4708 1026
3494 3 2 1 1 4463 3030 4604 4499
3495 3 2 1 1 3621 2527 2529 3630
3496 3 2 1 1 3915 3914 3911 3912
3497 3 2 1 1 606 2351 4616 4213
3498 3 2 1 1 771 770 4076 4714
3499 3 2 1 1 653 4644 1616 656
3500 3 2 1 1 2742 2755 4627 4592
3501 3 2 1 1 3874 2495 5042 3875
3502 3 2 1 1 2089 2087 4710 2093
3503 3 2 1 1 2060 4720 3675 4037
3504 3 2 1 1 1176 4030 1334 1174
3505 3 2 1 1 4526 4458 2747 4394
3506 3 2 1 1 4308 3053 4456 4478
3507 3 2 1 1 918 2335 3922 4010
3508 3 2 1 1 4053 619 621 4054
3509 3 2 1 1 661 659 4137 662
3510 3 2 1 1 830 823 825 4224
3511 3 2 1 1 1524 1526 1915 4363
3512 3 2 1 1 4656 1617 1619 4707
3513 3 2 1 1 1666 1620 1618 4581
3514 3 2 1 1 1646 1647 4589 1645
3515 3 2 1 1 1387 1847 4682 4051
3516 3 2 1 1 3043 4189 1957 4674
3517 3 2 1 1 4428 1990 1987 4408
3518 3 2 1 1 2838 2375 4406 3011
3519 3 2 1 1 3078 2759 4227 4681
3520 3 2 1 1 3077 2765 2790 4747
3521 3 2 1 1 2771 2768 2769 3894
3522 3 2 1 1 2777 3092 4913 3091
3523 3 2 1 1 4472 4473 4027 4645
3524 3 2 1 1 1415 1417 4507 1418
3525 3 2 1 1 4246 4540 2295 752
3526 3 2 1 1 3914 3915 4708 3916
3527 3 2 1 1 3527 3528 4916 3525
3528 3 2 1 1 1599 4538 2160 1704
3529 3 2 1 1 1142 910 912 4594
3530 3 2 1 1 1115 1147 4622 1121
3531 3 2 1 1 1025 4221 1026 1023
3532 3 2 1 1 4635 4784 2321 4349
3533 3 2 1 1 1905 3687 4669 3688
3534 3 2 1 1 3846 2498 4611 3847
3535 3 2 1 1 4585 2906 2393 4627
3536 3 2 1 1 1814 3883 4775 3081
3537 3 2 1 1 2347 2747 4458 4393
3538 3 2 1 1 1642 3856 4752 4427
3539 3 2 1 1 1200 4475 1196 1197
3540 3 2 1 1 4048 4325 1458 4642
3541 3 2 1 1 2354 3039 4643 2352
3542 3 2 1 1 1239 4619 4620 1134
3543 3 2 1 1 3061 4615 4628 3060
3544 3 2 1 1 2812 1653 4443 3753
3545 3 2 1 1 4944 4101 1851 2831
3546 3 2 1 1 2057 2100 4598 2053
3547 3 2 1 1 4088 4484 3923 758
3548 3 2 1 1 4482 3908 1590 4401
3549 3 2 1 1 961 4465 944 942
3550 3 2 1 1 2728 4450 2343 2344
3551 3 2 1 1 720 4572 4084 1807
3552 3 2 1 1 4909 4179 1523 4918
3553 3 2 1 1 1161 1118 1100 3759
3554 3 2 1 1 1462 1196 4475 1947
3555 3 2 1 1 1416 1413 1415 4557
3556 3 2 1 1 3837 1782 3794 3795
3557 3 2 1 1 2225 4459 4461 4460
3558 3 2 1 1 4088 634 631 4089
3559 3 2 1 1 684 682 685 4317
3560 3 2 1 1 4330 950 952 4586
3561 3 2 1 1 1501 3787 4528 1499
3562 3 2 1 1 1629 1628 4687 4617
3563 3 2 1 1 4707 4328 2338 4656
3564 3 2 1 1 4041 3505 3504 4040
3565 3 2 1 1 4650 3961 3963 4701
3566 3 2 1 1 2658 4583 4605 4385
3567 3 2 1 1 3092 4687 4466 4961
3568 3 2 1 1 4223 3007 730 3741
3569 3 2 1 1 3832 4771 2761 4833
3570 3 2 1 1 2846 4675 2775 4144
3571 3 2 1 1 1386 4006 2319 1492
3572 3 2 1 1 4792 4822 3084 3083
3573 3 2 1 1 3002 4609 1195 1193
3574 3 2 1 1 2997 4360 1332 4359
3575 3 2 1 1 2802 1677 1645 4589
3576 3 2 1 1 2347 2176 4670 2359
3577 3 2 1 1 615 616 4274 613
3578 3 2 1 1 1095 2719 3759 1100
3579 3 2 1 1 3520 3518 4693 3625
3580 3 2 1 1 2663 4118 2710 4454
3581 3 2 1 1 4889 4506 2714 2808
3582 3 2 1 1 3779 4317 685 1534
3583 3 2 1 1 4015 4673 4012 4013
3584 3 2 1 1 1986 4564 2055 2005
3585 3 2 1 1 1674 2806 4843 2805
3586 3 2 1 1 836 4573 4571 835
3587 3 2 1 1 2656 4432 3034 2655
3588 3 2 1 1 642 4433 916 644
3589 3 2 1 1 1649 4075 4589 1647
3590 3 2 1 1 4123 4677 4455 2709
3591 3 2 1 1 2776 4680 2186 2184
3592 3 2 1 1 3961 4650 3955 3958
3593 3 2 1 1 946 944 4465 1590
3594 3 2 1 1 1577 4494 4754 1586
3595 3 2 1 1 3444 4577 4464 3442
3596 3 2 1 1 4556 4676 3190 2752
3597 3 2 1 1 933 935 4774 1096
3598 3 2 1 1 3827 4874 2311 3790
3599 3 2 1 1 2329 4611 2498 2299
3600 3 2 1 1 611 610 4411 612
3601 3 2 1 1 1558 675 672 4333
3602 3 2 1 1 4014 686 683 4307
3603 3 2 1 1 4471 4470 977 4634
3604 3 2 1 1 1783 1654 1651 4751
3605 3 2 1 1 4294 4592 4627 2393
3606 3 2 1 1 4032 2621 2622 4658
3607 3 2 1 1 2351 4565 3068 4616
3608 3 2 1 1 852 3492 4679 4837
3609 3 2 1 1 2124 4103 4755 4742
3610 3 2 1 1 1942 1945 2493 4522
3611 3 2 1 1 4550 4548 2099 4549
3612 3 2 1 1 2075 4416 2101 2078
3613 3 2 1 1 4580 4624 4505 3047
3614 3 2 1 1 4396 866 612 4411
3615 3 2 1 1 1573 2604 4581 1618
3616 3 2 1 1 4491 4591 4666 2115
3617 3 2 1 1 1659 4535 1673 1657
3618 3 2 1 1 812 4388 4387 1585
3619 3 2 1 1 4353 4712 3486 3483
3620 3 2 1 1 2624 3771 4658 2622
3621 3 2 1 1 4300 4999 3586 4851
3622 3 2 1 1 3735 2219 4700 3736
3623 3 2 1 1 2158 4734 2933 2195
3624 3 2 1 1 4109 2659 1411 1410
3625 3 2 1 1 4214 4046 4674 1957
3626 3 2 1 1 1845 3875 5032 4196
3627 3 2 1 1 2978 3607 1997 4965
3628 3 2 1 1 3809 1511 1036 3886
3629 3 2 1 1 4745 3647 3648 4763
3630 3 2 1 1 2555 2556 4664 2553
3631 3 2 1 1 2029 2061 4735 4692
3632 3 2 1 1 2071 2073 4216 2072
3633 3 2 1 1 4647 4710 2087 2085
3634 3 2 1 1 1792 4525 4758 2361
3635 3 2 1 1 3900 3901 4381 4677
3636 3 2 1 1 2070 4422 4418 4423
3637 3 2 1 1 4696 679 680 4191
3638 3 2 1 1 714 715 723 4521
3639 3 2 1 1 1491 819 821 4431
3640 3 2 1 1 4226 4532 835 4571
3641 3 2 1 1 4804 1016 1017 4798
3642 3 2 1 1 3782 3780 2603 4515
3643 3 2 1 1 3916 4708 4222 4715
3644 3 2 1 1 4226 4591 4665 4225
3645 3 2 1 1 2767 2770 3004 4756
3646 3 2 1 1 4651 2503 3910 4643
3647 3 2 1 1 4450 4621 4214 2343
3648 3 2 1 1 4715 4707 1619 2360
3649 3 2 1 1 2819 2820 4859 4934
3650 3 2 1 1 2190 4563 3341 2870
3651 3 2 1 1 4673 4545 4529 4012
3652 3 2 1 1 4815 4672 4333 671
3653 3 2 1 1 4577 3444 3715 4689
3654 3 2 1 1 2774 4722 1795 4654
3655 3 2 1 1 4326 2338 4328 4327
3656 3 2 1 1 4503 3065 4694 4564
3657 3 2 1 1 682 684 4191 680
3658 3 2 1 1 2129 1587 4648 4497
3659 3 2 1 1 4081 4079 1586 4754
3660 3 2 1 1 1896 1008 1003 4688
3661 3 2 1 1 1664 1665 4654 1795
3662 3 2 1 1 2356 2016 2018 4705
3663 3 2 1 1 3492 2499 4168 4679
3664 3 2 1 1 4739 3514 3515 4812
3665 3 2 1 1 4378 4377 3029 4570
3666 3 2 1 1 2359 3072 4699 3071
3667 3 2 1 1 4297 1753 1755 2247
3668 3 2 1 1 3908 4482 969 962
3669 3 2 1 1 3414 1431 1754 1887
3670 3 2 1 1 4699 4695 3073 3071
3671 3 2 1 1 560 559 557 558
3672 3 2 1 1 754 747 4588 4315
3673 3 2 1 1 2371 2136 2133 4678
3674 3 2 1 1 4134 3052 4446 4610
3675 3 2 1 1 1197 1195 4609 1198
3676 3 2 1 1 4289 4628 4615 874
3677 3 2 1 1 2650 2651 4685 1918
3678 3 2 1 1 1473 1474 4690 1472
3679 3 2 1 1 1958 1960 4570 3029
3680 3 2 1 1 1498 1496 4529 4545
3681 3 2 1 1 4277 4009 4201 1849
3682 3 2 1 1 3016 3605 4783 3014
3683 3 2 1 1 4492 2716 4605 4583
3684 3 2 1 1 1790 2357 4788 4525
3685 3 2 1 1 3091 4913 2745 4911
3686 3 2 1 1 4820 4852 3812 2804
3687 3 2 1 1 1313 1312 4661 1314
3688 3 2 1 1 4769 1582 1402 4792
3689 3 2 1 1 2254 2189 4680 2364
3690 3 2 1 1 2460 2394 2627 4791
3691 3 2 1 1 1239 1403 4629 4619
3692 3 2 1 1 3949 3072 2359 4670
3693 3 2 1 1 3167 3168 4785 2584
3694 3 2 1 1 1678 4594 4718 4502
3695 3 2 1 1 4489 3872 4742 2781
3696 3 2 1 1 4596 4760 1656 1783
3697 3 2 1 1 2579 2585 3762 3764
3698 3 2 1 1 1404 1405 4629 1403
3699 3 2 1 1 2760 2761 4771 2754
3700 3 2 1 1 1188 4359 1332 1186
3701 3 2 1 1 3915 4776 1026 4708
3702 3 2 1 1 1832 1435 1434 1759
3703 3 2 1 1 3397 4711 2272 4243
3704 3 2 1 1 1563 4102 4639 3941
3705 3 2 1 1 3743 4625 1218 1215
3706 3 2 1 1 1455 1432 1357 1359
3707 3 2 1 1 3987 1359 1358 1360
3708 3 2 1 1 1778 4515 2601 3953
3709 3 2 1 1 4565 2352 4643 3910
3710 3 2 1 1 2075 2076 4216 2073
3711 3 2 1 1 3196 2758 4692 4735
3712 3 2 1 1 3488 3490 4837 4679
3713 3 2 1 1 3498 3601 4940 3499
3714 3 2 1 1 970 969 4614 975
3715 3 2 1 1 4512 4510 2564 4511
3716 3 2 1 1 4522 4703 3028 3822
3717 3 2 1 1 1701 1414 1411 2659
3718 3 2 1 1 3857 3855 1682 4873
3719 3 2 1 1 3843 4104 2632 4697
3720 3 2 1 1 3153 3154 4668 2901
3721 3 2 1 1 3541 3540 3558 4452
3722 3 2 1 1 3971 2055 4564 4694
3723 3 2 1 1 673 2713 4497 4648
3724 3 2 1 1 4832 2786 2748 4663
3725 3 2 1 1 3874 4725 3623 2965
3726 3 2 1 1 997 1028 4688 1003
3727 3 2 1 1 1726 1727 4728 1466
3728 3 2 1 1 4784 4613 707 2321
3729 3 2 1 1 1610 4731 1908 1612
3730 3 2 1 1 2188 2186 4680 2189
3731 3 2 1 1 1617 4656 1569 1571
3732 3 2 1 1 1796 1795 4722 2142
3733 3 2 1 1 2394 2101 4416 2627
3734 3 2 1 1 4557 4660 2698 2696
3735 3 2 1 1 4417 2074 4423 4418
3736 3 2 1 1 1918 4685 3494 2310
3737 3 2 1 1 3487 3028 4703 3491
3738 3 2 1 1 3907 1992 4753 4749
3739 3 2 1 1 1788 4135 4659 1787
3740 3 2 1 1 823 830 4431 821
3741 3 2 1 1 2547 3408 4741 2545
3742 3 2 1 1 3979 2156 1315 4625
3743 3 2 1 1 2131 2132 4678 2133
3744 3 2 1 1 4713 2580 2577 4785
3745 3 2 1 1 3716 2771 3894 4729
3746 3 2 1 1 755 770 4721 776
3747 3 2 1 1 1677 2802 4524 2125
3748 3 2 1 1 2334 4114 4640 4695
3749 3 2 1 1 3067 4608 2355 4755
3750 3 2 1 1 4846 4700 2046 2164
3751 3 2 1 1 1468 4772 3513 956
3752 3 2 1 1 2105 2225 4734 2158
3753 3 2 1 1 1039 1040 4326 1038
3754 3 2 1 1 3092 2777 4617 4687
3755 3 2 1 1 2146 2140 2138 4404
3756 3 2 1 1 2895 2763 4698 2896
3757 3 2 1 1 2149 3685 4743 3109
3758 3 2 1 1 1649 1650 4751 1651
3759 3 2 1 1 1103 1679 4632 1094
3760 3 2 1 1 1056 1035 4601 1057
3761 3 2 1 1 2901 4709 4507 2762
3762 3 2 1 1 1901 4623 2504 1900
3763 3 2 1 1 1408 4399 4706 2739
3764 3 2 1 1 652 3892 4489 4644
3765 3 2 1 1 3888 4727 3739 4846
3766 3 2 1 1 3944 4667 1906 4974
3767 3 2 1 1 658 2355 4608 4137
3768 3 2 1 1 2536 4686 3143 2538
3769 3 2 1 1 701 760 4940 699
3770 3 2 1 1 4918 2817 4595 4909
3771 3 2 1 1 4278 4724 3012 3793
3772 3 2 1 1 864 4131 4639 4102
3773 3 2 1 1 2054 3955 4650 4449
3774 3 2 1 1 1951 4733 2732 3660
3775 3 2 1 1 4670 4737 3212 3949
3776 3 2 1 1 3602 486 206 207
3777 3 2 1 1 4612 3073 4695 4640
3778 3 2 1 1 3973 4749 2784 3205
3779 3 2 1 1 2294 2966 4921 3721
3780 3 2 1 1 1500 1927 4519 4765
3781 3 2 1 1 2602 2601 4515 2603
3782 3 2 1 1 1465 1466 4728 1695
3783 3 2 1 1 2000 2743 4730 2002
3784 3 2 1 1 2069 2068 4750 2070
3785 3 2 1 1 2233 2509 4578 2231
3786 3 2 1 1 3687 2829 4723 3728
3787 3 2 1 1 915 3491 4703 4579
3788 3 2 1 1 978 4490 4634 977
3789 3 2 1 1 4809 1020 1021 4776
3790 3 2 1 1 3081 4775 2363 4780
3791 3 2 1 1 2433 3133 4768 2434
3792 3 2 1 1 4776 3915 3912 4809
3793 3 2 1 1 2764 4790 2118 4590
3794 3 2 1 1 2593 2600 4778 2591
3795 3 2 1 1 1171 1169 4800 3850
3796 3 2 1 1 4653 3479 4807 4806
3797 3 2 1 1 1947 4475 3776 4732
3798 3 2 1 1 659 660 4560 657
3799 3 2 1 1 3636 3635 4773 3775
3800 3 2 1 1 3701 4641 2095 2211
3801 3 2 1 1 2700 2698 4660 3062
3802 3 2 1 1 3660 4291 3142 4273
3803 3 2 1 1 3968 3971 4694 4823
3804 3 2 1 1 1494 1495 4593 1493
3805 3 2 1 1 4683 2025 2023 4548
3806 3 2 1 1 2219 2048 2046 4700
3807 3 2 1 1 2026 3879 4797 2067
3808 3 2 1 1 4327 4156 1038 4326
3809 3 2 1 1 2360 1621 1623 4546
3810 3 2 1 1 2142 2824 4595 2143
3811 3 2 1 1 3065 3066 4823 4694
3812 3 2 1 1 1463 4781 3573 4842
3813 3 2 1 1 3766 2119 1048 4171
3814 3 2 1 1 2626 2683 4888 3724
3815 3 2 1 1 2766 2791 4787 2790
3816 3 2 1 1 2021 2099 4548 2023
3817 3 2 1 1 730 3007 4657 728
3818 3 2 1 1 1528 2785 4758 2783
3819 3 2 1 1 3856 4931 4506 4752
3820 3 2 1 1 1404 1582 4706 4399
3821 3 2 1 1 2781 1616 4644 4489
3822 3 2 1 1 3887 3888 4846 2164
3823 3 2 1 1 2056 2205 4750 2068
3824 3 2 1 1 2861 4723 2828 4814
3825 3 2 1 1 787 788 4834 786
3826 3 2 1 1 1007 1030 4171 1048
3827 3 2 1 1 4877 2044 2045 4900
3828 3 2 1 1 2102 2095 4641 2103
3829 3 2 1 1 2105 2103 4459 2225
3830 3 2 1 1 2612 3717 4770 3008
3831 3 2 1 1 2357 2749 4691 4788
3832 3 2 1 1 2100 4828 4841 4598
3833 3 2 1 1 3087 4813 2308 4602
3834 3 2 1 1 1996 4654 1665 1774
3835 3 2 1 1 1309 1463 4842 1308
3836 3 2 1 1 4742 4755 2355 2781
3837 3 2 1 1 2817 2617 2143 4595
3838 3 2 1 1 2687 4684 3181 4649
3839 3 2 1 1 1645 1643 4427 1646
3840 3 2 1 1 3992 3990 4740 4630
3841 3 2 1 1 3074 4647 2080 2121
3842 3 2 1 1 2786 4832 4853 3754
3843 3 2 1 1 1625 1794 4546 1623
3844 3 2 1 1 4909 4595 2824 4937
3845 3 2 1 1 4702 4543 1187 1185
3846 3 2 1 1 4795 4839 1477 1476
3847 3 2 1 1 1672 4373 717 719
3848 3 2 1 1 4822 4792 1402 1401
3849 3 2 1 1 2172 2455 4796 4241
3850 3 2 1 1 4762 4750 2205 3732
3851 3 2 1 1 2754 4771 1006 4600
3852 3 2 1 1 3798 2307 4811 3683
3853 3 2 1 1 753 768 4744 4743
3854 3 2 1 1 1211 1220 4671 1209
3855 3 2 1 1 1466 1337 4646 1726
3856 3 2 1 1 2062 2051 2053 4598
3857 3 2 1 1 2057 3884 4812 2100
3858 3 2 1 1 3861 3756 3758 4717
3859 3 2 1 1 2369 2833 4764 2774
3860 3 2 1 1 3880 2921 4630 4740
3861 3 2 1 1 1848 3777 4784 4635
3862 3 2 1 1 3530 4872 2064 4857
3863 3 2 1 1 2034 2035 4584 2032
3864 3 2 1 1 4278 4560 660 2745
3865 3 2 1 1 4847 868 895 3757
3866 3 2 1 1 4523 4786 2741 2740
3867 3 2 1 1 4879 4652 4833 2761
3868 3 2 1 1 4736 4602 1772 2124
3869 3 2 1 1 1724 4646 1337 1336
3870 3 2 1 1 3156 3157 4668 3154
3871 3 2 1 1 4613 4784 3777 3778
3872 3 2 1 1 4525 4788 2783 4758
3873 3 2 1 1 2575 2576 4653 2573
3874 3 2 1 1 1311 1218 4625 1315
3875 3 2 1 1 4795 1476 1473 4606
3876 3 2 1 1 3655 3754 4853 3654
3877 3 2 1 1 1556 4607 1175 1173
3878 3 2 1 1 4360 2521 2523 4794
3879 3 2 1 1 4752 1793 1646 4427
3880 3 2 1 1 1848 4635 4777 3718
3881 3 2 1 1 3271 3270 4766 3298
3882 3 2 1 1 4225 4665 4681 4227
3883 3 2 1 1 4753 4697 2320 2717
3884 3 2 1 1 1023 1026 4776 1021
3885 3 2 1 1 4401 4820 2804 4730
3886 3 2 1 1 3413 4926 1330 1390
3887 3 2 1 1 2117 2320 4697 2632
3888 3 2 1 1 2801 3505 4949 4985
3889 3 2 1 1 4641 3705 4459 2103
3890 3 2 1 1 3586 3581 3580 4902
3891 3 2 1 1 2719 1095 1057 4601
3892 3 2 1 1 1141 1092 1094 4632
3893 3 2 1 1 1782 3759 2719 3794
3894 3 2 1 1 3605 3016 3727 4596
3895 3 2 1 1 1681 2363 4775 4306
3896 3 2 1 1 4961 4724 4913 3092
3897 3 2 1 1 3747 1847 1493 4593
3898 3 2 1 1 2743 4614 969 4482
3899 3 2 1 1 1675 2368 4840 2128
3900 3 2 1 1 4756 4584 2035 2767
3901 3 2 1 1 4619 3077 4747 4620
3902 3 2 1 1 1367 1370 1375 4793
3903 3 2 1 1 1472 4709 4606 1473
3904 3 2 1 1 3663 4893 4690 1474
3905 3 2 1 1 1778 1658 1656 4760
3906 3 2 1 1 1948 4704 3745 1462
3907 3 2 1 1 2545 4741 3410 2543
3908 3 2 1 1 1133 1676 4825 1238
3909 3 2 1 1 3479 4653 2576 2599
3910 3 2 1 1 2305 1772 4602 2308
3911 3 2 1 1 2065 4748 4797 3879
3912 3 2 1 1 875 3686 1905 871
3913 3 2 1 1 1144 3484 4910 3495
3914 3 2 1 1 1776 2366 4780 2363
3915 3 2 1 1 1604 4521 4855 3679
3916 3 2 1 1 3854 2780 4732 4474
3917 3 2 1 1 4602 4736 2772 3087
3918 3 2 1 1 4542 1206 1209 4671
3919 3 2 1 1 4817 4738 2094 2304
3920 3 2 1 1 2581 2580 4713 2582
3921 3 2 1 1 2733 2731 4733 3854
3922 3 2 1 1 722 725 728 4657
3923 3 2 1 1 4594 912 4941 4718
3924 3 2 1 1 1909 2381 4485 1805
3925 3 2 1 1 3921 4200 1849 4201
3926 3 2 1 1 662 4137 4608 4136
3927 3 2 1 1 715 717 4373 723
3928 3 2 1 1 4502 4718 4789 2776
3929 3 2 1 1 3617 3618 4726 2384
3930 3 2 1 1 2691 4223 4144 2775
3931 3 2 1 1 2773 2772 4736 3872
3932 3 2 1 1 872 4871 3553 4934
3933 3 2 1 1 2381 1909 2384 4726
3934 3 2 1 1 4333 4672 4782 1558
3935 3 2 1 1 2085 2081 2080 4647
3936 3 2 1 1 2572 4806 4512 4511
3937 3 2 1 1 1614 4600 992 991
3938 3 2 1 1 2725 4498 1016 4804
3939 3 2 1 1 2717 2784 4749 4753
3940 3 2 1 1 3567 3568 4761 3566
3941 3 2 1 1 2806 4840 2368 4843
3942 3 2 1 1 2238 2732 4733 2731
3943 3 2 1 1 1915 2783 4788 4691
3944 3 2 1 1 2685 4973 4922 3620
3945 3 2 1 1 867 842 4871 872
3946 3 2 1 1 3654 4853 2067 4797
3947 3 2 1 1 2563 2564 4510 2562
3948 3 2 1 1 1615 2001 2348 4082
3949 3 2 1 1 2237 3647 4745 2235
3950 3 2 1 1 713 4300 4851 716
3951 3 2 1 1 920 922 4884 1323
3952 3 2 1 1 4549 2099 4533 4746
3953 3 2 1 1 4761 3568 3570 4781
3954 3 2 1 1 4635 4349 4350 4777
3955 3 2 1 1 4606 4668 3157 4795
3956 3 2 1 1 1999 4567 3796 4568
3957 3 2 1 1 3064 4782 4672 3063
3958 3 2 1 1 3696 2092 2090 4738
3959 3 2 1 1 2025 4683 2061 2027
3960 3 2 1 1 2120 3500 4813 3087
3961 3 2 1 1 287 288 485 3546
3962 3 2 1 1 1189 1187 4543 1213
3963 3 2 1 1 2368 4829 3808 4843
3964 3 2 1 1 3912 3913 4798 4809
3965 3 2 1 1 4880 2683 2625 4886
3966 3 2 1 1 2683 4880 2816 4888
3967 3 2 1 1 2560 2562 4510 2568
3968 3 2 1 1 2925 3981 4769 2946
3969 3 2 1 1 3831 1006 4771 3832
3970 3 2 1 1 3265 2974 4914 3347
3971 3 2 1 1 2434 4768 3134 2484
3972 3 2 1 1 2151 1804 1805 4485
3973 3 2 1 1 4845 2597 2582 4713
3974 3 2 1 1 3881 2805 4843 3808
3975 3 2 1 1 1221 4474 4732 3776
3976 3 2 1 1 2127 1797 2609 4802
3977 3 2 1 1 4839 4795 3157 3159
3978 3 2 1 1 794 4821 827 792
3979 3 2 1 1 4787 4810 4747 2790
3980 3 2 1 1 1676 4827 3088 4825
3981 3 2 1 1 4891 4889 2808 3013
3982 3 2 1 1 2825 4722 2774 4764
3983 3 2 1 1 2798 2826 4915 2796
3984 3 2 1 1 4584 4756 4748 2065
3985 3 2 1 1 4593 4759 3560 3747
3986 3 2 1 1 3531 3552 4803 3532
3987 3 2 1 1 4738 4817 2820 3696
3988 3 2 1 1 1675 2725 4829 2368
3989 3 2 1 1 4452 3558 3560 4759
3990 3 2 1 1 4907 4504 3009 4896
3991 3 2 1 1 1780 4953 3583 4981
3992 3 2 1 1 3048 4905 4892 4520
3993 3 2 1 1 4852 4899 3813 3812
3994 3 2 1 1 4553 4746 4701 3963
3995 3 2 1 1 2525 2984 4794 2523
3996 3 2 1 1 3698 2607 4819 3819
3997 3 2 1 1 2365 2364 4789 2789
3998 3 2 1 1 4961 4466 1684 4972
3999 3 2 1 1 4829 2725 4804 4818
4000 3 2 1 1 1029 4039 4854 4038
4001 3 2 1 1 2072 4216 2778 4739
4002 3 2 1 1 1160 718 716 4851
4003 3 2 1 1 3091 4911 4520 4892
4004 3 2 1 1 2591 4778 2598 2589
4005 3 2 1 1 4435 4928 2139 2144
4006 3 2 1 1 4792 3083 2946 4769
4007 3 2 1 1 1901 2975 4844 4623
4008 3 2 1 1 2990 3514 4739 2778
4009 3 2 1 1 1217 4867 1179 1177
4010 3 2 1 1 4518 4824 4765 4519
4011 3 2 1 1 1177 1175 4607 1217
4012 3 2 1 1 4547 4875 3160 4876
4013 3 2 1 1 3086 3088 4827 3403
4014 3 2 1 1 1096 4984 5005 3740
4015 3 2 1 1 3101 5036 1855 5035
4016 3 2 1 1 4051 4682 3566 4761
4017 3 2 1 1 4928 4435 4434 4977
4018 3 2 1 1 1169 1167 1784 4800
4019 3 2 1 1 3820 4691 2749 4815
4020 3 2 1 1 994 992 4600 1006
4021 3 2 1 1 967 964 2993 3868
4022 3 2 1 1 3841 4896 2141 2822
4023 3 2 1 1 2889 2232 2230 4757
4024 3 2 1 1 2509 2233 2235 4745
4025 3 2 1 1 2713 2779 4850 4497
4026 3 2 1 1 3089 4818 3913 3090
4027 3 2 1 1 3572 3573 4781 3570
4028 3 2 1 1 2837 3561 4998 4991
4029 3 2 1 1 3797 4860 2807 4863
4030 3 2 1 1 4835 4838 4550 4552
4031 3 2 1 1 3654 4797 4748 3652
4032 3 2 1 1 3635 3636 4082 2348
4033 3 2 1 1 3522 832 786 4834
4034 3 2 1 1 4895 4873 1682 4370
4035 3 2 1 1 1907 4871 842 772
4036 3 2 1 1 2813 2129 4497 4850
4037 3 2 1 1 2229 3637 4757 2230
4038 3 2 1 1 2793 2794 4787 2791
4039 3 2 1 1 4820 4465 961 4852
4040 3 2 1 1 3724 4888 2126 4861
4041 3 2 1 1 2385 1910 4819 2607
4042 3 2 1 1 3883 1327 1314 4661
4043 3 2 1 1 1000 4858 2822 4860
4044 3 2 1 1 3014 4783 4891 3013
4045 3 2 1 1 4620 4747 4810 1236
4046 3 2 1 1 4731 4819 1910 1908
4047 3 2 1 1 3797 4863 4802 2609
4048 3 2 1 1 660 759 4911 2745
4049 3 2 1 1 4972 1684 4444 4980
4050 3 2 1 1 3516 3517 4828 3515
4051 3 2 1 1 4424 4425 4823 3066
4052 3 2 1 1 4672 4815 2749 3063
4053 3 2 1 1 2002 4730 2804 2122
4054 3 2 1 1 4899 4060 4038 4854
4055 3 2 1 1 3505 4041 953 4949
4056 3 2 1 1 3951 3950 1236 4810
4057 3 2 1 1 4663 2113 3942 4832
4058 3 2 1 1 3840 4858 1000 4044
4059 3 2 1 1 2091 2094 4738 2090
4060 3 2 1 1 966 3661 2993 964
4061 3 2 1 1 2253 3930 3931 3933
4062 3 2 1 1 3652 4748 4756 3004
4063 3 2 1 1 5002 1998 3740 5005
4064 3 2 1 1 179 180 397 4779
4065 3 2 1 1 4548 4550 4838 4683
4066 3 2 1 1 2776 4789 2364 4680
4067 3 2 1 1 4700 4846 3739 3736
4068 3 2 1 1 2098 4701 4746 4533
4069 3 2 1 1 4866 3858 2064 4872
4070 3 2 1 1 987 1000 4860 3797
4071 3 2 1 1 2958 2598 4778 3404
4072 3 2 1 1 2490 2491 4868 2492
4073 3 2 1 1 2367 2986 4901 3835
4074 3 2 1 1 3855 3857 4931 3856
4075 3 2 1 1 748 755 776 4849
4076 3 2 1 1 2504 4623 4844 3510
4077 3 2 1 1 1730 1836 2231 4578
4078 3 2 1 1 4818 3089 3808 4829
4079 3 2 1 1 3757 2500 4235 4847
4080 3 2 1 1 3622 4808 4794 2984
4081 3 2 1 1 3894 2769 4866 4803
4082 3 2 1 1 180 181 4415 397
4083 3 2 1 1 5005 2842 3836 5002
4084 3 2 1 1 4862 2127 4802 4856
4085 3 2 1 1 4907 3839 2128 4840
4086 3 2 1 1 2777 3091 4892 2738
4087 3 2 1 1 4490 2816 4880 4634
4088 3 2 1 1 4798 3913 4818 4804
4089 3 2 1 1 4598 4841 4887 2062
4090 3 2 1 1 4844 4870 3551 3510
4091 3 2 1 1 1481 1480 4875 4547
4092 3 2 1 1 4896 3841 3839 4907
4093 3 2 1 1 4241 4796 3298 4766
4094 3 2 1 1 2150 5014 3097 5018
4095 3 2 1 1 851 4848 2650 4252
4096 3 2 1 1 2144 4923 3080 4435
4097 3 2 1 1 4838 4835 3196 4735
4098 3 2 1 1 2100 4812 3515 4828
4099 3 2 1 1 4101 4944 5023 1609
4100 3 2 1 1 3531 3532 4872 3530
4101 3 2 1 1 2141 2807 4860 2822
4102 3 2 1 1 4887 3521 3523 4908
4103 3 2 1 1 3530 4857 3528 3527
4104 3 2 1 1 925 4477 2612 1159
4105 3 2 1 1 2362 2361 4758 4801
4106 3 2 1 1 1695 4728 4874 2830
4107 3 2 1 1 718 1160 4935 721
4108 3 2 1 1 4508 3824 4765 4824
4109 3 2 1 1 1017 1020 4809 4798
4110 3 2 1 1 3657 4801 4758 2785
4111 3 2 1 1 4524 2802 4516 4856
4112 3 2 1 1 2972 2308 4813 4805
4113 3 2 1 1 1238 4825 4822 1401
4114 3 2 1 1 1562 2981 4883 1936
4115 3 2 1 1 2769 4319 3858 4866
4116 3 2 1 1 3950 3951 4938 1679
4117 3 2 1 1 4465 4820 4401 1590
4118 3 2 1 1 745 735 4978 3614
4119 3 2 1 1 3756 3755 4859 3758
4120 3 2 1 1 3722 689 691 4924
4121 3 2 1 1 1170 4864 1338 1168
4122 3 2 1 1 3850 4800 4879 3076
4123 3 2 1 1 1727 2311 4874 4728
4124 3 2 1 1 2125 4524 4863 2807
4125 3 2 1 1 4856 4516 2811 4862
4126 3 2 1 1 1680 2126 4888 2816
4127 3 2 1 1 3562 4865 2315 4469
4128 3 2 1 1 1185 1183 1212 4702
4129 3 2 1 1 1648 4891 4783 1650
4130 3 2 1 1 4832 3942 2067 4853
4131 3 2 1 1 2043 2044 4877 2042
4132 3 2 1 1 4872 3532 4803 4866
4133 3 2 1 1 3693 1755 1753 1430
4134 3 2 1 1 3084 4822 4825 3088
4135 3 2 1 1 3382 558 557 556
4136 3 2 1 1 3399 1886 1436 3398
4137 3 2 1 1 4908 3783 2062 4887
4138 3 2 1 1 4886 4471 4634 4880
4139 3 2 1 1 4735 2061 4683 4838
4140 3 2 1 1 2779 4931 3857 4850
4141 3 2 1 1 4863 4524 4856 4802
4142 3 2 1 1 2931 2932 4973 2258
4143 3 2 1 1 4743 4744 5062 3109
4144 3 2 1 1 2556 2557 2560 4869
4145 3 2 1 1 2896 4698 4547 4876
4146 3 2 1 1 2109 2111 4932 2110
4147 3 2 1 1 2647 4811 2307 4561
4148 3 2 1 1 2042 4877 4857 2064
4149 3 2 1 1 3819 4855 4521 723
4150 3 2 1 1 3574 4882 4842 3573
4151 3 2 1 1 962 963 4949 953
4152 3 2 1 1 4975 4927 4854 4039
4153 3 2 1 1 2970 2399 4890 2995
4154 3 2 1 1 4603 4919 1310 4882
4155 3 2 1 1 4852 961 4060 4899
4156 3 2 1 1 4988 4110 2832 4986
4157 3 2 1 1 4941 4910 4945 2789
4158 3 2 1 1 2737 3094 4895 4370
4159 3 2 1 1 4897 1002 3974 4894
4160 3 2 1 1 957 1002 4897 4296
4161 3 2 1 1 1435 3412 3400 1433
4162 3 2 1 1 3521 4887 4841 3519
4163 3 2 1 1 1613 4296 4132 4903
4164 3 2 1 1 2047 3783 4908 2063
4165 3 2 1 1 3519 4841 4828 3517
4166 3 2 1 1 2539 4799 2964 2537
4167 3 2 1 1 1308 4842 4882 1310
4168 3 2 1 1 709 1780 4981 4234
4169 3 2 1 1 4636 4884 922 924
4170 3 2 1 1 2827 3561 4983 2501
4171 3 2 1 1 3576 4603 4882 3574
4172 3 2 1 1 2047 2063 4900 2045
4173 3 2 1 1 1602 4471 4886 4885
4174 3 2 1 1 2811 2812 4861 4862
4175 3 2 1 1 4977 3817 2505 4928
4176 3 2 1 1 4971 1141 4632 4933
4177 3 2 1 1 4933 3631 2835 4971
4178 3 2 1 1 3543 3542 4993 3544
4179 3 2 1 1 1313 3723 4826 3719
4180 3 2 1 1 4660 4690 4893 3062
4181 3 2 1 1 4889 4891 1648 1793
4182 3 2 1 1 2322 3080 4923 3079
4183 3 2 1 1 2697 4883 2981 3609
4184 3 2 1 1 4506 4889 1793 4752
4185 3 2 1 1 3584 3585 4902 3580
4186 3 2 1 1 4322 4894 4885 2810
4187 3 2 1 1 1899 4448 4997 3773
4188 3 2 1 1 4800 1784 4652 4879
4189 3 2 1 1 1602 4885 4894 3974
4190 3 2 1 1 4986 1666 4581 4988
4191 3 2 1 1 935 937 4939 4774
4192 3 2 1 1 181 182 484 4415
4193 3 2 1 1 952 1613 4903 4586
4194 3 2 1 1 1139 1310 4919 4316
4195 3 2 1 1 2858 4906 2145 2157
4196 3 2 1 1 3184 2896 4876 4898
4197 3 2 1 1 2619 2818 4903 4132
4198 3 2 1 1 1916 2141 4896 3009
4199 3 2 1 1 4920 4901 2986 3499
4200 3 2 1 1 4774 4929 4984 1096
4201 3 2 1 1 2823 2836 5001 3096
4202 3 2 1 1 2126 2127 4862 4861
4203 3 2 1 1 3160 4875 4839 3159
4204 3 2 1 1 3871 3870 3719 4826
4205 3 2 1 1 1328 1330 4926 1728
4206 3 2 1 1 4894 4322 2814 4897
4207 3 2 1 1 3524 3525 4916 3523
4208 3 2 1 1 4900 3528 4857 4877
4209 3 2 1 1 1922 1925 5019 3684
4210 3 2 1 1 1323 4884 5002 3836
4211 3 2 1 1 711 2694 4999 4300
4212 3 2 1 1 4724 4278 2745 4913
4213 3 2 1 1 1523 4330 4586 4917
4214 3 2 1 1 4840 2806 4504 4907
4215 3 2 1 1 2399 2400 4904 4890
4216 3 2 1 1 4170 4520 4911 759
4217 3 2 1 1 4810 4787 4915 3951
4218 3 2 1 1 4873 4895 2130 2813
4219 3 2 1 1 760 920 1323 4920
4220 3 2 1 1 1014 4921 2966 3480
4221 3 2 1 1 3579 3582 4919 4603
4222 3 2 1 1 2738 4892 4905 3094
4223 3 2 1 1 1979 2130 4905 3048
4224 3 2 1 1 3755 872 4934 4859
4225 3 2 1 1 1688 2837 4991 3891
4226 3 2 1 1 5029 2803 2855 5025
4227 3 2 1 1 4978 724 721 4935
4228 3 2 1 1 4276 4914 2974 2973
4229 3 2 1 1 4939 3093 4929 4774
4230 3 2 1 1 3743 1214 5037 3744
4231 3 2 1 1 2828 2830 5081 4814
4232 3 2 1 1 3005 3099 5029 3972
4233 3 2 1 1 1477 4839 4875 1480
4234 3 2 1 1 4927 4975 4404 2371
4235 3 2 1 1 2210 2508 3620 4922
4236 3 2 1 1 2821 2819 4934 3553
4237 3 2 1 1 693 694 4924 691
4238 3 2 1 1 2300 2988 4997 4448
4239 3 2 1 1 2619 2817 4918 2818
4240 3 2 1 1 4968 5013 934 932
4241 3 2 1 1 2137 2139 4928 2505
4242 3 2 1 1 2342 3104 5049 3103
4243 3 2 1 1 4132 4296 4897 2814
4244 3 2 1 1 3817 4977 1213 4543
4245 3 2 1 1 2789 4945 2996 2365
4246 3 2 1 1 2831 3548 3549 4944
4247 3 2 1 1 4309 4942 4276 1718
4248 3 2 1 1 3161 4898 4876 3160
4249 3 2 1 1 4965 2989 3656 4943
4250 3 2 1 1 4179 4909 4937 1001
4251 3 2 1 1 736 3106 5058 2853
4252 3 2 1 1 3581 3586 4999 3583
4253 3 2 1 1 4899 4854 4927 3813
4254 3 2 1 1 2714 4506 4931 2779
4255 3 2 1 1 2788 2787 4878 3006
4256 3 2 1 1 756 2150 5018 2148
4257 3 2 1 1 4586 4903 2818 4917
4258 3 2 1 1 1181 1179 4867 4831
4259 3 2 1 1 4115 4055 5022 2855
4260 3 2 1 1 4836 4835 4552 4912
4261 3 2 1 1 1001 4939 937 939
4262 3 2 1 1 3094 4905 2130 4895
4263 3 2 1 1 2373 4110 5004 2374
4264 3 2 1 1 1028 4936 2998 4688
4265 3 2 1 1 3813 4927 2371 4678
4266 3 2 1 1 1926 2502 5019 1925
4267 3 2 1 1 4966 5011 2314 2315
4268 3 2 1 1 4968 3096 5001 5013
4269 3 2 1 1 4382 5006 4976 2653
4270 3 2 1 1 3093 2825 4764 4929
4271 3 2 1 1 3406 3407 5061 2600
4272 3 2 1 1 2700 3062 4893 4925
4273 3 2 1 1 917 4316 4953 1780
4274 3 2 1 1 2625 2810 4885 4886
4275 3 2 1 1 3528 4900 2063 4916
4276 3 2 1 1 2796 4915 4787 2794
4277 3 2 1 1 4969 2511 2110 4932
4278 3 2 1 1 3804 3803 5074 3805
4279 3 2 1 1 4947 4194 4341 5024
4280 3 2 1 1 3816 4878 2787 3815
4281 3 2 1 1 4194 4947 3102 761
4282 3 2 1 1 3136 3137 4994 4989
4283 3 2 1 1 2377 3100 5021 3099
4284 3 2 1 1 1001 4937 3093 4939
4285 3 2 1 1 3770 4982 4974 1906
4286 3 2 1 1 3581 3583 4953 3582
4287 3 2 1 1 5011 4966 5020 3095
4288 3 2 1 1 5026 2376 2653 5028
4289 3 2 1 1 2825 3093 4937 2824
4290 3 2 1 1 1622 1666 4986 4444
4291 3 2 1 1 1997 2306 2989 4965
4292 3 2 1 1 3523 4916 2063 4908
4293 3 2 1 1 4494 3098 5009 4754
4294 3 2 1 1 3499 4940 760 4920
4295 3 2 1 1 2389 4268 2864 4970
4296 3 2 1 1 4570 5008 5009 4378
4297 3 2 1 1 4316 4919 3582 4953
4298 3 2 1 1 2146 4404 4975 2836
4299 3 2 1 1 2317 3095 5020 1685
4300 3 2 1 1 3811 4964 4310 4437
4301 3 2 1 1 3834 3928 3811 3810
4302 3 2 1 1 4922 4973 2932 3533
4303 3 2 1 1 5036 3101 2380 5040
4304 3 2 1 1 2375 2838 4980 2832
4305 3 2 1 1 4972 3012 4724 4961
4306 3 2 1 1 3012 4972 4980 2838
4307 3 2 1 1 4196 5032 2680 1459
4308 3 2 1 1 2604 4080 4988 4581
4309 3 2 1 1 3030 3101 5035 4604
4310 3 2 1 1 3833 1049 4881 5016
4311 3 2 1 1 3944 4974 2835 2834
4312 3 2 1 1 932 930 960 4968
4313 3 2 1 1 2152 3103 5048 4099
4314 3 2 1 1 1564 2844 5041 4164
4315 3 2 1 1 2605 2297 2969 4979
4316 3 2 1 1 1551 1689 5006 4382
4317 3 2 1 1 3069 3070 4208 4976
4318 3 2 1 1 735 726 724 4978
4319 3 2 1 1 5075 4675 2846 5030
4320 3 2 1 1 2859 4966 2315 4865
4321 3 2 1 1 169 170 3542 459
4322 3 2 1 1 3096 5027 2857 2823
4323 3 2 1 1 1854 3097 5014 3098
4324 3 2 1 1 1088 3830 4982 3770
4325 3 2 1 1 1850 1855 5036 1690
4326 3 2 1 1 5043 5068 1687 2156
4327 3 2 1 1 5053 4232 4257 5047
4328 3 2 1 1 3988 1213 4977 4434
4329 3 2 1 1 4265 1321 5044 4266
4330 3 2 1 1 1210 1208 5031 1214
4331 3 2 1 1 1679 4938 4933 4632
4332 3 2 1 1 3055 3056 5053 4496
4333 3 2 1 1 4084 4405 5045 4085
4334 3 2 1 1 708 4234 4981 2694
4335 3 2 1 1 5051 739 4231 5052
4336 3 2 1 1 1141 4971 4982 3830
4337 3 2 1 1 1835 5073 4989 2252
4338 3 2 1 1 5052 3056 2849 5051
4339 3 2 1 1 589 739 5054 588
4340 3 2 1 1 5056 2690 2155 5057
4341 3 2 1 1 1851 2501 4983 2831
4342 3 2 1 1 5067 3946 2847 566
4343 3 2 1 1 3136 4989 5073 3611
4344 3 2 1 1 2841 2839 3069 4987
4345 3 2 1 1 4110 4988 4080 5004
4346 3 2 1 1 578 2853 5059 4236
4347 3 2 1 1 5034 2841 4987 5007
4348 3 2 1 1 4929 4764 2833 4984
4349 3 2 1 1 4718 4941 2789 4789
4350 3 2 1 1 1207 5003 1205 1203
4351 3 2 1 1 5064 3041 2854 5065
4352 3 2 1 1 565 566 5069 563
4353 3 2 1 1 2852 3402 5071 2851
4354 3 2 1 1 1523 4917 2818 4918
4355 3 2 1 1 569 751 5067 567
4356 3 2 1 1 5070 5015 5071 774
4357 3 2 1 1 1850 3885 5039 1855
4358 3 2 1 1 5031 5003 4998 3105
4359 3 2 1 1 963 1469 4985 4949
4360 3 2 1 1 3631 4933 4938 2826
4361 3 2 1 1 2834 4985 1469 3944
4362 3 2 1 1 1207 4662 3891 4991
4363 3 2 1 1 286 287 3546 4930
4364 3 2 1 1 5007 4063 3034 5034
4365 3 2 1 1 883 4997 2988 3903
4366 3 2 1 1 3098 5014 4378 5009
4367 3 2 1 1 4984 2833 2842 5005
4368 3 2 1 1 3417 2485 1903 5000
4369 3 2 1 1 5028 3102 4947 5026
4370 3 2 1 1 2568 5083 3805 5074
4371 3 2 1 1 3105 4998 3561 2827
4372 3 2 1 1 5046 2324 3010 5050
4373 3 2 1 1 5006 1689 5007 4987
4374 3 2 1 1 3548 2314 5011 3549
4375 3 2 1 1 178 179 4779 494
4376 3 2 1 1 4884 4636 1998 5002
4377 3 2 1 1 5041 4062 2324 5046
4378 3 2 1 1 4079 4081 5004 4080
4379 3 2 1 1 5066 5033 4485 2381
4380 3 2 1 1 4987 3069 4976 5006
4381 3 2 1 1 5024 3100 5026 4947
4382 3 2 1 1 3095 5017 3549 5011
4383 3 2 1 1 1960 2374 5008 4570
4384 3 2 1 1 4971 2835 4974 4982
4385 3 2 1 1 5010 1691 4313 5055
4386 3 2 1 1 5056 3107 5010 5012
4387 3 2 1 1 2860 4187 4343 5012
4388 3 2 1 1 1689 1553 4063 5007
4389 3 2 1 1 2653 4976 4208 5028
4390 3 2 1 1 1854 2372 5022 3097
4391 3 2 1 1 5012 4343 2690 5056
4392 3 2 1 1 3826 2388 4814 5081
4393 3 2 1 1 3107 4141 1691 5010
4394 3 2 1 1 5055 2860 5012 5010
4395 3 2 1 1 4377 4378 5014 2150
4396 3 2 1 1 5043 5066 2381 4726
4397 3 2 1 1 4966 2859 5038 5020
4398 3 2 1 1 4723 2861 5080 5079
4399 3 2 1 1 4119 3041 5064 4120
4400 3 2 1 1 4120 5060 5059 4174
4401 3 2 1 1 3744 5037 2845 5033
4402 3 2 1 1 4237 5015 3108 2848
4403 3 2 1 1 4039 5001 2836 4975
4404 3 2 1 1 4754 5009 5008 4081
4405 3 2 1 1 2859 2857 5027 5038
4406 3 2 1 1 774 559 561 5070
4407 3 2 1 1 936 934 5013 1029
4408 3 2 1 1 3099 5021 2803 5029
4409 3 2 1 1 5038 4569 1685 5020
4410 3 2 1 1 3977 2148 5018 4055
4411 3 2 1 1 4039 1029 5013 5001
4412 3 2 1 1 2486 5019 2502 3639
4413 3 2 1 1 3507 3417 5016 4881
4414 3 2 1 1 4991 4998 5003 1207
4415 3 2 1 1 4444 4986 2832 4980
4416 3 2 1 1 3810 3833 5016 3834
4417 3 2 1 1 170 171 4993 3542
4418 3 2 1 1 865 2803 5021 1962
4419 3 2 1 1 3095 2317 3008 5017
4420 3 2 1 1 3100 5024 1962 5021
4421 3 2 1 1 632 1962 5024 4341
4422 3 2 1 1 2151 4485 5033 2845
4423 3 2 1 1 3618 3617 4675 5075
4424 3 2 1 1 1853 3948 5025 2372
4425 3 2 1 1 3583 4999 2694 4981
4426 3 2 1 1 3766 4171 1034 5085
4427 3 2 1 1 3100 2377 2376 5026
4428 3 2 1 1 3411 1102 1093 5082
4429 3 2 1 1 2374 5004 4081 5008
4430 3 2 1 1 5066 5043 2156 3979
4431 3 2 1 1 1953 3102 5028 4208
4432 3 2 1 1 2656 4604 5035 4432
4433 3 2 1 1 5025 3948 3972 5029
4434 3 2 1 1 1754 1431 1430 1753
4435 3 2 1 1 2943 2941 2263 2942
4436 3 2 1 1 5063 555 556 557
4437 3 2 1 1 2246 3369 3368 3367
4438 3 2 1 1 2827 2845 5037 3105
4439 3 2 1 1 765 775 5079 4407
4440 3 2 1 1 5003 5031 1208 1205
4441 3 2 1 1 2682 2680 5032 2815
4442 3 2 1 1 2855 5022 2372 5025
4443 3 2 1 1 1855 5039 4432 5035
4444 3 2 1 1 5040 2844 1690 5036
4445 3 2 1 1 2149 3109 5030 2846
4446 3 2 1 1 3875 5042 2815 5032
4447 3 2 1 1 1806 4062 5040 2380
4448 3 2 1 1 1077 3478 2862 5086
4449 3 2 1 1 1435 1433 1355 1434
4450 3 2 1 1 1359 1357 1356 1358
4451 3 2 1 1 1358 1356 1433 3400
4452 3 2 1 1 3104 5047 1808 5049
4453 3 2 1 1 5046 2843 4164 5041
4454 3 2 1 1 5050 2856 2843 5046
4455 3 2 1 1 3864 2815 5042 3865
4456 3 2 1 1 5075 5030 5072 2147
4457 3 2 1 1 1561 1808 5047 4257
4458 3 2 1 1 4944 3549 5017 5023
4459 3 2 1 1 1807 2383 5049 1808
4460 3 2 1 1 177 178 494 4995
4461 3 2 1 1 4569 5038 5027 960
4462 3 2 1 1 2378 2850 5051 2849
4463 3 2 1 1 2693 4232 5052 4231
4464 3 2 1 1 5047 3104 4496 5053
4465 3 2 1 1 1776 1687 5068 2147
4466 3 2 1 1 5085 5086 3765 3766
4467 3 2 1 1 5057 3106 3107 5056
4468 3 2 1 1 285 286 4930 391
4469 3 2 1 1 3106 5057 2379 5058
4470 3 2 1 1 1857 2379 5057 2155
4471 3 2 1 1 4173 4174 5058 2379
4472 3 2 1 1 4120 5064 4217 5060
4473 3 2 1 1 4770 5023 5017 3008
4474 3 2 1 1 5068 5043 4726 3618
4475 3 2 1 1 571 1692 5060 4217
4476 3 2 1 1 4236 5059 5060 1692
4477 3 2 1 1 559 774 5063 557
4478 3 2 1 1 2382 3946 5065 2854
4479 3 2 1 1 5065 751 4217 5064
4480 3 2 1 1 2844 5040 4062 5041
4481 3 2 1 1 565 567 5067 566
4482 3 2 1 1 5086 5085 1056 1077
4483 3 2 1 1 3082 5078 2387 2386
4484 3 2 1 1 5015 4237 2851 5071
4485 3 2 1 1 5076 5077 5062 4744
4486 3 2 1 1 2560 2568 5074 4869
4487 3 2 1 1 2147 5072 2366 1776
4488 3 2 1 1 1214 5031 3105 5037
4489 3 2 1 1 3103 5049 2383 5048
4490 3 2 1 1 3096 4968 960 5027
4491 3 2 1 1 5033 5066 3979 3744
4492 3 2 1 1 3803 3806 4869 5074
4493 3 2 1 1 1728 3611 5073 4488
4494 3 2 1 1 2600 5061 3404 4778
4495 3 2 1 1 3097 5022 4055 5018
4496 3 2 1 1 739 5051 2850 5054
4497 3 2 1 1 3056 5052 4232 5053
4498 3 2 1 1 228 229 4946 436
4499 3 2 1 1 259 260 4960 490
4500 3 2 1 1 3111 5076 4744 768
4501 3 2 1 1 257 258 4967 441
4502 3 2 1 1 261 262 4951 377
4503 3 2 1 1 250 251 442 4948
4504 3 2 1 1 272 273 384 4954
4505 3 2 1 1 231 232 406 4963
4506 3 2 1 1 282 283 4957 447
4507 3 2 1 1 2853 5058 4174 5059
4508 3 2 1 1 284 285 391 4952
4509 3 2 1 1 245 246 4956 4959
4510 3 2 1 1 256 257 441 4958
4511 3 2 1 1 283 284 4952 4957
4512 3 2 1 1 5084 4253 4184 5088
4513 3 2 1 1 255 256 4958 4955
4514 3 2 1 1 5084 5088 4970 3110
4515 3 2 1 1 3402 5063 774 5071
4516 3 2 1 1 247 248 4962 372
4517 3 2 1 1 230 231 4963 493
4518 3 2 1 1 244 245 4959 446
4519 3 2 1 1 751 5065 3946 5067
4520 3 2 1 1 246 247 372 4956
4521 3 2 1 1 229 230 493 4946
4522 3 2 1 1 253 254 375 4950
4523 3 2 1 1 258 259 490 4967
4524 3 2 1 1 4432 5039 5034 3034
4525 3 2 1 1 248 249 492 4962
4526 3 2 1 1 2841 5034 5039 3885
4527 3 2 1 1 249 250 4948 492
4528 3 2 1 1 3082 4780 2366 5077
4529 3 2 1 1 2847 3108 5069 566
4530 3 2 1 1 254 255 4955 375
4531 3 2 1 1 260 261 377 4960
4532 3 2 1 1 3010 4266 5045 5050
4533 3 2 1 1 2383 4085 5044 5048
4534 3 2 1 1 2860 5055 5054 2850
4535 3 2 1 1 588 5054 5055 4313
4536 3 2 1 1 4806 4807 5090 4512
4537 3 2 1 1 5079 5080 3111 4407
4538 3 2 1 1 5077 5076 5078 3082
4539 3 2 1 1 5062 5072 5030 3109
4540 3 2 1 1 563 5069 5070 561
4541 3 2 1 1 5069 3108 5015 5070
4542 3 2 1 1 1076 4807 3479 5087
4543 3 2 1 1 5080 5078 5076 3111
4544 3 2 1 1 1390 3826 5081 3827
4545 3 2 1 1 4405 2856 5050 5045
4546 3 2 1 1 1321 4099 5048 5044
4547 3 2 1 1 4723 5079 775 3728
4548 3 2 1 1 165 166 467 4990
4549 3 2 1 1 5078 5080 2861 2387
4550 3 2 1 1 176 177 4995 405
4551 3 2 1 1 171 172 418 4993
4552 3 2 1 1 175 176 405 4992
4553 3 2 1 1 164 165 4990 517
4554 3 2 1 1 174 175 4992 495
4555 3 2 1 1 173 174 495 4996
4556 3 2 1 1 172 173 4996 418
4557 3 2 1 1 3618 5075 2147 5068
4558 3 2 1 1 5072 5062 5077 2366
4559 3 2 1 1 1091 1101 5082 1093
4560 3 2 1 1 2568 4510 4512 5083
4561 3 2 1 1 1035 1056 5085 1034
4562 3 2 1 1 1265 1267 4253 5084
4563 3 2 1 1 3628 3397 1365 5091
4564 3 2 1 1 3764 3765 5086 2862
4565 3 2 1 1 3628 5091 1361 3401
4566 3 2 1 1 2599 3478 5087 3479
4567 3 2 1 1 4970 5088 4184 2389
4568 3 2 1 1 3804 3805 5090 4830
4569 3 2 1 1 3112 5089 4970 2864
4570 3 2 1 1 3390 1354 1356 1357
4571 3 2 1 1 1364 1362 5091 1365
4572 3 2 1 1 3805 5083 4512 5090
4573 3 2 1 1 1360 1361 5091 1362
4574 3 2 1 1 2941 2940 2262 2263
4575 3 2 1 1 1436 554 553 555
4576 3 2 1 1 3375 3367 3207 2479
4577 3 2 1 1 1431 1429 1307 1430
4578 3 2 1 1 3349 3231 2415 2468
4579 3 2 1 1 1433 1356 1354 1355
4580 3 2 1 1 4177 4346 3391 5092
4581 3 2 1 1 555 553 5094 556
4582 3 2 1 1 3395 2263 2262 1841
4583 3 2 1 1 3208 3180 2200 2875
4584 3 2 1 1 3384 2875 2479 3207
4585 3 2 1 1 1263 1261 5093 1264
4586 3 2 1 1 3534 1355 1354 1352
4587 3 2 1 1 3383 2468 2415 1883
4588 3 2 1 1 554 551 552 553
4589 3 2 1 1 1429 552 550 1307
4590 3 2 1 1 2407 2163 1841 2262
4591 3 2 1 1 3373 2480 1883 1708
4592 3 2 1 1 3390 1353 1352 1354
4593 3 2 1 1 1429 5094 553 552
4594 3 2 1 1 3378 3115 2224 5095
4595 3 2 1 1 1892 2955 5097 1893
4596 3 2 1 1 1262 5089 3112 5096
4597 3 2 1 1 5095 2224 1893 5097
4598 3 2 1 1 2875 2200 1758 2479
4599 3 2 1 1 2246 1831 1841 2163
4600 3 2 1 1 3373 1350 1352 1353
4601 3 2 1 1 2415 1876 1708 1883
4602 3 2 1 1 3978 5098 3381 2267
4603 3 2 1 1 1307 550 548 3389
4604 3 2 1 1 3395 1841 1831 1710
4605 3 2 1 1 552 551 549 550
4606 3 2 1 1 3534 1352 1350 1351
4607 3 2 1 1 1357 1432 5099 3390
4608 3 2 1 1 1455 1745 5099 1432
4609 3 2 1 1 3375 1709 1710 1831
4610 3 2 1 1 2200 1834 1427 1758
4611 3 2 1 1 1708 1349 1350 3373
4612 3 2 1 1 1876 1707 1349 1708
4613 3 2 1 1 3372 5099 1745 2266
4614 3 2 1 1 550 549 547 548
4615 3 2 1 1 3389 548 546 3377
4616 3 2 1 1 3374 1710 1709 1426
4617 3 2 1 1 1351 1350 1349 1348
4618 3 2 1 1 1297 1255 1258 5102
4619 3 2 1 1 5102 3112 2863 5103
4620 3 2 1 1 5102 5103 5100 1297
4621 3 2 1 1 2865 5100 5103 4290
4622 3 2 1 1 4035 356 357 460
4623 3 2 1 1 4281 420 359 360
4624 3 2 1 1 3112 5102 1258 5096
4625 3 2 1 1 2425 4290 5103 2863
4626 3 2 1 1 3350 2926 3199 3311
4627 3 2 1 1 3361 545 547 880
4628 3 2 1 1 1758 1427 1426 1709
4629 3 2 1 1 541 3360 1421 544
4630 3 2 1 1 1834 3366 1425 1427
4631 3 2 1 1 366 367 5101 463
4632 3 2 1 1 367 368 512 5101
4633 3 2 1 1 1707 1347 1348 1349
4634 3 2 1 1 3377 546 544 1421
4635 3 2 1 1 548 547 545 546
4636 3 2 1 1 3361 3374 1426 1424
4637 3 2 1 1 3376 1348 1347 1346
4638 3 2 1 1 3350 1428 1345 3307
4639 3 2 1 1 3356 3242 2874 2414
4640 3 2 1 1 3199 2926 2456 2874
4641 3 2 1 1 1427 1425 1424 1426
4642 3 2 1 1 3376 1346 1345 1428
4643 3 2 1 1 546 545 543 544
4644 3 2 1 1 1250 1251 5106 1703
4645 3 2 1 1 4165 5104 2290 1830
4646 3 2 1 1 1436 1886 5105 554
4647 3 2 1 1 5107 5106 1297 5100
4648 3 2 1 1 1252 1253 5106 1251
4649 3 2 1 1 549 551 554 5105
4650 3 2 1 1 1255 1297 5106 1253
4651 3 2 1 1 5100 2865 2866 5107
4652 3 2 1 1 2874 2456 1816 2414
4653 3 2 1 1 1425 542 543 1424
4654 3 2 1 1 416 5108 3127 3297
4655 3 2 1 1 1346 1344 1342 1345
4656 3 2 1 1 3398 4334 5109 3399
4657 3 2 1 1 333 334 5110 479
4658 3 2 1 1 5104 5109 4334 2290
4659 3 2 1 1 429 5110 334 335
4660 3 2 1 1 544 543 542 541
4661 3 2 1 1 2942 3359 5112 2943
4662 3 2 1 1 4203 3166 3139 2442
4663 3 2 1 1 1258 5115 5117 1259
4664 3 2 1 1 5144 1282 1284 1285
4665 3 2 1 1 2288 2477 5121 2881
4666 3 2 1 1 2407 2262 2940 5114
4667 3 2 1 1 1859 3262 5347 1747
4668 3 2 1 1 2414 2169 2878 3356
4669 3 2 1 1 1279 1277 1276 1278
4670 3 2 1 1 2251 3172 5118 2900
4671 3 2 1 1 4358 390 86 87
4672 3 2 1 1 3674 126 127 371
4673 3 2 1 1 5135 17 18 410
4674 3 2 1 1 466 3348 23 24
4675 3 2 1 1 3304 468 42 43
4676 3 2 1 1 470 3337 33 34
4677 3 2 1 1 411 51 52 3301
4678 3 2 1 1 5339 3229 3118 3117
4679 3 2 1 1 2932 2931 5134 3292
4680 3 2 1 1 1342 1341 1816 3351
4681 3 2 1 1 2414 1816 1696 2169
4682 3 2 1 1 34 35 3336 470
4683 3 2 1 1 36 37 3333 415
4684 3 2 1 1 38 39 3332 469
4685 3 2 1 1 40 41 3330 421
4686 3 2 1 1 270 271 5141 444
4687 3 2 1 1 3045 3210 5120 4298
4688 3 2 1 1 43 44 417 3304
4689 3 2 1 1 1247 5130 3119 1246
4690 3 2 1 1 22 425 5113 21
4691 3 2 1 1 2873 1280 1279 1281
4692 3 2 1 1 472 518 55 56
4693 3 2 1 1 5190 3360 540 2470
4694 3 2 1 1 2412 3178 5316 3315
4695 3 2 1 1 3337 413 32 33
4696 3 2 1 1 1249 1250 5130 1247
4697 3 2 1 1 1867 1869 2215 2214
4698 3 2 1 1 1277 3317 5283 1275
4699 3 2 1 1 21 5113 503 20
4700 3 2 1 1 2478 3364 5190 3302
4701 3 2 1 1 1859 5145 2927 3260
4702 3 2 1 1 251 252 5147 442
4703 3 2 1 1 3121 5158 1860 5119
4704 3 2 1 1 5300 3180 3208 5138
4705 3 2 1 1 4954 5141 271 272
4706 3 2 1 1 1723 5176 1757 1717
4707 3 2 1 1 24 25 3323 466
4708 3 2 1 1 1271 4203 2442 1276
4709 3 2 1 1 3151 5162 5532 5201
4710 3 2 1 1 3502 5204 5122 498
4711 3 2 1 1 62 63 498 5122
4712 3 2 1 1 63 64 5123 498
4713 3 2 1 1 64 65 403 5123
4714 3 2 1 1 65 66 5124 403
4715 3 2 1 1 66 67 499 5124
4716 3 2 1 1 70 71 5125 400
4717 3 2 1 1 71 72 500 5125
4718 3 2 1 1 232 233 5159 406
4719 3 2 1 1 72 73 5126 500
4720 3 2 1 1 538 2469 2470 540
4721 3 2 1 1 31 32 413 3314
4722 3 2 1 1 3710 3711 5572 458
4723 3 2 1 1 101 102 5127 452
4724 3 2 1 1 102 103 502 5127
4725 3 2 1 1 1250 1703 5149 5130
4726 3 2 1 1 103 104 5128 502
4727 3 2 1 1 104 105 379 5128
4728 3 2 1 1 108 109 5131 453
4729 3 2 1 1 109 110 504 5131
4730 3 2 1 1 110 111 5132 504
4731 3 2 1 1 111 112 376 5132
4732 3 2 1 1 117 5133 454 116
4733 3 2 1 1 118 505 5133 117
4734 3 2 1 1 5353 5495 5124 499
4735 3 2 1 1 5389 5417 452 5127
4736 3 2 1 1 131 5136 456 130
4737 3 2 1 1 132 507 5136 131
4738 3 2 1 1 133 5137 507 132
4739 3 2 1 1 134 378 5137 133
4740 3 2 1 1 61 62 5122 433
4741 3 2 1 1 146 147 508 5139
4742 3 2 1 1 236 237 5163 396
4743 3 2 1 1 2914 4003 5164 4002
4744 3 2 1 1 152 153 5142 509
4745 3 2 1 1 153 154 426 5142
4746 3 2 1 1 159 5143 462 158
4747 3 2 1 1 160 510 5143 159
4748 3 2 1 1 3905 3906 5544 5205
4749 3 2 1 1 2225 4460 5166 4734
4750 3 2 1 1 2885 2883 5167 3251
4751 3 2 1 1 262 263 5169 4951
4752 3 2 1 1 137 457 5146 136
4753 3 2 1 1 3234 5196 1301 1732
4754 3 2 1 1 407 1422 520 519
4755 3 2 1 1 1246 1245 1248 1247
4756 3 2 1 1 2936 2937 5171 3192
4757 3 2 1 1 2203 1723 1751 1823
4758 3 2 1 1 288 289 5172 485
4759 3 2 1 1 2936 4181 5173 2935
4760 3 2 1 1 4950 5147 252 253
4761 3 2 1 1 2469 2471 2472 2470
4762 3 2 1 1 2866 2867 5194 5170
4763 3 2 1 1 3961 3962 5175 3963
4764 3 2 1 1 4946 493 5178 5558
4765 3 2 1 1 3237 5148 2947 3085
4766 3 2 1 1 326 327 5181 3352
4767 3 2 1 1 382 5454 5431 3209
4768 3 2 1 1 3244 2916 2917 5150
4769 3 2 1 1 5106 5107 5149 1703
4770 3 2 1 1 501 3998 3999 5180
4771 3 2 1 1 541 542 5186 539
4772 3 2 1 1 3239 5152 2921 2735
4773 3 2 1 1 3246 4264 2270 5153
4774 3 2 1 1 25 26 423 3323
4775 3 2 1 1 5514 3306 5342 4151
4776 3 2 1 1 2706 3213 5155 4555
4777 3 2 1 1 2471 2473 2475 2472
4778 3 2 1 1 371 127 128 5154
4779 3 2 1 1 2473 3117 3118 2475
4780 3 2 1 1 1261 1260 2447 5093
4781 3 2 1 1 519 520 522 521
4782 3 2 1 1 5431 5157 2466 3209
4783 3 2 1 1 3124 3122 5194 3125
4784 3 2 1 1 1816 1341 1304 1696
4785 3 2 1 1 536 2923 5269 5111
4786 3 2 1 1 234 235 5199 491
4787 3 2 1 1 491 5159 233 234
4788 3 2 1 1 2753 3225 5480 5156
4789 3 2 1 1 3244 5150 488 5526
4790 3 2 1 1 3501 3589 5204 3502
4791 3 2 1 1 432 5259 3131 5181
4792 3 2 1 1 3360 541 539 540
4793 3 2 1 1 451 5501 5480 3225
4794 3 2 1 1 26 27 5140 423
4795 3 2 1 1 303 483 5214 302
4796 3 2 1 1 5397 5389 5127 502
4797 3 2 1 1 5306 387 5455 3712
4798 3 2 1 1 539 5186 2923 537
4799 3 2 1 1 1343 1305 1341 1342
4800 3 2 1 1 2423 2422 5514 4151
4801 3 2 1 1 1259 1272 2447 1260
4802 3 2 1 1 3365 3302 2472 2475
4803 3 2 1 1 293 294 5218 3645
4804 3 2 1 1 5107 2866 5170 5149
4805 3 2 1 1 3732 3730 5221 3733
4806 3 2 1 1 4904 5184 5284 3174
4807 3 2 1 1 3127 5108 5222 4250
4808 3 2 1 1 3227 3240 5161 2476
4809 3 2 1 1 3321 5209 90 91
4810 3 2 1 1 3250 5340 434 5552
4811 3 2 1 1 5196 1295 1299 1301
4812 3 2 1 1 489 5163 237 238
4813 3 2 1 1 4357 2876 4002 5164
4814 3 2 1 1 1732 1301 1302 1731
4815 3 2 1 1 3277 3274 2712 5231
4816 3 2 1 1 462 3931 3932 5485
4817 3 2 1 1 3786 2933 4734 5166
4818 3 2 1 1 2415 3231 5443 3279
4819 3 2 1 1 2446 5278 5475 3310
4820 3 2 1 1 5121 5167 2883 2881
4821 3 2 1 1 3124 5177 411 5302
4822 3 2 1 1 445 5169 263 264
4823 3 2 1 1 5387 5397 502 5128
4824 3 2 1 1 1699 3119 5170 3120
4825 3 2 1 1 3330 3331 5305 421
4826 3 2 1 1 5508 3203 3202 3201
4827 3 2 1 1 3253 3313 5301 3254
4828 3 2 1 1 1740 2220 2221 2178
4829 3 2 1 1 4160 5171 2937 4161
4830 3 2 1 1 395 5172 289 290
4831 3 2 1 1 4269 2912 5246 4270
4832 3 2 1 1 419 3439 5315 5207
4833 3 2 1 1 3304 417 5342 3306
4834 3 2 1 1 2909 5264 3277 5231
4835 3 2 1 1 5482 455 5534 3195
4836 3 2 1 1 2440 2935 5173 3188
4837 3 2 1 1 1717 1716 1751 1723
4838 3 2 1 1 14 427 5165 13
4839 3 2 1 1 344 345 5312 5200
4840 3 2 1 1 1259 5117 2449 1272
4841 3 2 1 1 3641 2908 5444 3643
4842 3 2 1 1 52 53 3295 465
4843 3 2 1 1 4554 4553 3963 5175
4844 3 2 1 1 355 497 5254 354
4845 3 2 1 1 1267 1269 5208 1268
4846 3 2 1 1 5453 1762 1761 1760
4847 3 2 1 1 2457 1873 1757 5176
4848 3 2 1 1 5130 5149 5170 3119
4849 3 2 1 1 1268 5208 3166 4203
4850 3 2 1 1 331 332 5258 431
4851 3 2 1 1 1731 1302 1305 5191
4852 3 2 1 1 489 5474 3267 3659
4853 3 2 1 1 4576 5180 3999 4575
4854 3 2 1 1 3244 299 300 5257
4855 3 2 1 1 3165 3151 5201 3187
4856 3 2 1 1 2220 2435 2436 2221
4857 3 2 1 1 51 411 5177 50
4858 3 2 1 1 2400 3785 5184 4904
4859 3 2 1 1 2878 3357 5276 3356
4860 3 2 1 1 16 511 5210 15
4861 3 2 1 1 5213 384 5544 3906
4862 3 2 1 1 3366 5186 542 1425
4863 3 2 1 1 83 84 5244 449
4864 3 2 1 1 3670 5154 5267 3672
4865 3 2 1 1 523 524 526 525
4866 3 2 1 1 2199 2432 3193 3191
4867 3 2 1 1 445 5488 3265 3347
4868 3 2 1 1 1240 528 2397 1241
4869 3 2 1 1 3274 3277 5348 480
4870 3 2 1 1 12 5179 461 11
4871 3 2 1 1 3860 5189 4299 2934
4872 3 2 1 1 3328 3336 415 5447
4873 3 2 1 1 3364 1421 3360 5190
4874 3 2 1 1 120 374 5252 119
4875 3 2 1 1 3262 3331 3305 5347
4876 3 2 1 1 2468 3383 2948 5192
4877 3 2 1 1 3292 5134 5210 511
4878 3 2 1 1 27 28 5250 5140
4879 3 2 1 1 5170 5194 3122 3120
4880 3 2 1 1 424 5195 311 312
4881 3 2 1 1 5562 5531 5161 3240
4882 3 2 1 1 1882 2462 5281 1881
4883 3 2 1 1 5546 2930 5304 3438
4884 3 2 1 1 3976 2929 4358 5197
4885 3 2 1 1 396 5199 235 236
4886 3 2 1 1 343 344 5200 412
4887 3 2 1 1 11 461 5188 10
4888 3 2 1 1 5414 5387 5128 379
4889 3 2 1 1 3268 1865 1866 1867
4890 3 2 1 1 1247 1248 1256 1249
4891 3 2 1 1 5244 5236 5164 4003
4892 3 2 1 1 3665 3195 5534 506
4893 3 2 1 1 432 5181 327 328
4894 3 2 1 1 5167 5121 5277 420
4895 3 2 1 1 2922 2212 2411 2412
4896 3 2 1 1 443 5205 275 276
4897 3 2 1 1 130 456 5267 129
4898 3 2 1 1 3712 5455 5572 3711
4899 3 2 1 1 5179 4430 3051 5282
4900 3 2 1 1 5093 5245 1266 1264
4901 3 2 1 1 1287 1285 1284 1286
4902 3 2 1 1 1420 1300 5283 2222
4903 3 2 1 1 2922 5247 5540 3329
4904 3 2 1 1 3431 419 5207 3432
4905 3 2 1 1 400 5206 69 70
4906 3 2 1 1 2436 3151 3165 3150
4907 3 2 1 1 485 3256 3200 5517
4908 3 2 1 1 75 76 5271 398
4909 3 2 1 1 348 349 5287 480
4910 3 2 1 1 4553 4554 5288 4551
4911 3 2 1 1 3265 266 267 5289
4912 3 2 1 1 3906 3904 2904 5213
4913 3 2 1 1 2471 2469 5548 3285
4914 3 2 1 1 401 301 302 5214
4915 3 2 1 1 1243 5220 1248 1245
4916 3 2 1 1 427 14 15 5210
4917 3 2 1 1 4420 4421 5323 4419
4918 3 2 1 1 5437 516 5358 4182
4919 3 2 1 1 1834 2200 3180 5215
4920 3 2 1 1 89 90 5209 450
4921 3 2 1 1 3267 240 241 5295
4922 3 2 1 1 3125 5194 2867 5222
4923 3 2 1 1 5279 3909 2918 5297
4924 3 2 1 1 508 5299 3705 3704
4925 3 2 1 1 2491 3147 5519 3171
4926 3 2 1 1 13 5165 5179 12
4927 3 2 1 1 1254 1257 5116 5115
4928 3 2 1 1 3990 3992 5491 3991
4929 3 2 1 1 399 5218 294 295
4930 3 2 1 1 3154 3155 5505 3156
4931 3 2 1 1 2447 3224 5245 5093
4932 3 2 1 1 5497 3296 5342 417
4933 3 2 1 1 2165 2908 5303 2702
4934 3 2 1 1 3315 413 3337 5247
4935 3 2 1 1 3737 5221 3730 3731
4936 3 2 1 1 2429 4250 5222 2867
4937 3 2 1 1 4626 5223 3215 2879
4938 3 2 1 1 4418 4419 5306 4417
4939 3 2 1 1 2460 4791 5306 3712
4940 3 2 1 1 2228 5224 3616 3863
4941 3 2 1 1 2925 2944 5483 2924
4942 3 2 1 1 1254 1252 5307 1257
4943 3 2 1 1 540 539 537 538
4944 3 2 1 1 1276 2442 2443 1278
4945 3 2 1 1 4994 5226 3638 2880
4946 3 2 1 1 441 3658 3184 5461
4947 3 2 1 1 4757 5227 3650 2889
4948 3 2 1 1 3236 5521 48 49
4949 3 2 1 1 67 68 5293 499
4950 3 2 1 1 3322 2215 2216 2218
4951 3 2 1 1 4558 5229 3220 2890
4952 3 2 1 1 4948 5118 3172 5486
4953 3 2 1 1 4291 5230 3221 3142
4954 3 2 1 1 144 5225 458 143
4955 3 2 1 1 5223 4626 3343 5377
4956 3 2 1 1 2518 5232 2892 2520
4957 3 2 1 1 1714 1287 1288 3338
4958 3 2 1 1 5383 3543 3544 5384
4959 3 2 1 1 5215 5269 3366 1834
4960 3 2 1 1 2524 5233 2893 2526
4961 3 2 1 1 4357 5164 5236 390
4962 3 2 1 1 2530 5234 2894 2532
4963 3 2 1 1 398 5317 4068 4071
4964 3 2 1 1 4575 4067 5317 4576
4965 3 2 1 1 5126 5493 5563 500
4966 3 2 1 1 4963 3345 3346 5466
4967 3 2 1 1 5234 5235 3852 2894
4968 3 2 1 1 3616 5388 5390 3217
4969 3 2 1 1 3217 5390 5392 3216
4970 3 2 1 1 44 45 5497 417
4971 3 2 1 1 3216 5392 5393 4684
4972 3 2 1 1 146 394 5296 145
4973 3 2 1 1 4684 5393 5394 3181
4974 3 2 1 1 462 5322 3933 3931
4975 3 2 1 1 3181 5394 5395 3133
4976 3 2 1 1 3133 5395 5396 4768
4977 3 2 1 1 4768 5396 5398 3134
4978 3 2 1 1 3134 5398 5399 3135
4979 3 2 1 1 2390 2915 3164 2404
4980 3 2 1 1 3135 5399 5400 3137
4981 3 2 1 1 3186 1292 1290 1293
4982 3 2 1 1 5226 4994 3137 5400
4983 3 2 1 1 4957 3183 3182 5460
4984 3 2 1 1 422 5250 28 29
4985 3 2 1 1 85 86 390 5236
4986 3 2 1 1 268 269 5527 5242
4987 3 2 1 1 5328 5336 59 60
4988 3 2 1 1 1872 2390 2404 1875
4989 3 2 1 1 5409 439 3595 5410
4990 3 2 1 1 107 108 453 5239
4991 3 2 1 1 462 5143 5530 5322
4992 3 2 1 1 3709 5225 5296 3708
4993 3 2 1 1 2474 3285 5360 3286
4994 3 2 1 1 5277 4439 357 358
4995 3 2 1 1 532 530 5211 1706
4996 3 2 1 1 2872 5174 5513 3152
4997 3 2 1 1 3263 2218 2409 2467
4998 3 2 1 1 2204 2444 5248 1882
4999 3 2 1 1 2466 5157 5417 3179
5000 3 2 1 1 443 5372 3271 3298
5001 3 2 1 1 5419 486 3602 5420
5002 3 2 1 1 5420 3602 392 5421
5003 3 2 1 1 149 150 402 5240
5004 3 2 1 1 5421 392 3476 5422
5005 3 2 1 1 3271 278 279 5338
5006 3 2 1 1 5422 3476 482 5423
5007 3 2 1 1 3324 318 319 5340
5008 3 2 1 1 5423 482 3451 5425
5009 3 2 1 1 5425 3451 404 5426
5010 3 2 1 1 5426 404 3452 5427
5011 3 2 1 1 2449 2448 2447 1272
5012 3 2 1 1 4421 138 139 5323
5013 3 2 1 1 2594 3267 5295 3266
5014 3 2 1 1 3332 5255 3334 469
5015 3 2 1 1 3895 3257 5341 2202
5016 3 2 1 1 3283 5253 1249 1256
5017 3 2 1 1 2426 4151 5342 3126
5018 3 2 1 1 3436 477 5473 3368
5019 3 2 1 1 5235 5234 5416 3592
5020 3 2 1 1 2476 5161 5516 4047
5021 3 2 1 1 363 364 5344 437
5022 3 2 1 1 4140 5246 2912 4138
5023 3 2 1 1 4957 4952 5465 3183
5024 3 2 1 1 4962 492 5198 5557
5025 3 2 1 1 4163 114 115 5330
5026 3 2 1 1 5468 5448 3193 3194
5027 3 2 1 1 1881 1733 2204 1882
5028 3 2 1 1 2753 5156 5467 3935
5029 3 2 1 1 5236 5244 84 85
5030 3 2 1 1 1266 1273 1291 1269
5031 3 2 1 1 5313 5568 3310 435
5032 3 2 1 1 346 347 5348 448
5033 3 2 1 1 1863 3201 3202 2249
5034 3 2 1 1 1342 1344 5350 1343
5035 3 2 1 1 3645 5218 3214 5555
5036 3 2 1 1 3300 5350 1347 1707
5037 3 2 1 1 531 535 5489 5320
5038 3 2 1 1 3475 5352 225 471
5039 3 2 1 1 2445 3115 5353 3148
5040 3 2 1 1 136 5146 5309 135
5041 3 2 1 1 3994 3996 5357 3995
5042 3 2 1 1 20 503 5332 19
5043 3 2 1 1 5337 5345 81 82
5044 3 2 1 1 505 118 119 5252
5045 3 2 1 1 2974 3265 5289 3264
5046 3 2 1 1 3436 3368 3369 5470
5047 3 2 1 1 5251 353 354 5254
5048 3 2 1 1 398 4071 5126 5367
5049 3 2 1 1 150 151 5331 402
5050 3 2 1 1 3700 3703 5362 3702
5051 3 2 1 1 166 167 5363 467
5052 3 2 1 1 2927 2438 5365 2928
5053 3 2 1 1 3281 5111 3164 2915
5054 3 2 1 1 3270 3271 5338 3269
5055 3 2 1 1 1298 1294 5237 1711
5056 3 2 1 1 301 401 5257 300
5057 3 2 1 1 182 183 5368 484
5058 3 2 1 1 185 186 5369 389
5059 3 2 1 1 188 189 5370 440
5060 3 2 1 1 191 192 5371 380
5061 3 2 1 1 3271 5372 277 278
5062 3 2 1 1 5221 5309 5146 3733
5063 3 2 1 1 2227 3128 5383 4180
5064 3 2 1 1 203 204 5385 383
5065 3 2 1 1 2880 3638 5402 3637
5066 3 2 1 1 2889 3650 5405 3649
5067 3 2 1 1 2916 3244 5257 3243
5068 3 2 1 1 2890 3220 5407 3132
5069 3 2 1 1 3142 3221 5409 3141
5070 3 2 1 1 2514 2891 5411 2516
5071 3 2 1 1 438 3599 5412 3598
5072 3 2 1 1 2520 2892 5413 2522
5073 3 2 1 1 2897 3140 5414 3222
5074 3 2 1 1 383 3592 5415 3591
5075 3 2 1 1 2526 2893 5416 2528
5076 3 2 1 1 2894 3852 5419 3851
5077 3 2 1 1 1838 1837 1761 1762
5078 3 2 1 1 2550 3146 5428 2552
5079 3 2 1 1 478 3433 5429 3434
5080 3 2 1 1 5436 5432 2559 2558
5081 3 2 1 1 479 5258 332 333
5082 3 2 1 1 2566 2569 5433 3713
5083 3 2 1 1 3455 3459 5436 3456
5084 3 2 1 1 3458 3460 5439 3459
5085 3 2 1 1 4963 406 5445 3345
5086 3 2 1 1 1956 2202 5444 1821
5087 3 2 1 1 2477 4439 5277 5121
5088 3 2 1 1 2457 5176 3327 5249
5089 3 2 1 1 3589 2905 5294 5204
5090 3 2 1 1 489 3659 3176 5451
5091 3 2 1 1 5160 1422 407 518
5092 3 2 1 1 4279 496 5565 4280
5093 3 2 1 1 3288 3287 5469 3289
5094 3 2 1 1 3294 3224 2447 2448
5095 3 2 1 1 441 4967 5459 3658
5096 3 2 1 1 479 5110 3312 5536
5097 3 2 1 1 1823 1824 2411 2212
5098 3 2 1 1 242 243 5525 5219
5099 3 2 1 1 1736 1864 1866 1865
5100 3 2 1 1 382 3209 3163 5467
5101 3 2 1 1 1241 5151 5220 1243
5102 3 2 1 1 2215 3322 3228 2217
5103 3 2 1 1 3367 3368 5473 3207
5104 3 2 1 1 3267 5474 239 240
5105 3 2 1 1 4158 3388 5479 4159
5106 3 2 1 1 4835 4836 5482 3196
5107 3 2 1 1 2451 2417 1837 1838
5108 3 2 1 1 222 3 223 5487
5109 3 2 1 1 3473 514 5487 3474
5110 3 2 1 1 3265 5488 265 266
5111 3 2 1 1 445 3347 4868 5449
5112 3 2 1 1 3859 5216 5543 3860
5113 3 2 1 1 3427 3429 5542 3249
5114 3 2 1 1 5126 4071 4070 5493
5115 3 2 1 1 443 3298 4796 5500
5116 3 2 1 1 123 455 5361 122
5117 3 2 1 1 4138 4139 5504 4140
5118 3 2 1 1 1869 1867 1866 1868
5119 3 2 1 1 361 362 5565 496
5120 3 2 1 1 2454 4245 5564 3258
5121 3 2 1 1 3957 3966 5510 4162
5122 3 2 1 1 1879 4043 5559 2913
5123 3 2 1 1 3324 5550 317 318
5124 3 2 1 1 451 3225 3190 5516
5125 3 2 1 1 2757 3183 5465 4585
5126 3 2 1 1 2416 3264 5551 4597
5127 3 2 1 1 481 5434 5427 3452
5128 3 2 1 1 2482 2930 5546 2459
5129 3 2 1 1 3438 3319 2458 5546
5130 3 2 1 1 3454 5435 5428 3471
5131 3 2 1 1 273 274 5544 384
5132 3 2 1 1 3168 3273 5522 4845
5133 3 2 1 1 3212 3269 5523 3211
5134 3 2 1 1 3244 5526 298 299
5135 3 2 1 1 2933 3786 5539 3784
5136 3 2 1 1 2595 3266 5538 3405
5137 3 2 1 1 3238 5242 5527 3239
5138 3 2 1 1 457 4421 4420 5528
5139 3 2 1 1 3791 3206 5533 3792
5140 3 2 1 1 2874 3362 5536 3199
5141 3 2 1 1 5154 128 129 5267
5142 3 2 1 1 3178 2412 2411 3177
5143 3 2 1 1 517 5446 162 163
5144 3 2 1 1 2444 2204 3116 2465
5145 3 2 1 1 3596 5424 5410 3595
5146 3 2 1 1 1341 1305 1302 1304
5147 3 2 1 1 3983 471 5382 3469
5148 3 2 1 1 2270 4254 5502 5153
5149 3 2 1 1 2457 5249 5447 3335
5150 3 2 1 1 73 74 5367 5126
5151 3 2 1 1 3254 5301 3301 5356
5152 3 2 1 1 483 5120 3210 5498
5153 3 2 1 1 409 5292 57 58
5154 3 2 1 1 105 106 5442 379
5155 3 2 1 1 161 513 5560 5319
5156 3 2 1 1 1874 3248 5270 1871
5157 3 2 1 1 3465 3466 5440 3464
5158 3 2 1 1 98 99 5454 382
5159 3 2 1 1 3467 3468 5441 3466
5160 3 2 1 1 527 529 5202 526
5161 3 2 1 1 1292 1288 1289 1290
5162 3 2 1 1 3932 156 157 5485
5163 3 2 1 1 4000 5507 78 79
5164 3 2 1 1 5380 3215 5223 5363
5165 3 2 1 1 435 3310 5475 3309
5166 3 2 1 1 1266 5245 5314 1273
5167 3 2 1 1 526 5202 2397 528
5168 3 2 1 1 351 4 352 5494
5169 3 2 1 1 3150 3149 2221 2436
5170 3 2 1 1 5326 2435 2220 5274
5171 3 2 1 1 5388 3616 5224 5366
5172 3 2 1 1 5204 5294 433 5122
5173 3 2 1 1 3932 5379 155 156
5174 3 2 1 1 1716 1714 3338 5182
5175 3 2 1 1 147 148 5481 508
5176 3 2 1 1 56 57 5292 472
5177 3 2 1 1 4460 4461 5481 5240
5178 3 2 1 1 3542 3543 5403 459
5179 3 2 1 1 5313 3272 3150 3165
5180 3 2 1 1 1301 1299 1304 1302
5181 3 2 1 1 1287 1286 1289 1288
5182 3 2 1 1 95 96 5501 451
5183 3 2 1 1 537 534 5263 538
5184 3 2 1 1 3291 3303 5250 422
5185 3 2 1 1 3229 5339 409 5336
5186 3 2 1 1 1861 2430 5272 2193
5187 3 2 1 1 501 5271 76 77
5188 3 2 1 1 2431 2179 5262 3130
5189 3 2 1 1 1283 1738 1739 1737
5190 3 2 1 1 3496 5129 5259 432
5191 3 2 1 1 92 93 5562 386
5192 3 2 1 1 5401 3638 5226 5368
5193 3 2 1 1 81 393 5524 80
5194 3 2 1 1 143 458 5572 142
5195 3 2 1 1 5404 3650 5227 5369
5196 3 2 1 1 3250 2467 2409 2919
5197 3 2 1 1 2596 3345 5445 3167
5198 3 2 1 1 125 506 5534 124
5199 3 2 1 1 2178 1741 1739 1740
5200 3 2 1 1 5406 3220 5229 5370
5201 3 2 1 1 3235 5219 5525 3237
5202 3 2 1 1 1248 1735 1736 1256
5203 3 2 1 1 5408 3221 5230 5371
5204 3 2 1 1 2948 2949 5311 5192
5205 3 2 1 1 2895 3658 5459 3185
5206 3 2 1 1 3909 5279 4003 2914
5207 3 2 1 1 2954 3232 5567 3219
5208 3 2 1 1 5412 2892 5232 5376
5209 3 2 1 1 1752 1291 1303 1306
5210 3 2 1 1 1281 5373 1283 1282
5211 3 2 1 1 5415 2893 5233 5381
5212 3 2 1 1 1741 2179 2431 2199
5213 3 2 1 1 5417 5157 5431 452
5214 3 2 1 1 2442 3139 3173 2443
5215 3 2 1 1 420 5277 358 359
5216 3 2 1 1 1303 1760 1743 1306
5217 3 2 1 1 5418 3852 5235 5385
5218 3 2 1 1 2249 1864 1736 1863
5219 3 2 1 1 399 5155 3213 5515
5220 3 2 1 1 1293 1294 1298 1295
5221 3 2 1 1 1866 1870 1871 1868
5222 3 2 1 1 1282 1283 1737 1284
5223 3 2 1 1 5211 530 529 527
5224 3 2 1 1 1870 1872 1874 1871
5225 3 2 1 1 5179 5165 5529 4430
5226 3 2 1 1 533 531 530 532
5227 3 2 1 1 2923 536 534 537
5228 3 2 1 1 1281 1279 5187 5373
5229 3 2 1 1 5467 5156 5480 382
5230 3 2 1 1 4204 4205 5529 5329
5231 3 2 1 1 3203 5202 529 5320
5232 3 2 1 1 3289 5339 3117 3288
5233 3 2 1 1 3319 476 3431 3432
5234 3 2 1 1 1279 1278 2443 5187
5235 3 2 1 1 5377 467 5363 5223
5236 3 2 1 1 5478 5464 453 5131
5237 3 2 1 1 463 5280 365 366
5238 3 2 1 1 5384 3544 5366 5224
5239 3 2 1 1 22 3353 5462 425
5240 3 2 1 1 4074 5125 500 5563
5241 3 2 1 1 3123 5302 5301 3313
5242 3 2 1 1 3673 5318 5374 4727
5243 3 2 1 1 5400 484 5368 5226
5244 3 2 1 1 5402 389 5369 5227
5245 3 2 1 1 3173 5291 5187 2443
5246 3 2 1 1 8 473 5358 7
5247 3 2 1 1 5405 440 5370 5229
5248 3 2 1 1 5407 380 5371 5230
5249 3 2 1 1 1275 5283 1300 1274
5250 3 2 1 1 54 55 518 407
5251 3 2 1 1 5411 3597 5376 5232
5252 3 2 1 1 5516 5161 5531 451
5253 3 2 1 1 5413 3599 5381 5233
5254 3 2 1 1 3592 383 5385 5235
5255 3 2 1 1 2419 3174 5284 3175
5256 3 2 1 1 515 5547 3275 5287
5257 3 2 1 1 1251 5253 5307 1252
5258 3 2 1 1 368 369 5286 512
5259 3 2 1 1 324 5313 435 323
5260 3 2 1 1 1733 1731 5191 5241
5261 3 2 1 1 5442 5239 5438 3222
5262 3 2 1 1 515 5287 349 350
5263 3 2 1 1 3336 3328 3326 5290
5264 3 2 1 1 4912 4552 4551 5288
5265 3 2 1 1 268 381 5289 267
5266 3 2 1 1 5360 5503 5334 3286
5267 3 2 1 1 242 5219 5538 385
5268 3 2 1 1 4092 5168 5537 4093
5269 3 2 1 1 5300 5138 5573 2405
5270 3 2 1 1 4955 5549 5212 375
5271 3 2 1 1 370 1 5 5520
5272 3 2 1 1 5206 5293 68 69
5273 3 2 1 1 5285 5294 2905 3280
5274 3 2 1 1 242 385 5295 241
5275 3 2 1 1 3139 3218 5274 3173
5276 3 2 1 1 5464 5438 5239 453
5277 3 2 1 1 5225 144 145 5296
5278 3 2 1 1 3280 3118 3229 5285
5279 3 2 1 1 3470 5298 3468 3467
5280 3 2 1 1 4461 4459 3705 5299
5281 3 2 1 1 4298 5120 5476 3138
5282 3 2 1 1 5179 5282 5509 461
5283 3 2 1 1 396 5533 3226 5199
5284 3 2 1 1 4898 3161 5549 5185
5285 3 2 1 1 2406 4487 5450 4438
5286 3 2 1 1 2468 5192 5311 3349
5287 3 2 1 1 2906 5183 5545 2907
5288 3 2 1 1 225 226 5382 471
5289 3 2 1 1 2217 3228 5472 3223
5290 3 2 1 1 483 3447 5476 5120
5291 3 2 1 1 5117 5115 5116 3223
5292 3 2 1 1 2902 5193 5557 3114
5293 3 2 1 1 280 281 5543 5216
5294 3 2 1 1 3125 5327 5521 3236
5295 3 2 1 1 5279 5297 5337 449
5296 3 2 1 1 268 5242 5551 381
5297 3 2 1 1 3370 3371 5556 5203
5298 3 2 1 1 2215 1869 5270 2216
5299 3 2 1 1 4181 473 5391 5173
5300 3 2 1 1 5146 457 5528 3733
5301 3 2 1 1 1293 1290 5237 1294
5302 3 2 1 1 5215 3164 5111 5269
5303 3 2 1 1 5499 5478 5131 504
5304 3 2 1 1 422 3290 5578 3291
5305 3 2 1 1 3214 2705 2702 5303
5306 3 2 1 1 5208 1269 1291 5273
5307 3 2 1 1 3496 3357 5468 5129
5308 3 2 1 1 523 522 5266 524
5309 3 2 1 1 4727 5374 5512 3739
5310 3 2 1 1 2627 4417 5306 4791
5311 3 2 1 1 2900 5118 5456 3153
5312 3 2 1 1 4959 2944 2945 5458
5313 3 2 1 1 10 5188 5391 9
5314 3 2 1 1 4948 442 5456 5118
5315 3 2 1 1 3170 5378 434 3308
5316 3 2 1 1 280 5216 5523 388
5317 3 2 1 1 433 5328 60 61
5318 3 2 1 1 1741 2178 5262 2179
5319 3 2 1 1 378 134 135 5309
5320 3 2 1 1 3353 3348 3349 5311
5321 3 2 1 1 1739 1738 5579 1740
5322 3 2 1 1 448 5312 345 346
5323 3 2 1 1 3736 3739 5512 3738
5324 3 2 1 1 456 5318 3672 5267
5325 3 2 1 1 1286 1284 1737 3113
5326 3 2 1 1 449 5244 4003 5279
5327 3 2 1 1 3197 5492 5571 3279
5328 3 2 1 1 1733 5241 3116 2204
5329 3 2 1 1 3959 4163 5330 5575
5330 3 2 1 1 491 5199 3226 5522
5331 3 2 1 1 401 5564 3243 5257
5332 3 2 1 1 3127 3296 5497 3297
5333 3 2 1 1 3434 5315 3439 478
5334 3 2 1 1 4066 4068 5317 4067
5335 3 2 1 1 3671 3672 5318 3673
5336 3 2 1 1 1696 1304 1299 5268
5337 3 2 1 1 5511 5499 504 5132
5338 3 2 1 1 510 160 161 5319
5339 3 2 1 1 52 465 5356 3301
5340 3 2 1 1 5294 5285 5328 433
5341 3 2 1 1 3497 431 5535 5276
5342 3 2 1 1 1837 2446 5261 1761
5343 3 2 1 1 5457 3644 5341 3257
5344 3 2 1 1 3641 3643 5341 3644
5345 3 2 1 1 3180 5300 3164 5215
5346 3 2 1 1 3702 5362 394 5574
5347 3 2 1 1 140 387 5323 139
5348 3 2 1 1 2178 2221 3149 5262
5349 3 2 1 1 533 532 5263 534
5350 3 2 1 1 1761 5261 1743 1760
5351 3 2 1 1 2917 3162 5477 5150
5352 3 2 1 1 534 536 5580 533
5353 3 2 1 1 1737 1739 5275 3113
5354 3 2 1 1 4480 4034 5577 4487
5355 3 2 1 1 374 120 121 5325
5356 3 2 1 1 3356 5276 5535 3242
5357 3 2 1 1 3255 5351 1864 2249
5358 3 2 1 1 2909 4111 5496 5264
5359 3 2 1 1 1295 1298 5268 1299
5360 3 2 1 1 4630 5463 5141 3992
5361 3 2 1 1 3301 5301 5302 411
5362 3 2 1 1 1870 1866 1864 5351
5363 3 2 1 1 526 524 5266 527
5364 3 2 1 1 4555 5155 5477 3162
5365 3 2 1 1 1869 1868 1871 5270
5366 3 2 1 1 1711 5310 5268 1298
5367 3 2 1 1 2435 5326 5532 5162
5368 3 2 1 1 509 5331 151 152
5369 3 2 1 1 5281 3177 5452 3234
5370 3 2 1 1 3051 4058 5509 5282
5371 3 2 1 1 3435 5556 5238 474
5372 3 2 1 1 1861 1747 5347 2430
5373 3 2 1 1 320 434 5340 319
5374 3 2 1 1 410 18 19 5332
5375 3 2 1 1 4930 3546 5228 5545
5376 3 2 1 1 116 454 5330 115
5377 3 2 1 1 2921 5152 5463 4630
5378 3 2 1 1 3314 5316 5578 3290
5379 3 2 1 1 3470 5382 226 227
5380 3 2 1 1 2444 3197 5484 3198
5381 3 2 1 1 2931 4204 5329 5134
5382 3 2 1 1 5261 5568 3187 5201
5383 3 2 1 1 280 388 5338 279
5384 3 2 1 1 4960 377 5217 5537
5385 3 2 1 1 518 472 5469 5160
5386 3 2 1 1 1248 5220 5335 1735
5387 3 2 1 1 449 5337 82 83
5388 3 2 1 1 5191 5364 3116 5241
5389 3 2 1 1 3127 3126 5342 3296
5390 3 2 1 1 4990 5260 5446 517
5391 3 2 1 1 2199 5275 1739 1741
5392 3 2 1 1 520 5256 5266 522
5393 3 2 1 1 3164 5300 2405 2404
5394 3 2 1 1 3966 5511 5132 376
5395 3 2 1 1 5280 5344 364 365
5396 3 2 1 1 399 3646 5477 5155
5397 3 2 1 1 3310 5568 5261 2446
5398 3 2 1 1 2446 1837 2417 5278
5399 3 2 1 1 2947 5148 5458 2945
5400 3 2 1 1 5573 3430 5541 2405
5401 3 2 1 1 530 531 5320 529
5402 3 2 1 1 3327 3328 5447 5249
5403 3 2 1 1 2411 1824 5452 3177
5404 3 2 1 1 3154 3153 5456 3155
5405 3 2 1 1 480 5348 347 348
5406 3 2 1 1 475 3426 5349 3425
5407 3 2 1 1 2404 2405 5541 1875
5408 3 2 1 1 2444 2465 5492 3197
5409 3 2 1 1 2467 3250 5552 3344
5410 3 2 1 1 3340 5530 5143 510
5411 3 2 1 1 3427 3249 5541 3430
5412 3 2 1 1 459 5403 3215 5380
5413 3 2 1 1 4270 5113 425 5569
5414 3 2 1 1 1346 1347 5350 1344
5415 3 2 1 1 5261 5201 5532 1743
5416 3 2 1 1 3474 224 225 5352
5417 3 2 1 1 3473 3474 5352 3475
5418 3 2 1 1 4163 5561 113 114
5419 3 2 1 1 2477 4438 5450 4439
5420 3 2 1 1 4369 4430 5529 4205
5421 3 2 1 1 413 3315 5316 3314
5422 3 2 1 1 1291 1273 5314 1303
5423 3 2 1 1 2872 3138 5476 5174
5424 3 2 1 1 3319 3432 5559 2898
5425 3 2 1 1 369 370 5520 5286
5426 3 2 1 1 2891 5424 3597 5411
5427 3 2 1 1 3998 4000 5357 3996
5428 3 2 1 1 4951 5519 5217 377
5429 3 2 1 1 3338 3339 5355 5182
5430 3 2 1 1 3933 5322 5530 3341
5431 3 2 1 1 2418 3995 5471 4389
5432 3 2 1 1 2409 2920 5308 2919
5433 3 2 1 1 3193 2432 5506 3194
5434 3 2 1 1 516 6 7 5358
5435 3 2 1 1 2919 3324 5340 3250
5436 3 2 1 1 3146 5434 3471 5428
5437 3 2 1 1 3707 3708 5362 3703
5438 3 2 1 1 2554 5435 3456 5430
5439 3 2 1 1 3175 5284 5379 3932
5440 3 2 1 1 5439 5432 5436 3459
5441 3 2 1 1 5325 121 122 5361
5442 3 2 1 1 1873 2457 5365 2438
5443 3 2 1 1 3544 4993 418 5366
5444 3 2 1 1 5576 5333 5281 2462
5445 3 2 1 1 154 155 5379 426
5446 3 2 1 1 167 168 5380 5363
5447 3 2 1 1 4092 3185 5459 5168
5448 3 2 1 1 399 5515 3214 5218
5449 3 2 1 1 398 5367 74 75
5450 3 2 1 1 427 5210 5134 5329
5451 3 2 1 1 276 277 5372 443
5452 3 2 1 1 2216 5270 3248 5359
5453 3 2 1 1 5108 5327 3125 5222
5454 3 2 1 1 3597 373 3600 5376
5455 3 2 1 1 5260 4990 467 5377
5456 3 2 1 1 183 184 5401 5368
5457 3 2 1 1 459 5380 168 169
5458 3 2 1 1 3599 438 3590 5381
5459 3 2 1 1 3467 3469 5382 3470
5460 3 2 1 1 4180 5383 5384 4531
5461 3 2 1 1 186 187 5404 5369
5462 3 2 1 1 5224 2228 4531 5384
5463 3 2 1 1 3178 3177 5281 5333
5464 3 2 1 1 5366 418 4996 5388
5465 3 2 1 1 189 190 5406 5370
5466 3 2 1 1 5388 4996 495 5390
5467 3 2 1 1 5390 495 4992 5392
5468 3 2 1 1 3973 3205 5397 5387
5469 3 2 1 1 5392 4992 405 5393
5470 3 2 1 1 192 193 5408 5371
5471 3 2 1 1 5393 405 4995 5394
5472 3 2 1 1 5394 4995 494 5395
5473 3 2 1 1 3168 3167 5445 3273
5474 3 2 1 1 5395 494 4779 5396
5475 3 2 1 1 5389 5397 3205 3204
5476 3 2 1 1 5396 4779 397 5398
5477 3 2 1 1 1711 5237 5375 5265
5478 3 2 1 1 5398 397 4415 5399
5479 3 2 1 1 5399 4415 484 5400
5480 3 2 1 1 389 5401 184 185
5481 3 2 1 1 5227 4757 3637 5402
5482 3 2 1 1 2879 3215 5403 3128
5483 3 2 1 1 440 5404 187 188
5484 3 2 1 1 204 205 5418 5385
5485 3 2 1 1 5229 4558 3649 5405
5486 3 2 1 1 473 8 9 5391
5487 3 2 1 1 3204 3774 5417 5389
5488 3 2 1 1 380 5406 190 191
5489 3 2 1 1 5230 4291 3132 5407
5490 3 2 1 1 439 5408 193 194
5491 3 2 1 1 3141 5409 5410 4142
5492 3 2 1 1 5208 5273 5354 3166
5493 3 2 1 1 5232 2518 2516 5411
5494 3 2 1 1 5376 3600 3598 5412
5495 3 2 1 1 3218 3139 3166 5354
5496 3 2 1 1 5233 2524 2522 5413
5497 3 2 1 1 5387 5414 3140 3973
5498 3 2 1 1 5381 3590 3591 5415
5499 3 2 1 1 5234 2530 2528 5416
5500 3 2 1 1 3986 3179 5417 3774
5501 3 2 1 1 486 5418 205 206
5502 3 2 1 1 3851 5419 5420 4686
5503 3 2 1 1 4686 5420 5421 3143
5504 3 2 1 1 2906 4585 5465 5183
5505 3 2 1 1 3143 5421 5422 3695
5506 3 2 1 1 3695 5422 5423 3144
5507 3 2 1 1 373 3597 5424 3596
5508 3 2 1 1 508 3704 5574 5139
5509 3 2 1 1 3144 5423 5425 3742
5510 3 2 1 1 3022 3256 5457 3257
5511 3 2 1 1 3742 5425 5426 3145
5512 3 2 1 1 3145 5426 5427 4638
5513 3 2 1 1 2409 5359 5542 2920
5514 3 2 1 1 1716 5182 5355 1751
5515 3 2 1 1 3245 5429 3433 412
5516 3 2 1 1 2554 5430 2558 2555
5517 3 2 1 1 2561 2559 5432 2565
5518 3 2 1 1 311 5195 5473 477
5519 3 2 1 1 1736 1735 5335 1863
5520 3 2 1 1 3453 3471 5434 481
5521 3 2 1 1 3455 3456 5435 3454
5522 3 2 1 1 3353 5311 2949 5462
5523 3 2 1 1 58 59 5336 409
5524 3 2 1 1 3115 3378 5495 5353
5525 3 2 1 1 3222 5438 4424 2897
5526 3 2 1 1 2561 2565 5440 4544
5527 3 2 1 1 3466 5441 4544 5440
5528 3 2 1 1 452 5431 100 101
5529 3 2 1 1 2563 4544 5441 2569
5530 3 2 1 1 485 5517 5228 3546
5531 3 2 1 1 3299 3116 5364 3300
5532 3 2 1 1 2908 2165 1821 5444
5533 3 2 1 1 3282 3228 3322 5321
5534 3 2 1 1 5318 456 5136 5374
5535 3 2 1 1 2491 3171 5449 4868
5536 3 2 1 1 5239 5442 106 107
5537 3 2 1 1 3701 3702 5574 3704
5538 3 2 1 1 5484 5443 3323 423
5539 3 2 1 1 1303 5314 5453 1760
5540 3 2 1 1 3370 5203 5470 3369
5541 3 2 1 1 1291 1752 5354 5273
5542 3 2 1 1 3791 3792 5451 3176
5543 3 2 1 1 5117 3223 5472 2449
5544 3 2 1 1 3333 3335 5447 415
5545 3 2 1 1 3272 5343 3149 3150
5546 3 2 1 1 5268 5310 5570 2877
5547 3 2 1 1 4299 5189 5460 3182
5548 3 2 1 1 443 5500 3905 5205
5549 3 2 1 1 4950 375 5212 5505
5550 3 2 1 1 5108 416 5521 5327
5551 3 2 1 1 3155 5456 442 5147
5552 3 2 1 1 3644 5457 5172 395
5553 3 2 1 1 5552 3169 5554 3344
5554 3 2 1 1 161 162 5446 513
5555 3 2 1 1 387 140 141 5455
5556 3 2 1 1 4898 5185 5461 3184
5557 3 2 1 1 5148 446 4959 5458
5558 3 2 1 1 99 100 5431 5454
5559 3 2 1 1 2452 3241 5462 2949
5560 3 2 1 1 4182 3233 5518 5437
5561 3 2 1 1 4638 5427 5434 3146
5562 3 2 1 1 1286 3113 5375 1289
5563 3 2 1 1 3692 5178 5466 3346
5564 3 2 1 1 2552 5428 5435 2554
5565 3 2 1 1 4142 5410 5424 2891
5566 3 2 1 1 2169 2877 5448 2878
5567 3 2 1 1 3456 5436 2558 5430
5568 3 2 1 1 5152 444 5141 5463
5569 3 2 1 1 406 5159 3273 5445
5570 3 2 1 1 3130 3131 5506 2431
5571 3 2 1 1 5438 5464 4425 4424
5572 3 2 1 1 4500 3935 5467 3163
5573 3 2 1 1 5264 5496 5312 448
5574 3 2 1 1 5153 5502 5315 3434
5575 3 2 1 1 3732 3733 5528 4762
5576 3 2 1 1 3440 474 5238 5513
5577 3 2 1 1 5259 5129 5468 3194
5578 3 2 1 1 5448 5468 3357 2878
5579 3 2 1 1 3248 1874 5541 3249
5580 3 2 1 1 238 239 5474 489
5581 3 2 1 1 4967 490 5168 5459
5582 3 2 1 1 2390 1872 1870 5351
5583 3 2 1 1 5174 5476 3447 408
5584 3 2 1 1 5150 5477 3646 488
5585 3 2 1 1 112 113 5561 376
5586 3 2 1 1 3425 5349 5581 424
5587 3 2 1 1 5464 5478 3969 4425
5588 3 2 1 1 3387 4280 5479 3388
5589 3 2 1 1 2902 2924 5483 5193
5590 3 2 1 1 2758 3196 5482 3195
5591 3 2 1 1 483 5498 3258 5214
5592 3 2 1 1 3853 5198 5486 3172
5593 3 2 1 1 382 5480 97 98
5594 3 2 1 1 5240 5481 148 149
5595 3 2 1 1 1863 5335 5508 3201
5596 3 2 1 1 221 222 5487 514
5597 3 2 1 1 2869 3247 5496 4111
5598 3 2 1 1 350 351 5494 515
5599 3 2 1 1 2904 3991 5491 5213
5600 3 2 1 1 264 265 5488 445
5601 3 2 1 1 4948 5486 5198 492
5602 3 2 1 1 489 5451 3792 5163
5603 3 2 1 1 2244 2938 5502 4254
5604 3 2 1 1 3218 5354 1752 5553
5605 3 2 1 1 2936 3192 5518 3233
5606 3 2 1 1 3198 5484 423 5140
5607 3 2 1 1 5247 3337 470 5540
5608 3 2 1 1 4956 372 5193 5483
5609 3 2 1 1 1823 1751 5355 1824
5610 3 2 1 1 3326 3329 5540 5290
5611 3 2 1 1 158 462 5485 157
5612 3 2 1 1 4963 5466 5178 493
5613 3 2 1 1 485 5172 5457 3256
5614 3 2 1 1 3355 3152 5513 5238
5615 3 2 1 1 2454 3258 5498 3210
5616 3 2 1 1 5478 5499 3967 3969
5617 3 2 1 1 1711 5265 3191 5310
5618 3 2 1 1 2455 3905 5500 4796
5619 3 2 1 1 3158 3156 5505 5212
5620 3 2 1 1 436 4946 5558 5324
5621 3 2 1 1 425 5462 3241 5569
5622 3 2 1 1 5337 4389 5471 5345
5623 3 2 1 1 3533 3293 5504 4139
5624 3 2 1 1 3297 5497 45 46
5625 3 2 1 1 445 5449 3171 5169
5626 3 2 1 1 3470 436 5324 5298
5627 3 2 1 1 2193 5272 5514 2422
5628 3 2 1 1 4954 384 5213 5491
5629 3 2 1 1 4952 391 5183 5465
5630 3 2 1 1 96 97 5480 5501
5631 3 2 1 1 2918 4389 5337 5297
5632 3 2 1 1 520 1422 5334 5256
5633 3 2 1 1 2440 3188 5509 4058
5634 3 2 1 1 4034 4035 460 5577
5635 3 2 1 1 5499 5511 3966 3967
5636 3 2 1 1 4128 5228 5517 3200
5637 3 2 1 1 77 78 5507 501
5638 3 2 1 1 2467 3344 5554 3263
5639 3 2 1 1 4258 5217 5519 3147
5640 3 2 1 1 4070 4072 5563 5493
5641 3 2 1 1 2705 3214 5515 3213
5642 3 2 1 1 4676 4047 5516 3190
5643 3 2 1 1 3192 5101 512 5518
5644 3 2 1 1 441 5461 5185 4958
5645 3 2 1 1 3173 5274 2220 5291
5646 3 2 1 1 3207 5473 5195 3384
5647 3 2 1 1 2218 2216 5359 2409
5648 3 2 1 1 2597 4845 5522 3226
5649 3 2 1 1 5216 3859 3211 5523
5650 3 2 1 1 446 5525 243 244
5651 3 2 1 1 297 298 5526 488
5652 3 2 1 1 3194 5506 3131 5259
5653 3 2 1 1 444 5527 269 270
5654 3 2 1 1 4422 4762 5528 4420
5655 3 2 1 1 2870 3341 5530 3340
5656 3 2 1 1 2597 3226 5533 3206
5657 3 2 1 1 4000 79 80 5524
5658 3 2 1 1 6 516 5520 5
5659 3 2 1 1 2874 3242 5535 3362
5660 3 2 1 1 3311 3199 5536 3312
5661 3 2 1 1 47 48 5521 416
5662 3 2 1 1 451 5531 94 95
5663 3 2 1 1 5219 3235 3405 5538
5664 3 2 1 1 2400 3784 5539 3785
5665 3 2 1 1 4957 5460 5189 447
5666 3 2 1 1 447 5543 281 282
5667 3 2 1 1 455 123 124 5534
5668 3 2 1 1 1290 1289 5375 5237
5669 3 2 1 1 5205 5544 274 275
5670 3 2 1 1 3436 5470 5203 414
5671 3 2 1 1 2260 2459 5546 2458
5672 3 2 1 1 2911 3275 5547 3276
5673 3 2 1 1 5242 3238 4597 5551
5674 3 2 1 1 1283 5373 5579 1738
5675 3 2 1 1 316 317 5550 430
5676 3 2 1 1 487 3645 5555 3642
5677 3 2 1 1 2259 2898 5559 4043
5678 3 2 1 1 5319 5560 3343 3342
5679 3 2 1 1 4073 4074 5563 4072
5680 3 2 1 1 2723 3243 5564 4245
5681 3 2 1 1 2417 3169 5378 3170
5682 3 2 1 1 437 5565 362 363
5683 3 2 1 1 5374 5136 507 5512
5684 3 2 1 1 4269 4270 5569 3241
5685 3 2 1 1 3279 5571 1876 2415
5686 3 2 1 1 3958 3959 5575 3960
5687 3 2 1 1 2875 3384 5581 3208
5688 3 2 1 1 3188 5188 461 5509
5689 3 2 1 1 5455 141 142 5572
5690 3 2 1 1 93 94 5531 5562
5691 3 2 1 1 1305 1343 5364 5191
5692 3 2 1 1 5274 3218 5553 5326
5693 3 2 1 1 5336 5328 5285 3229
5694 3 2 1 1 3116 3299 5492 2465
5695 3 2 1 1 5245 3224 5453 5314
5696 3 2 1 1 5503 5360 1706 5211
5697 3 2 1 1 3285 5548 1706 5360
5698 3 2 1 1 146 5139 5574 394
5699 3 2 1 1 5320 5489 3202 3203
5700 3 2 1 1 5437 5286 5520 516
5701 3 2 1 1 2417 2451 5554 3169
5702 3 2 1 1 394 5362 3708 5296
5703 3 2 1 1 5184 426 5379 5284
5704 3 2 1 1 2448 2449 5472 2450
5705 3 2 1 1 5160 5386 5334 1422
5706 3 2 1 1 5329 5529 5165 427
5707 3 2 1 1 527 5266 5503 5211
5708 3 2 1 1 5547 515 5494 5251
5709 3 2 1 1 3305 3306 5514 5272
5710 3 2 1 1 3336 5290 5540 470
5711 3 2 1 1 5518 512 5286 5437
5712 3 2 1 1 3692 3713 5558 5178
5713 3 2 1 1 353 5251 5494 352
5714 3 2 1 1 3291 5576 5248 3303
5715 3 2 1 1 5377 3343 5560 5260
5716 3 2 1 1 531 533 5580 535
5717 3 2 1 1 431 5258 3362 5535
5718 3 2 1 1 3853 3114 5557 5198
5719 3 2 1 1 4258 4093 5537 5217
5720 3 2 1 1 2199 2431 5506 2432
5721 3 2 1 1 1241 2397 5508 5151
5722 3 2 1 1 3158 5212 5549 3161
5723 3 2 1 1 5359 3248 3249 5542
5724 3 2 1 1 5446 5260 5560 513
5725 3 2 1 1 4128 2907 5545 5228
5726 3 2 1 1 1882 5248 5576 2462
5727 3 2 1 1 4487 5577 460 5450
5728 3 2 1 1 1306 5243 5553 1752
5729 3 2 1 1 5187 5291 5579 5373
5730 3 2 1 1 3355 5238 5556 3371
5731 3 2 1 1 3189 5490 5580 3281
5732 3 2 1 1 5220 5151 5508 5335
5733 3 2 1 1 2417 3170 5475 5278
5734 3 2 1 1 1872 1875 5541 1874
5735 3 2 1 1 357 4439 5450 460
5736 3 2 1 1 2249 3202 5566 3255
5737 3 2 1 1 3214 5303 3642 5555
5738 3 2 1 1 5200 5312 5496 3247
5739 3 2 1 1 532 1706 5548 5263
5740 3 2 1 1 5207 5315 5502 2938
5741 3 2 1 1 3202 5489 5490 5566
5742 3 2 1 1 3960 5575 5330 454
5743 3 2 1 1 5532 5326 5553 5243
5744 3 2 1 1 3460 3464 5440 5439
5745 3 2 1 1 5432 5439 5440 2565
5746 3 2 1 1 3287 5386 5160 5469
5747 3 2 1 1 81 5345 5471 393
5748 3 2 1 1 5266 5256 5334 5503
5749 3 2 1 1 3169 5552 434 5378
5750 3 2 1 1 1306 1743 5532 5243
5751 3 2 1 1 2919 5308 5550 3324
5752 3 2 1 1 5433 5324 5558 3713
5753 3 2 1 1 3966 376 5561 5510
5754 3 2 1 1 393 5357 4000 5524
5755 3 2 1 1 3429 430 5550 5308
5756 3 2 1 1 5138 3208 5581 5349
5757 3 2 1 1 1876 5571 5492 3299
5758 3 2 1 1 5580 5490 5489 535
5759 3 2 1 1 5333 5578 5316 3178
5760 3 2 1 1 403 5124 5495 5567
5761 3 2 1 1 2877 5570 3193 5448
5762 3 2 1 1 3191 3193 5570 5310
5763 3 2 1 1 3378 3219 5567 5495
5764 3 2 1 1 4162 5510 5561 4163
5765 3 2 1 1 3255 5566 5490 3189
$EndElements
