$MeshFormat
2.2 0 8
$EndMeshFormat
$Nodes
4320
1 -0.5 0 0
2 -0.45 0 0
3 0 0 0
4 0.353 0.0623 0
5 0.72 0.207 0
6 1 0.204 0
7 1 0.31 0
8 0.797 0.31 0
9 0.617 0.28 0
10 0.617 0.8 0
11 -0.5 0.8 0
12 -0.4742371184677442 0 0
13 -0.4089768136762518 0 0
14 -0.373940497228989 0 0
15 -0.3440173075250247 0 0
16 -0.318461030172243 0 0
17 -0.2966343416674666 0 0
18 -0.2779929451520303 0 0
19 -0.2620719680408462 0 0
20 -0.2484743979327786 0 0
21 -0.2368611562966888 0 0
22 -0.2267757746852452 0 0
23 -0.2169159583945973 0 0
24 -0.2070561421039336 0 0
25 -0.1971963258132737 0 0
26 -0.1873365095226044 0 0
27 -0.1774766932319456 0 0
28 -0.1676168769412759 0 0
29 -0.1577570606506171 0 0
30 -0.1478972443599474 0 0
31 -0.1380374280692886 0 0
32 -0.1281776117786248 0 0
33 -0.1183177954879601 0 0
34 -0.1084579791973013 0 0
35 -0.09859816290663165 0 0
36 -0.0887383466159728 0 0
37 -0.07887853032530312 0 0
38 -0.06901871403464427 0 0
39 -0.05915889774397654 0 0
40 -0.0492990814533158 0 0
41 -0.03943926516265461 0 0
42 -0.02957944887198738 0 0
43 -0.01971963258132858 0 0
44 -0.009859816290658852 0 0
45 0.009805555555537167 0.00173055555555231 0
46 0.0196111111110714 0.003461111111104103 0
47 0.02941666666660993 0.005191666666656654 0
48 0.03922222222214862 0.006922222222209232 0
49 0.04902777777768118 0.008652777777760731 0
50 0.05883333333320689 0.01038333333331102 0
51 0.0686388888887363 0.01211388888886196 0
52 0.07844444444425841 0.01384444444441161 0
53 0.08824999999978536 0.01557499999996212 0
54 0.09805555555531258 0.01730555555551267 0
55 0.107861111110835 0.01903611111106238 0
56 0.1176666666663651 0.02076666666661345 0
57 0.1274722222218819 0.02249722222216216 0
58 0.1372777777773958 0.02422777777771037 0
59 0.1470833333329274 0.0259583333332617 0
60 0.1568888888884502 0.02768888888881148 0
61 0.1666944444439822 0.02941944444436286 0
62 0.1764999999995089 0.03114999999991334 0
63 0.1863055555550909 0.03288055555547355 0
64 0.1961111111106685 0.034611111111033 0
65 0.2059166666662547 0.03634166666659396 0
66 0.215722222221832 0.03807222222215336 0
67 0.2255277777774225 0.03980277777771508 0
68 0.2353333333330008 0.04153333333327464 0
69 0.2451388888885877 0.04326388888883574 0
70 0.254944444444181 0.04499444444439796 0
71 0.264749999999752 0.04672499999995623 0
72 0.274555555555323 0.04845555555551451 0
73 0.2843611111109154 0.05018611111107658 0
74 0.2941666666665083 0.05191666666663872 0
75 0.3039722222220824 0.05364722222219755 0
76 0.3137777777776704 0.05537777777775883 0
77 0.3235833333332437 0.05710833333331752 0
78 0.3333888888888357 0.0588388888888795 0
79 0.3431944444444282 0.06056944444444158 0
80 0.3621749999999732 0.06591749999998942 0
81 0.3713499999999476 0.06953499999997935 0
82 0.3805249999999307 0.07315249999997268 0
83 0.3896999999999046 0.0767699999999624 0
84 0.3988749999998995 0.08038749999996039 0
85 0.4080499999998727 0.0840049999999498 0
86 0.4172249999998421 0.08762249999993774 0
87 0.4263999999997946 0.09123999999991901 0
88 0.435574999999764 0.09485749999990695 0
89 0.4447499999997559 0.09847499999990378 0
90 0.4539249999997478 0.1020924999999006 0
91 0.4630999999997172 0.1057099999998885 0
92 0.4722749999996716 0.1093274999998705 0
93 0.4814499999996241 0.1129449999998518 0
94 0.4906249999996142 0.1165624999998479 0
95 0.4997999999996042 0.120179999999844 0
96 0.5089749999995943 0.12379749999984 0
97 0.5181499999995468 0.1274149999998213 0
98 0.5273249999994993 0.1310324999998026 0
99 0.5364999999994537 0.1346499999997847 0
100 0.5456749999994557 0.1382674999997854 0
101 0.5548499999994831 0.1418849999997962 0
102 0.5640249999995155 0.145502499999809 0
103 0.5731999999995483 0.1491199999998219 0
104 0.5823749999995911 0.1527374999998388 0
105 0.5915499999996339 0.1563549999998556 0
106 0.6007249999996667 0.1599724999998686 0
107 0.609899999999699 0.1635899999998814 0
108 0.6190749999997039 0.1672074999998833 0
109 0.6282499999997284 0.1708249999998929 0
110 0.6374249999997428 0.1744424999998986 0
111 0.6465999999997399 0.1780599999998975 0
112 0.6557749999997832 0.1816774999999145 0
113 0.6649499999998265 0.1852949999999316 0
114 0.6741249999998622 0.1889124999999457 0
115 0.6832999999999054 0.1925299999999627 0
116 0.692474999999948 0.1961474999999795 0
117 0.7016499999999805 0.1997649999999923 0
118 0.7108249999999758 0.2033824999999905 0
119 0.7299999999999998 0.2068928571428571 0
120 0.7399999999998945 0.2067857142857154 0
121 0.7499999999999658 0.2066785714285718 0
122 0.7599999999999782 0.2065714285714288 0
123 0.7699999999998699 0.2064642857142871 0
124 0.7799999999999226 0.2063571428571437 0
125 0.7899999999998264 0.2062500000000018 0
126 0.7999999999997642 0.2061428571428597 0
127 0.8099999999998511 0.2060357142857159 0
128 0.8199999999997614 0.205928571428574 0
129 0.8299999999996871 0.2058214285714319 0
130 0.8399999999996748 0.2057142857142892 0
131 0.8499999999995758 0.2056071428571474 0
132 0.8599999999996529 0.2055000000000037 0
133 0.8699999999997425 0.2053928571428599 0
134 0.8799999999996745 0.2052857142857178 0
135 0.8899999999997056 0.2051785714285746 0
136 0.8999999999996746 0.205071428571432 0
137 0.9099999999997119 0.2049642857142888 0
138 0.9199999999998018 0.204857142857145 0
139 0.9299999999998698 0.2047500000000014 0
140 0.9399999999998078 0.2046428571428592 0
141 0.9499999999998946 0.2045357142857154 0
142 0.9599999999998203 0.2044285714285733 0
143 0.9699999999999041 0.2043214285714296 0
144 0.979999999999994 0.2042142857142858 0
145 0.9900000000000435 0.2041071428571424 0
146 1 0.2136363636363621 0
147 1 0.2232727272727095 0
148 1 0.2329090909090539 0
149 1 0.2425454545453944 0
150 1 0.2521818181817412 0
151 1 0.261818181818096 0
152 1 0.2714545454544942 0
153 1 0.2810909090908706 0
154 1 0.2907272727272471 0
155 1 0.3003636363636236 0
156 0.9903333333333313 0.31 0
157 0.9806666666666842 0.31 0
158 0.9710000000000309 0.31 0
159 0.9613333333333602 0.31 0
160 0.9516666666667317 0.31 0
161 0.9420000000000961 0.31 0
162 0.9323333333334346 0.31 0
163 0.9226666666668236 0.31 0
164 0.9130000000001983 0.31 0
165 0.9033333333335523 0.31 0
166 0.8936666666668815 0.31 0
167 0.8840000000001673 0.31 0
168 0.8743333333334966 0.31 0
169 0.8646666666667825 0.31 0
170 0.8550000000001117 0.31 0
171 0.845333333333441 0.31 0
172 0.8356666666667267 0.31 0
173 0.8260000000000559 0.31 0
174 0.8163333333333851 0.31 0
175 0.8066666666666709 0.31 0
176 0.7875263157894984 0.308421052631583 0
177 0.7780526315789755 0.3068421052631626 0
178 0.7685789473684568 0.3052631578947428 0
179 0.7591052631579704 0.3036842105263284 0
180 0.7496315789474451 0.3021052631579075 0
181 0.7401578947369205 0.3005263157894867 0
182 0.7306842105264811 0.2989473684210802 0
183 0.7212105263159583 0.2973684210526597 0
184 0.7117368421054355 0.2957894736842392 0
185 0.7022631578949127 0.2942105263158188 0
186 0.6927894736843864 0.2926315789473977 0
187 0.6833157894738621 0.291052631578977 0
188 0.6738421052632518 0.289473684210542 0
189 0.664368421052685 0.2878947368421142 0
190 0.6548947368421597 0.2863157894736933 0
191 0.6454210526315979 0.2847368421052663 0
192 0.6359473684210675 0.2831578947368446 0
193 0.6264736842105438 0.281578947368424 0
194 0.617 0.2899453722866585 0
195 0.617 0.299890744573306 0
196 0.617 0.3098361168599644 0
197 0.617 0.3197814891466229 0
198 0.617 0.3297268614332705 0
199 0.617 0.3396722337199288 0
200 0.617 0.3496176060065858 0
201 0.617 0.3595629782932176 0
202 0.617 0.3695083505798499 0
203 0.617 0.3794537228665031 0
204 0.617 0.3893990951531451 0
205 0.617 0.3993444674397927 0
206 0.617 0.4092898397264332 0
207 0.617 0.4192352120130661 0
208 0.617 0.4291805842997137 0
209 0.617 0.4391259565863468 0
210 0.617 0.4490713288729872 0
211 0.617 0.4590167011596356 0
212 0.617 0.4689620734462822 0
213 0.617 0.47890744573293 0
214 0.617 0.4888528180195603 0
215 0.617 0.4987981903062159 0
216 0.617 0.5087435625928803 0
217 0.617 0.5186889348795285 0
218 0.617 0.5286343071661659 0
219 0.617 0.5387954763273037 0
220 0.617 0.5504787380698174 0
221 0.617 0.5641435182117672 0
222 0.617 0.5801286951840419 0
223 0.617 0.59883275426168 0
224 0.617 0.6207166311290839 0
225 0.617 0.6463166184493119 0
226 0.617 0.676269985820054 0
227 0.617 0.7113115300829997 0
228 0.617 0.7523095251673981 0
229 0.5684347826088012 0.8 0
230 0.5198695652175807 0.8 0
231 0.4713043478263601 0.8 0
232 0.4227391304351967 0.8 0
233 0.3741739130440492 0.8 0
234 0.3256086956528721 0.8 0
235 0.2770434782617167 0.8 0
236 0.228478260870556 0.8 0
237 0.1799130434793839 0.8 0
238 0.1313478260882283 0.8 0
239 0.08278260869705101 0.8 0
240 0.03421739130577461 0.8 0
241 -0.01434782608567309 0.8 0
242 -0.06291304347710591 0.8 0
243 -0.1114782608685244 0.8 0
244 -0.1600434782599863 0.8 0
245 -0.2086086956514045 0.8 0
246 -0.2571739130428227 0.8 0
247 -0.3057391304342842 0.8 0
248 -0.3543043478257022 0.8 0
249 -0.4028695652171204 0.8 0
250 -0.4514347826085383 0.8 0
251 -0.5 0.7500000000001383 0
252 -0.5 0.7000000000002766 0
253 -0.5 0.6500000000004147 0
254 -0.5 0.600000000000553 0
255 -0.5 0.5500000000006914 0
256 -0.5 0.5000000000008297 0
257 -0.5 0.4500000000009681 0
258 -0.5 0.4000000000010956 0
259 -0.5 0.3500000000009627 0
260 -0.5 0.3000000000008298 0
261 -0.5 0.2500000000006753 0
262 -0.5 0.2000000000005532 0
263 -0.5 0.1500000000004311 0
264 -0.5 0.1000000000002658 0
265 -0.5 0.05000000000014371 0
266 0.03251297090496111 0.01353541102278459 0
267 -0.07439959244877294 0.008048246004343156 0
268 0.6082318052429692 0.4242753948657143 0
269 0.2975652301936998 0.06114183576115206 0
270 0.219203629310162 0.04777229753276229 0
271 0.140472755037568 0.03321383390988739 0
272 0.4095046531016805 0.09375953307963217 0
273 0.6091200222316813 0.4942916679128943 0
274 -0.1435010055681386 0.007945750904450353 0
275 -0.2113334962835053 0.008279140985839272 0
276 0.6090608105129293 0.3563900092177342 0
277 0.47222856205317 0.1178300982665528 0
278 0.6060180617613138 0.5571278667620634 0
279 0.6081699653816403 0.2949822077377976 0
280 -0.2693412094429833 0.01205355324543032 0
281 0.0909491225106436 0.02502923350934709 0
282 0.5195067448303781 0.1369507856234381 0
283 0.365209283008062 0.07604823763060362 0
284 -0.02475106206408064 0.008000209555993478 0
285 -0.03920648922621916 0.7561221393776695 0
286 0.1593937035637154 0.7575382522879762 0
287 -0.4584362222596029 0.3664273033711865 0
288 0.5640024719410071 0.1536527520142079 0
289 0.2583485171481927 0.05435158243152116 0
290 0.1798294900368838 0.04014939229168253 0
291 -0.3287755604172677 0.02140947675880641 0
292 0.3434105835435033 0.7581311930434108 0
293 0.5979129976024536 0.6070345719369669 0
294 0.6026178253898812 0.1694727985033275 0
295 -0.4513889508108211 0.5276537079715098 0
296 -0.1856831536341272 0.7565045961896608 0
297 0.6392450523229959 0.1839319413246683 0
298 0.6080874175400552 0.3249611080166678 0
299 0.4457696556943079 0.1099656772211905 0
300 0.6083730890438503 0.3829969954536051 0
301 0.3254371919260904 0.06543552080399724 0
302 0.06115399840507169 0.02079760672921338 0
303 0.6083870549496783 0.5236616210228469 0
304 0.6086420872478218 0.4538847111815514 0
305 -0.1821141610138621 0.00867913710703612 0
306 -0.1042586968079974 0.009137370686585388 0
307 0.9481815114038099 0.3020309977408259 0
308 0.9175063383252007 0.3027217005153336 0
309 0.8888407951363497 0.3015547846052977 0
310 0.8604310235826663 0.3028774017777857 0
311 0.7939843987359922 0.3011950175087029 0
312 0.831600916234043 0.3007685216391402 0
313 0.6420381265479705 0.2758297708756127 0
314 0.7659629550042744 0.2966770139243313 0
315 -0.4568033268845372 0.2265850197996631 0
316 0.9348571060107511 0.2139713976272239 0
317 0.9050696574707475 0.2136891833910262 0
318 0.8750731759801087 0.213999217543507 0
319 0.8447852066578427 0.214595682230909 0
320 0.8150927884359248 0.2146423968949117 0
321 0.6707447485423077 0.2806701035195694 0
322 0.7372704719821976 0.2918577059468704 0
323 0.7850794139427026 0.2149511179215975 0
324 0.666240322347844 0.1955633767364135 0
325 0.9922592232055881 0.2558305493698578 0
326 0.6992295277812488 0.2854213344147448 0
327 0.7541902141143819 0.2158821599639259 0
328 0.6948225799980751 0.2060393881877584 0
329 0.7250907122346202 0.2151807340026018 0
330 0.004504580313497918 0.008469003589465694 0
331 -0.3269315251283619 0.7556076089470413 0
332 0.9640159461523298 0.212945066215181 0
333 -0.3900919739322279 0.02795784801758185 0
334 0.5929446917860862 0.6612933021346831 0
335 -0.2434675417732412 0.009753293733705429 0
336 0.2598889546860869 0.7637268509373586 0
337 0.4453160223468256 0.7581800120672663 0
338 0.05779106273491203 0.7589002137037973 0
339 -0.4566987298108979 0.6250000000004839 0
340 0.6212297292582013 0.1785042001505396 0
341 0.5486395680435026 0.1477878513924492 0
342 0.5837472406963775 0.1626761885810045 0
343 0.5014550652768326 0.1294262312939309 0
344 0.992150927122344 0.2765679365419986 0
345 0.990927582308764 0.2384506906571108 0
346 0.6231084469366412 0.2725791613249341 0
347 0.613623843224254 0.2710005403628543 0
348 0.6197389664097027 0.2635688219711012 0
349 0.6102382171369756 0.2619807939285375 0
350 0.6163662048563545 0.2545363866973044 0
351 0.6068413899921072 0.2529417656533601 0
352 0.6006776840726363 0.260423385461654 0
353 0.5972570451746875 0.2513302667661081 0
354 0.5910573578475152 0.2588710129143522 0
355 0.5876158575279524 0.2497014017460942 0
356 0.5813794016218869 0.2572897621234672 0
357 0.5779208178208808 0.2480834335698061 0
358 0.5716621252771323 0.255710646643578 0
359 0.5681862606549445 0.2464352269240462 0
360 0.5618938971193642 0.2541164924111526 0
361 0.5583726591388363 0.2447961405661225 0
362 0.5520495980757928 0.2525341542253344 0
363 0.548504940176775 0.243187695850046 0
364 0.5421921465242198 0.25093991633754 0
365 0.545743504370848 0.2602871850119924 0
366 0.5358811551054767 0.2586952775273247 0
367 0.539442981228593 0.2680392541052316 0
368 0.5295722888280585 0.2664506588696594 0
369 0.5331338053885952 0.2757949502647945 0
370 0.5232610239498352 0.2742072638937151 0
371 0.5196992898486175 0.2648630518398237 0
372 0.5133879012872757 0.2726197243084714 0
373 0.5098261420132872 0.2632755341735586 0
374 0.5035147317815972 0.2710322085672591 0
375 0.499952964702978 0.2616880224038294 0
376 0.4936415495567151 0.2694446977791434 0
377 0.4900797803601316 0.2601005124432797 0
378 0.4837683640425468 0.2678571881199074 0
379 0.4802065942977621 0.2585130029721794 0
380 0.4738951776935788 0.2662696787303789 0
381 0.4703334078096683 0.2569254936276101 0
382 0.464021991134534 0.2646821694068973 0
383 0.4604602212156074 0.2553379843151373 0
384 0.4541488045228153 0.2630946600997726 0
385 0.4577105744544302 0.2724388451876027 0
386 0.447837387830014 0.270851335884398 0
387 0.4442756178984003 0.2615071507965695 0
388 0.43796420120055 0.2692638265827495 0
389 0.4344024312698861 0.2599196414946288 0
390 0.4280910145714107 0.2676763172810015 0
391 0.4245292446407426 0.2583321321928818 0
392 0.4182178279421034 0.2660888079793047 0
393 0.4146560580114663 0.2567446228911757 0
394 0.4083446413128073 0.2645012986776051 0
395 0.40478287138217 0.2551571135894762 0
396 0.3984714546835056 0.262913789375907 0
397 0.3949096847528693 0.2535696042877778 0
398 0.4972033209765976 0.2787888823928449 0
399 0.4012211014515347 0.2458129285013468 0
400 0.3913573016065964 0.2442415192146659 0
401 0.3850380625876283 0.2519847783219158 0
402 0.3814747281929316 0.2426379098979505 0
403 0.3751635722382762 0.2503950329070209 0
404 0.3715678676932198 0.2410633273364106 0
405 0.3652845560105644 0.2488093053764831 0
406 0.3617218144801931 0.2394654172502139 0
407 0.3554164128769348 0.247219773373045 0
408 0.3518539906695491 0.237875837367476 0
409 0.3455489432091115 0.2455981147178265 0
410 0.3492828541157442 0.2548713555258576 0
411 0.3419826506702702 0.2362822914100178 0
412 0.3356735954247607 0.2440255678006941 0
413 0.3321094116201309 0.2346962697297872 0
414 0.3258031757512149 0.2424209180144442 0
415 0.3222366774133157 0.2331061516175751 0
416 0.3159253361183978 0.2408623926022536 0
417 0.3123627906871759 0.2315230381623759 0
418 0.3060512573057038 0.2392804465898899 0
419 0.3024893386778358 0.2299371887166498 0
420 0.2961819241603441 0.2376689753261035 0
421 0.2999143750576735 0.2469442071525562 0
422 0.2926167500658513 0.2283459623972656 0
423 0.2863094794479189 0.2360768528611096 0
424 0.2827437867589152 0.2267570647320705 0
425 0.2764324072806439 0.2345135091245854 0
426 0.2728699897603456 0.2251733516306518 0
427 0.2665616606976036 0.2329108245247966 0
428 0.2629971080772094 0.2235839458126518 0
429 0.2566889315670398 0.2313204699206998 0
430 0.2531240485220583 0.2219956462078369 0
431 0.2468152711528321 0.2297359072306545 0
432 0.2503736552439802 0.2391011498504346 0
433 0.2432508041076307 0.2204084962908947 0
434 0.2369419959285251 0.2281489489283577 0
435 0.2333775930816404 0.2188211387198895 0
436 0.227068219373369 0.2265651085490806 0
437 0.2235043040652483 0.2172342661937103 0
438 0.2171939119733137 0.2249845696499702 0
439 0.2136309135763059 0.21564802475503 0
440 0.2073212244552642 0.2233939562288008 0
441 0.2037505080546836 0.2141054118650077 0
442 0.1974451563082204 0.2218243679323005 0
443 0.2013100650407045 0.231323519888109 0
444 0.1938756380237048 0.2125283721327886 0
445 0.1875712088590155 0.2202415903930486 0
446 0.1840093121250622 0.2108981939319932 0
447 0.1776990388815066 0.2186477582352414 0
448 0.1741374383928358 0.2093025193377606 0
449 0.1678262405103495 0.2170578342421026 0
450 0.1642645352894042 0.2077132467054 0
451 0.1579531658450502 0.2154696286033875 0
452 0.1543914145750812 0.2061253274590885 0
453 0.1480800088622454 0.2138819349214177 0
454 0.144518243872692 0.204537719103243 0
455 0.1382068298285119 0.2122943783806494 0
456 0.1615149436514051 0.22481376471011 0
457 0.1705493959829499 0.2001217305148188 0
458 0.2100687855641667 0.2063060666809525 0
459 0.2495615320813735 0.2126561038877452 0
460 0.2890542785985803 0.2190061410945378 0
461 0.328506075856313 0.2256108015943261 0
462 0.3680086809311256 0.2318114377552331 0
463 0.4667716379162279 0.2475813085280998 0
464 0.5268227846311233 0.2835514525579808 0
465 0.4963911978139304 0.2523438364302161 0
466 0.3976593315208989 0.2364687434132176 0
467 0.536695972934931 0.2851389604558463 0
468 0.5303846195908469 0.2928956090359269 0
469 0.5548328004473717 0.2354449079341228 0
470 0.544953408342904 0.2338397407707606 0
471 0.4308406613394025 0.2505754564064521 0
472 0.5402578172363035 0.2944831129485406 0
473 0.5339464130330025 0.3022397838178283 0
474 0.5841691201246336 0.2405199369837514 0
475 0.5512695960990801 0.2260835156445899 0
476 0.5415851689320517 0.224418180925767 0
477 0.5438196035946554 0.3038272909825844 0
478 0.537508189911107 0.3115839659020588 0
479 0.4513991577598358 0.2801955209727781 0
480 0.4020332246141416 0.272257974464036 0
481 0.5276350036236226 0.3099964568459495 0
482 0.5312185101503861 0.3192054649509093 0
483 0.5213272112064284 0.3177306029001494 0
484 0.5245008159481699 0.32709233063539 0
485 0.5150924766931033 0.3256222212822752 0
486 0.5181127319382692 0.335028371680363 0
487 0.5087766029223798 0.33345901860285 0
488 0.5122267896380266 0.3425912881764844 0
489 0.5023893401027427 0.3410231603176602 0
490 0.5056801294033584 0.3500486348552314 0
491 0.4961902778294716 0.3488548861699019 0
492 0.4993340359902685 0.3578562165456617 0
493 0.4898851880804498 0.3566737238473894 0
494 0.4932971148427448 0.3658589318209104 0
495 0.4834630577765058 0.3643535985363602 0
496 0.4870129953662343 0.3736438141940048 0
497 0.4771443581451935 0.3720610063844447 0
498 0.4807049146136647 0.3813969799432591 0
499 0.470832283846614 0.3798088860297256 0
500 0.4743940286916226 0.3891507255894918 0
501 0.4645208462419111 0.3875636076240355 0
502 0.4680826130481507 0.3969074668072212 0
503 0.4582094264659495 0.3953199688051 0
504 0.4617711961183461 0.404664089729767 0
505 0.451898009447056 0.4030765835347598 0
506 0.4716443828279219 0.4062515994456845 0
507 0.4653907252844673 0.413986250545199 0
508 0.475215779551153 0.4155921049739322 0
509 0.4689637264982751 0.4233261515550775 0
510 0.4483362391035128 0.3937323990500788 0
511 0.4419615034862552 0.4018828655048584 0
512 0.4384524990827915 0.3922105118457178 0
513 0.4320760046891533 0.4003719253922737 0
514 0.4285755014796396 0.3906467013860194 0
515 0.422263449977261 0.3984073271880416 0
516 0.4187166788383624 0.3889698573565221 0
517 0.4124027626182181 0.3967420809088787 0
518 0.4088243710988836 0.3873533325611507 0
519 0.4024818455870417 0.3952593893038513 0
520 0.3988307589755707 0.3855874143784415 0
521 0.3924690620483246 0.3936243507971072 0
522 0.3956106464623799 0.4040047628607171 0
523 0.3882447825349786 0.383497780030536 0
524 0.3810046910580669 0.3925526311538355 0
525 0.478781026106242 0.4249349626828849 0
526 0.4724701891221293 0.4326914175481473 0
527 0.4823341578683148 0.4342824399191543 0
528 0.4760213017520326 0.4420396647056356 0
529 0.3762946294011132 0.3806389045938436 0
530 0.3681490107746711 0.3913370692237145 0
531 0.485892712165893 0.4436278506040463 0
532 0.4795807598055281 0.4513847309652981 0
533 0.4893938645376024 0.4529238130719691 0
534 0.4831320417753113 0.4607210257058279 0
535 0.4732671206733068 0.4591402729397278 0
536 0.4768285205582933 0.4684842688529341 0
537 0.4867016455146677 0.4700717462106301 0
538 0.48039217207454 0.4778300482975389 0
539 0.4902706761168333 0.4794191418989535 0
540 0.483889299396167 0.4872033368923163 0
541 0.4939151337351906 0.4888041181298591 0
542 0.487505714386603 0.4965810860646888 0
543 0.3628182575107877 0.3778024550607534 0
544 0.353555541169947 0.3900541722083701 0
545 0.4976119069371414 0.4983843569865626 0
546 0.4909673452659392 0.5065308344128533 0
547 0.4921037865618013 0.4357898824826708 0
548 0.5023105503760742 0.3671151888168392 0
549 0.3475512393942817 0.3752485389206509 0
550 0.3368012345557901 0.3884070192009514 0
551 0.3439185906531999 0.4047652836162867 0
552 0.4765839686677074 0.4947781897758934 0
553 0.3248570927598854 0.4031764947338015 0
554 0.3331502754412994 0.4224630322313326 0
555 0.3114928795258267 0.4200340220427691 0
556 0.5039220329554945 0.4903381088698282 0
557 0.5077333268346444 0.4997782528070119 0
558 0.415059373069975 0.3801482325668037 0
559 0.3207639729648452 0.4410619136263848 0
560 0.297423849562561 0.4384395865233914 0
561 0.2891669233913931 0.4165984448735013 0
562 0.2738641311313922 0.4346645736474366 0
563 0.5138894106706868 0.491707979161673 0
564 0.2653202775847727 0.4127489015102822 0
565 0.2496993656890527 0.4313844370835958 0
566 0.3310781149266852 0.3720798613813375 0
567 0.2402261440872877 0.4092380806137089 0
568 0.2256701720261941 0.4284765595379594 0
569 0.5177323034462415 0.5009605279905133 0
570 0.2154325780172265 0.4056310763071381 0
571 0.199069445950784 0.4286212935613429 0
572 0.1904137569899826 0.4028352554801045 0
573 0.1744630333122071 0.4221913805587781 0
574 0.1663087771232078 0.3989575585595433 0
575 0.148585784529166 0.420557680013106 0
576 0.1409920184540387 0.3917881993576827 0
577 0.1224375332783859 0.4168111754910864 0
578 0.1130577236733718 0.3908615814946801 0
579 0.0958565413835679 0.4119770071873135 0
580 0.08613106295585077 0.3873622189924261 0
581 0.06937062651098919 0.4087912852808498 0
582 0.05783608930756904 0.3837264560751052 0
583 0.04203810422355214 0.4050232208770188 0
584 0.02957186841370871 0.3800078301858528 0
585 0.01437890410061452 0.4012247298607118 0
586 0.002727859837790562 0.3757019288024144 0
587 -0.01281749176894161 0.3974060084877297 0
588 -0.02392805388741734 0.3714530516789415 0
589 -0.04105411353160693 0.3943633829625007 0
590 -0.0516145686818938 0.3675779997544681 0
591 -0.03502409961482422 0.3460613754589086 0
592 -0.05982661523928881 0.3417576299988456 0
593 -0.04550708940704511 0.3226291276033053 0
594 -0.06735750286981913 0.3185785742409017 0
595 -0.05406811066649309 0.2989500621552578 0
596 -0.07453559749545179 0.2980116198425082 0
597 -0.06427702883416592 0.2824510190775242 0
598 -0.08114603466908488 0.2804762671311664 0
599 -0.07011004676736204 0.267391928860117 0
600 -0.0856624131304928 0.2652197522200648 0
601 -0.07479344570396755 0.2523102898607277 0
602 -0.0897275900722271 0.2514200634498428 0
603 -0.08210935527863952 0.2409346748567217 0
604 -0.09419911695573657 0.2394166425863575 0
605 -0.08636396820884523 0.2306864766596051 0
606 -0.07591881183383126 0.2318526803484917 0
607 -0.07962946440488074 0.2227590761453692 0
608 -0.08980001300549947 0.2208021245649515 0
609 -0.06983526787363262 0.2238310030336239 0
610 -0.07348804935878639 0.2148706065542687 0
611 -0.06382944276774506 0.2158518280370907 0
612 -0.06733628823673218 0.2069930410122756 0
613 -0.05780714739788912 0.2078875803837271 0
614 -0.06176630626385324 0.1986959737095521 0
615 -0.05187735255295973 0.1998424581319607 0
616 -0.05627732312725126 0.1903184893413735 0
617 -0.04597636293180513 0.1917704790498249 0
618 0.1346450611638038 0.2029501854193419 0
619 0.1283336451185405 0.2107068571420724 0
620 0.1247185476520404 0.201694331662805 0
621 0.1184515709953836 0.209174621775088 0
622 0.1148666971902802 0.1999741264683233 0
623 -0.04992421154716417 0.1825643012156806 0
624 -0.06028349571371384 0.1808065690169132 0
625 -0.03991044551360438 0.1838156373525778 0
626 -0.03599008462149529 0.1930022920543684 0
627 -0.05387113467447108 0.173314897452592 0
628 -0.06369968632726067 0.1722366902849155 0
629 -0.02998368466484629 0.1850064987941583 0
630 -0.02605212445624381 0.1942008594365185 0
631 0.1313017916173101 0.1942134090880066 0
632 -0.05771957319809887 0.1642152962391382 0
633 -0.06749729714113034 0.1629803363543126 0
634 -0.02005333668597928 0.1861998282101446 0
635 -0.01612161927168685 0.1953942971308987 0
636 -0.06161516764839115 0.1550262495312907 0
637 -0.07140075091230061 0.1537763820636726 0
638 -0.1027603148831984 0.2487994129289626 0
639 -0.01012451463311563 0.1873921077791963 0
640 -0.006192610904568928 0.1965867049027078 0
641 -0.06553626191238227 0.1458310285140515 0
642 -0.07546314503255198 0.1446387386461782 0
643 -0.06948809620366954 0.1366458302573114 0
644 -0.07942010266172146 0.1354552108495206 0
645 -0.05956304098122532 0.1378395951089083 0
646 -0.0854174582580125 0.1434578695209786 0
647 -0.08935529221938673 0.1342659195427268 0
648 -0.09535149581052152 0.1422680539527094 0
649 -0.09928426797131232 0.1330738672889707 0
650 -0.1052811184499155 0.141076287152768 0
651 -0.1092132124996678 0.1318818008092302 0
652 -0.1152100000665286 0.1398841927765506 0
653 -0.0001957311851388153 0.18858436078954 0
654 0.003736141558836039 0.1977789365943297 0
655 -0.06349885038225497 0.1286468412702945 0
656 -0.05357142899438886 0.1298395926888671 0
657 -0.08971190666667357 0.31585288333665 0
658 -0.06992470466828785 0.3902350928751566 0
659 0.009732954077205064 0.1897765462421531 0
660 0.00580107589282626 0.1805819666939592 0
661 0.01366483500736204 0.1989711276796271 0
662 0.01572975771972318 0.181774149782772 0
663 0.01179787805603573 0.1725795692167107 0
664 0.02172655906380692 0.1737717517419122 0
665 0.01779467901704706 0.1645771709122712 0
666 0.0277233598244519 0.1657693532996074 0
667 0.02379147968045225 0.1565747724030589 0
668 0.03372016043825604 0.1577669547562664 0
669 0.02978828026978296 0.1485723738428785 0
670 0.03971696101524099 0.1497645561875913 0
671 0.03578508084063138 0.140569975269981 0
672 0.04571376158300908 0.1417621576125743 0
673 -0.05750417321947186 0.120645410681103 0
674 -0.1032163892845549 0.1238793930738766 0
675 -0.1131451144415844 0.1226872295290109 0
676 0.04178188140686329 0.1325675766939071 0
677 0.05171056214847156 0.133759759035971 0
678 -0.1071483127209945 0.114684831307039 0
679 -0.11707700427075 0.1134926528925435 0
680 0.04777868197194149 0.1245651781170394 0
681 0.05770736271335744 0.1257573604589709 0
682 0.03785000123061095 0.1233729957751666 0
683 0.1085804591450297 0.2075742088137115 0
684 0.122020747599688 0.2184727425841927 0
685 0.007912689112940552 0.2068689046792925 0
686 0.0174379585871089 0.2082336002351052 0
687 0.5209044451662243 0.3445620230186835 0
688 0.04384680179537227 0.1153705971980808 0
689 0.03391812105403525 0.1141784148562036 0
690 -0.1110802011591752 0.1054902540555361 0
691 -0.121008883308376 0.1042980714819513 0
692 -0.1270056848531917 0.1123004696257772 0
693 -0.1309375643133937 0.1031058894095907 0
694 -0.1369343655397565 0.1111082865729856 0
695 -0.1408662449495633 0.1019137057531724 0
696 -0.1468630461822005 0.1099161032918468 0
697 -0.1507949256614336 0.1007215231484749 0
698 -0.1567917268299077 0.108723920147937 0
699 -0.1607236061732316 0.09952933888825821 0
700 -0.1667204074451468 0.1075317367509788 0
701 -0.1627885281009109 0.1167263179991899 0
702 -0.1724947098562192 0.1154389875178002 0
703 -0.1766120049249656 0.1063236955753971 0
704 -0.1819509943120156 0.1145334615832777 0
705 -0.186455772336223 0.105176645560776 0
706 -0.1920092889193352 0.1134917239690057 0
707 0.02500246331991915 0.428450715678852 0
708 0.2387396187258547 0.4501366034454578 0
709 0.3068637865082984 0.4607940289883382 0
710 0.1593664944669612 0.4468918258502411 0
711 -0.05864942225000903 0.4184136975688349 0
712 -0.08989949388232718 0.4137914811782494 0
713 0.01185888775302124 0.2160573653987125 0
714 0.02134576574151906 0.2174384763936013 0
715 0.01554448762518638 0.2253572638215876 0
716 0.02543212164912274 0.2265669990807842 0
717 0.4737831548827842 0.362671409320774 0
718 0.4669566497138345 0.4668978545057086 0
719 0.4260429810254712 0.4092392737688186 0
720 0.5238140437932318 0.4930003777283612 0
721 0.03991492161874268 0.1061760162790807 0
722 0.02998624087739558 0.1049838339371965 0
723 -0.124940764869435 0.09510349358135753 0
724 0.5277144307435903 0.5022408359689778 0
725 0.5215078862151329 0.5102556863504195 0
726 -0.07736008551622837 0.4436978185962408 0
727 -0.1103423263409585 0.4388099836138338 0
728 0.3846953960371249 0.372220265792273 0
729 0.06163924289002634 0.134951941377998 0
730 0.06763604345477342 0.1269495428009025 0
731 0.5315989010945117 0.5115121255951922 0
732 0.5254175721013385 0.5196017988493563 0
733 0.0195243670618797 0.2345313189534871 0
734 0.02939432284681939 0.2357486138966843 0
735 0.02346930061871695 0.2437203178908002 0
736 0.03333685690113906 0.2449386389015263 0
737 -0.1547268077049138 0.09152694271423203 0
738 0.03598304144209236 0.09698143536006634 0
739 0.02605436070074178 0.09578925301817982 0
740 0.03765204061765626 0.1669615356771728 0
741 0.07156792363142271 0.1361441237199161 0
742 0.07756472419612379 0.1281417251427889 0
743 -0.111278118438117 0.149078773042195 0
744 -0.1682801331194526 0.1252010841948629 0
745 0.0312077211571594 0.21927950008888 0
746 0.5337265582386236 0.4942707656302404 0
747 0.5298824231544634 0.4850494776902563 0
748 -0.09707582615893937 0.4703233702050108 0
749 -0.130640996721679 0.4653975178632723 0
750 -0.1432535710249831 0.4332518377164952 0
751 0.04591172218344473 0.09817361770195411 0
752 0.01985959986689646 0.147380191357775 0
753 0.02005756013604832 0.1037916515953123 0
754 0.01612567995939115 0.09459707067629328 0
755 0.005445410440633366 0.2231385718363671 0
756 0.02734183198272248 0.2529402781596291 0
757 0.03726062125529887 0.2541366903931512 0
758 0.5419939078936644 0.3220774745221609 0
759 0.04325577324186311 0.2461349967979579 0
760 0.04718602601841682 0.255330273642735 0
761 0.08149660437278174 0.1373363060618085 0
762 0.08749340493747695 0.1293339074846772 0
763 0.0835615247608187 0.1201393265656574 0
764 0.09349020550217085 0.121331508907545 0
765 0.08955832532551264 0.1121369279885252 0
766 0.09948700606686459 0.1133291103304127 0
767 0.1034188862435228 0.1225236912494325 0
768 0.1094156868082165 0.1145212926723002 0
769 0.1133475669848746 0.12371587359132 0
770 0.1193443675495683 0.1157134750141877 0
771 0.1232762477262264 0.1249080559332075 0
772 0.1292730482909202 0.1169056573560752 0
773 0.1332049284675783 0.126100238275095 0
774 0.1392017290322721 0.1180978396979628 0
775 0.1431336092089302 0.1272924206169826 0
776 0.1491304097736239 0.1192900220398503 0
777 0.1530622899502821 0.1284846029588701 0
778 0.1590590905149759 0.1204822043817378 0
779 0.162990970691634 0.1296767853007576 0
780 0.1689877712563277 0.1216743867236253 0
781 0.1729196514329858 0.1308689676426451 0
782 0.1789164519976796 0.1228665690655129 0
783 0.1828483321743377 0.1320611499845326 0
784 0.1888451327390315 0.1240587514074003 0
785 0.1927770129156896 0.1332533323264202 0
786 0.1987738134803834 0.1252509337492879 0
787 0.2027056936570415 0.1344455146683077 0
788 0.2087024942217353 0.1264431160911755 0
789 0.2126343743983933 0.1356376970101953 0
790 0.2186311749630872 0.127635298433063 0
791 0.2225630551397452 0.1368298793520829 0
792 0.2285598557044391 0.1288274807749504 0
793 0.2324917358810971 0.1380220616939705 0
794 0.2384885364457909 0.130019663116838 0
795 0.242420416622449 0.1392142440358582 0
796 0.2484172171871428 0.1312118454587258 0
797 0.2523490973638008 0.1404064263777459 0
798 0.2583458979284947 0.1324040278006136 0
799 0.2622777781051526 0.1415986087196335 0
800 0.2682745786698465 0.1335962101425012 0
801 0.2722064588465045 0.142790791061521 0
802 0.2782032594111983 0.1347883924843888 0
803 0.2821351395878563 0.1439829734034087 0
804 0.2881319401525502 0.1359805748262765 0
805 0.2920638203292083 0.1451751557452965 0
806 0.2980606208939021 0.1371727571681642 0
807 0.3019925010705601 0.1463673380871841 0
808 0.307989301635254 0.1383649395100519 0
809 0.311921181811912 0.1475595204290718 0
810 0.3179179823766058 0.1395571218519396 0
811 0.3218498625532639 0.1487517027709594 0
812 0.3278466631179577 0.1407493041938273 0
813 0.3317785432946157 0.1499438851128471 0
814 0.3377753438593096 0.1419414865357148 0
815 0.3417072240359676 0.1511360674547346 0
816 0.1054838066315583 0.1053267117532804 0
817 0.3477040246006616 0.1431336688776023 0
818 0.3516359047773195 0.1523282497966222 0
819 0.1451985295969655 0.1100954411208303 0
820 0.3576327053420135 0.14432585121949 0
821 0.3615645855186715 0.1535204321385099 0
822 0.5397546766784092 0.4862918593828544 0
823 0.5359347898785277 0.4770885944149976 0
824 0.1849132525623732 0.1148641704883805 0
825 -0.1652435295280259 0.4610154942562223 0
826 -0.1786877948035119 0.4269379758752475 0
827 0.4930930926681014 0.3393071868131619 0
828 0.334311940542342 0.4635533315947938 0
829 0.317484962941387 0.4840025503547631 0
830 0.03205116126543618 0.087786854441048 0
831 0.224627975527781 0.1196328998559301 0
832 0.3675613860833654 0.1455180335613778 0
833 0.3714932662600235 0.1547126144803973 0
834 0.343092959720359 0.3578308655163995 0
835 0.3268765399059618 0.3562782240564314 0
836 0.1049598317412513 0.1985960756386261 0
837 0.3774900668247172 0.1467102159032652 0
838 0.3814219470013753 0.1559047968222849 0
839 0.3874187475660691 0.1479023982451527 0
840 0.3913506277427269 0.1570969791641714 0
841 0.3555677849539777 0.1615228307156416 0
842 0.2643426984931881 0.1244016292234804 0
843 -0.1212068321871141 0.14788660444069 0
844 -0.1172749579843233 0.1570811879891376 0
845 -0.1272036449929879 0.1558890075638853 0
846 -0.1232717675710785 0.1650835896888422 0
847 -0.1332004495865012 0.1638914070557168 0
848 -0.1292685712180953 0.173085988864798 0
849 -0.1389169564599503 0.1719565666954674 0
850 -0.1352177788975236 0.1810995051281253 0
851 -0.1464431008592265 0.1792851700562858 0
852 0.2062044833830258 0.3812958964333378 0
853 0.31585306198857 0.1567541013480909 0
854 0.3434381920807917 0.4878298827480815 0
855 0.3277140900225134 0.5083940722378635 0
856 0.6129844639740063 0.2454845082718042 0
857 0.6225253638072301 0.247085257129936 0
858 0.0531823834031076 0.2473281208958529 0
859 0.05714601491045336 0.2565267878576421 0
860 0.3853538271780331 0.1650993777413044 0
861 0.3952825079193849 0.1662915600831926 0
862 0.4012793084840787 0.1582891615060579 0
863 0.4052111886607366 0.16748374242508 0
864 0.4112079892254309 0.1594813438479487 0
865 0.4151398694020886 0.1686759247669685 0
866 0.01012887939469741 0.1025994692534256 0
867 0.006196999218039369 0.09340488833440595 0
868 0.3365315127481471 0.3449604294340977 0
869 0.3228861670913226 0.3424867191313883 0
870 0.3539076155235004 0.510696506164028 0
871 0.01716028503096891 0.251259282030192 0
872 0.0212700921313214 0.260969391566664 0
873 0.05113192439463983 0.2645828229662764 0
874 0.06113185024962751 0.2657532495806983 0
875 0.4211366699667823 0.1606735261898368 0
876 0.4250685501434404 0.1698681071088565 0
877 0.1255239291647464 0.3690139876399572 0
878 0.2761383390231623 0.1519853719805409 0
879 0.06678337677730076 0.2585356502146285 0
880 0.07091019690723915 0.2673524199915451 0
881 0.3040574214585962 0.1291703585910316 0
882 0.3338434636826517 0.1327469056166949 0
883 -0.1177208545451534 0.4979315745625734 0
884 -0.08257018092529689 0.5019728922672457 0
885 0.3385793742285618 0.5331091568152467 0
886 0.3666188043910202 0.5360260468073327 0
887 0.3100466500651913 0.530336214182609 0
888 0.5458576684695347 0.4783699276799928 0
889 0.5420043939533545 0.4691411913665689 0
890 0.2364236160577551 0.1472166426129904 0
891 0.5359956678700551 0.5212099536898127 0
892 0.52909865210661 0.5302005975747379 0
893 -0.02398532629951571 0.177005172583116 0
894 -0.05401008368809102 0.2162774482939526 0
895 0.5497716932192207 0.4877474118632832 0
896 0.331728273956218 0.332965924089155 0
897 0.319594306845301 0.3302689249125565 0
898 0.3434692198508182 0.3342916445720897 0
899 0.1967088930923479 0.1424479132454387 0
900 0.1172794471615301 0.1329104545103336 0
901 0.09870200517559805 0.2060194586474005 0
902 0.09513935735494018 0.1966807334151691 0
903 -0.2010930408698475 0.4562444625181783 0
904 -0.214915361286862 0.4207905632966487 0
905 0.3393934917942226 0.3240727256377229 0
906 0.3496768694496908 0.3256598107628639 0
907 0.5477480671020428 0.216724157020272 0
908 0.5380669239972922 0.215056830599839 0
909 0.1569941701269405 0.1376791838778882 0
910 0.4310653507081338 0.1618657085317236 0
911 0.4349972308847921 0.1710602894507443 0
912 0.429000430320098 0.1790626880278762 0
913 0.4389291110614497 0.1802548703697655 0
914 0.444925911626144 0.1722524717926316 0
915 0.4488577918028012 0.1814470527116541 0
916 0.4548545923674957 0.1734446541345193 0
917 0.4587864725441538 0.1826392350535399 0
918 0.3735581866480585 0.1375156349842445 0
919 0.4647832731088475 0.1746368364764074 0
920 0.4687151532855058 0.1838314173954273 0
921 0.06481487876079442 0.2755240941306871 0
922 0.07569134139584301 0.2765643052732115 0
923 0.08143468695402792 0.266598783039917 0
924 0.08639837730059423 0.2775334281451228 0
925 0.09261107843418581 0.2688105243790512 0
926 0.09701904346669507 0.2785175105115852 0
927 0.1030961320182064 0.2697438465862033 0
928 0.1075622640714635 0.2794100324215987 0
929 0.1135893650754615 0.270683537937871 0
930 0.1180578526405747 0.2801925118771276 0
931 0.1239924575796508 0.2716947172671939 0
932 0.1284560795511363 0.2810594090006224 0
933 0.4329323104967555 0.1882572689468965 0
934 0.3892857073546909 0.1742939586603246 0
935 0.3463658697422234 0.3163753956673864 0
936 0.3559271487904232 0.3176528310245226 0
937 0.1343258160328546 0.2726122142502334 0
938 0.1388172602433212 0.2818086214898714 0
939 0.1445112580742411 0.2735219193206062 0
940 0.1490590338233515 0.2825645983213293 0
941 0.1548192010137978 0.2743225335427804 0
942 0.1592227737346343 0.2833020464817343 0
943 0.4747119538501994 0.1758290188182949 0
944 0.4786438340268578 0.1850235997373147 0
945 0.01061063183931607 0.2593190989616946 0
946 0.01524731833550782 0.2698393720554679 0
947 0.462533680783366 0.4314833618733247 0
948 -0.04757584660804426 0.1218377551659797 0
949 -0.05150792909987593 0.1126432673077412 0
950 -0.1039573932527435 0.5310138029243114 0
951 -0.06661060726137437 0.5346343830373546 0
952 0.1650357416273456 0.2750362102222559 0
953 0.1694098201327258 0.2840458473196591 0
954 0.3101474563888261 0.3394691855826443 0
955 0.307542830918714 0.3253161711544563 0
956 0.2974359837823527 0.3358559822172147 0
957 0.2946273370794529 0.3231920957259175 0
958 0.302375884274348 0.3144236704032238 0
959 0.2916666811663113 0.3119211618180269 0
960 0.2830537740082351 0.3196255609155345 0
961 0.2806642465520577 0.3086801286452834 0
962 0.2720621226634712 0.3160468550456518 0
963 0.2696865710084156 0.3051309939474511 0
964 0.2612545274044916 0.3124210201469683 0
965 0.2591499879110724 0.301542729769206 0
966 0.2507925782949887 0.3086580111031401 0
967 0.2487301256658176 0.2980915972718684 0
968 0.2404962117737392 0.3051255765558437 0
969 0.2384443150980243 0.294715506316031 0
970 0.2303608679169481 0.3016535403093942 0
971 0.2283860540266205 0.2913383233387784 0
972 0.07549980380808805 0.1453387046389408 0
973 0.6191357992115036 0.2380119219764979 0
974 0.6287046748232509 0.2396166927211919 0
975 0.08883672603010645 0.2043827703813071 0
976 0.3225564910893728 0.5582847860752514 0
977 0.2911452411792587 0.5542912122004974 0
978 0.5528387491992099 0.4705812254120978 0
979 0.5485577272201905 0.4612990049106467 0
980 0.1749490277668852 0.2756496861063003 0
981 0.1019430139117871 0.1898622708648623 0
982 0.2671782289411952 0.294339973823654 0
983 -0.1194087374322109 0.1743076132578403 0
984 0.5442027034314388 0.2073736439381587 0
985 0.5540052015074934 0.2092197894993944 0
986 0.534450868345822 0.2057331737042254 0
987 0.4846406345915513 0.1770212011601822 0
988 0.5405342031538948 0.531682061713898 0
989 0.5332616325541382 0.5418878749533993 0
990 0.5186656118208007 0.5379030558676666 0
991 0.5244280168559711 0.5530580248193823 0
992 0.5086946966167726 0.5504440693936734 0
993 0.5139221947730959 0.5658349201730341 0
994 0.4965355363574305 0.5633848985445791 0
995 0.5029586228225925 0.5812978290101518 0
996 0.4817745520721087 0.5783889336582131 0
997 0.1637143214261732 0.2924523198614795 0
998 0.4627183527208119 0.1918338159725611 0
999 0.2993476415129271 0.3051533039099611 0
1000 0.4172047897901242 0.1514789452708132 0
1001 0.1015906555461376 0.2864609315343262 0
1002 0.1740346884642811 0.2934462516319355 0
1003 0.08527912931388061 0.1950126308470059 0
1004 0.5279706420312679 0.2135472319596464 0
1005 -0.1011515202229492 0.1066824371657776 0
1006 -0.04364402627076634 0.1310323633158195 0
1007 -0.238364514964565 0.4505894823289811 0
1008 -0.2240572515511952 0.4866300805482074 0
1009 -0.2518070403904425 0.4151378509374282 0
1010 -0.228438525032461 0.3857467329181751 0
1011 -0.2646658367144165 0.3799851672410136 0
1012 -0.2422337807096392 0.3509261167743947 0
1013 -0.2773847902835864 0.3455384105760443 0
1014 -0.2554500657579554 0.3170289864323254 0
1015 0.5501310208129364 0.2960706144764873 0
1016 0.3526141642994914 0.3085455787050631 0
1017 0.3624893115940505 0.3100757950157522 0
1018 0.3658860484397997 0.3206822831693701 0
1019 0.3723815071295001 0.3118479046122809 0
1020 0.3760671424264391 0.3209718716395975 0
1021 0.3823160714016674 0.3132055837859931 0
1022 0.385761924429516 0.3223481128190959 0
1023 0.3921666977802651 0.3147401782743027 0
1024 0.3956447940244551 0.3236120104269037 0
1025 0.4020586543366834 0.3162189839827625 0
1026 0.405716877565617 0.3252333645999987 0
1027 0.4119593544032171 0.3177629869125795 0
1028 0.4155985694156684 0.3270101928951662 0
1029 0.421845518280597 0.3193304728972117 0
1030 0.4254853867730871 0.3285769671676652 0
1031 0.4316803657426266 0.3208462410180385 0
1032 0.06906074423475134 0.286189270605373 0
1033 0.09239996018971454 0.2137178489993873 0
1034 0.538233759334502 0.459931491313797 0
1035 0.5443129640581834 0.4519841614542295 0
1036 0.5545915714121074 0.4531578674950231 0
1037 0.5503064494078433 0.4439891147535124 0
1038 0.540385373459489 0.4427346457015074 0
1039 0.5464384193876572 0.4347806796671083 0
1040 0.5563069794216574 0.4360216661440505 0
1041 0.5524910596716031 0.4268268420652668 0
1042 0.5425791170024175 0.4255546607967267 0
1043 0.548643544299384 0.4176046109093068 0
1044 0.5387263356931712 0.4163278617945729 0
1045 0.5447918498361359 0.4083776818851885 0
1046 0.5547100639920135 0.4096557725912728 0
1047 0.5508575664356832 0.4004275770194186 0
1048 0.3688036392579297 0.3023711654568723 0
1049 0.2632263174924042 0.323959803126126 0
1050 -0.0376475592068924 0.1230301188477865 0
1051 -0.03371562416131566 0.132224674530216 0
1052 0.5348739447147512 0.4071001497924294 0
1053 -0.02210149453289584 0.2032584460038759 0
1054 -0.08962449797156591 0.5652876062157859 0
1055 -0.05215440139519824 0.5694621809888275 0
1056 0.3668898334230702 0.4892008571960179 0
1057 0.5395790083929224 0.5550627144536194 0
1058 0.5607756254271314 0.4017053599202721 0
1059 0.5569231570684087 0.3924772222687569 0
1060 0.0854284845494411 0.1465308869808291 0
1061 0.5406391866105991 0.198030086837799 0
1062 0.5309686882261654 0.1963586899920145 0
1063 0.1680208597155498 0.3030653528274774 0
1064 0.1329503389798159 0.2905942688277303 0
1065 0.4353583532915009 0.3301093638999213 0
1066 0.4414269333408206 0.3222662250994704 0
1067 0.0825283355125432 0.2121206254586152 0
1068 0.3041820198136858 0.5832455170295481 0
1069 0.272115853512536 0.5799018422548778 0
1070 0.49038229897341 0.5991322109083485 0
1071 0.4672782016894004 0.5957959721652141 0
1072 -0.05575873071120248 0.2689978340469669 0
1073 0.2464510585973108 0.288402154397853 0
1074 0.6253044415041511 0.2305198325224202 0
1075 0.6348833318407854 0.2321267114967186 0
1076 0.6157138526450936 0.2289182790020112 0
1077 0.3426244815550191 0.3068178601546279 0
1078 0.004317949505800541 0.2684749569483552 0
1079 0.008838597233742985 0.2797989065261637 0
1080 0.1799915009777724 0.303897555030349 0
1081 -0.2899394843562533 0.3119060054647538 0
1082 -0.2666831700172813 0.2854268923088046 0
1083 -0.2343807991107517 0.2899257197739792 0
1084 -0.2458660671171022 0.2600105753341697 0
1085 -0.2768380325566422 0.2549127020351807 0
1086 -0.2567625527675907 0.2319996978155248 0
1087 -0.2868377055936438 0.2258138367031268 0
1088 -0.2629194189772297 0.2031555848208416 0
1089 -0.2944188623003013 0.1984137370946768 0
1090 -0.2759574424479833 0.1790451104217336 0
1091 -0.3026311963096113 0.1727658031803519 0
1092 -0.2825052002792217 0.1534631892942267 0
1093 -0.2514645937276436 0.1798462662464269 0
1094 -0.3109079480344324 0.1478535249024556 0
1095 -0.2928275640308176 0.1293672418748088 0
1096 -0.2155533260489173 0.261532929326948 0
1097 0.4608513929321909 0.1654422555573836 0
1098 0.09893618207888497 0.2605190450476033 0
1099 0.5848614108759806 0.266488348716434 0
1100 -0.1427126195715449 0.1636158005232321 0
1101 -0.0738723800424437 0.1700655234827337 0
1102 0.1401962655846269 0.2645847728730163 0
1103 -0.2051565234789945 0.2920082711725884 0
1104 0.5471337116553201 0.522546367606876 0
1105 -0.2631178429911859 0.4805942524493661 0
1106 -0.2481077269017843 0.5181325768390059 0
1107 0.4090328279043954 0.3339661099435708 0
1108 0.4885389803087297 0.1862301224257195 0
1109 0.4945693153329032 0.1782133835020695 0
1110 -0.0003318882498862109 0.2577631361225495 0
1111 0.1729214934879892 0.3146994322830519 0
1112 0.1864335006702666 0.3158183791635209 0
1113 0.2326642702499797 0.3121355120448561 0
1114 -0.1061082998669706 0.2351994839313372 0
1115 -0.1414133189083098 0.1890375446645136 0
1116 -0.1514416230269998 0.1880085760059109 0
1117 -0.1473289610990617 0.1971108341634747 0
1118 -0.1578227486240916 0.1962106458431565 0
1119 -0.1534433805257136 0.2063427220418116 0
1120 -0.1621923543708773 0.1866038957475578 0
1121 -0.1155582193350723 0.2461413183773561 0
1122 -0.1691266992257873 0.1952836860795913 0
1123 -0.1737319292453531 0.1841827685427462 0
1124 -0.181476445724559 0.19412095384374 0
1125 -0.1864026761672434 0.1820909969799927 0
1126 -0.1370342772836801 0.198506100514967 0
1127 0.1195464787259026 0.2625072731410124 0
1128 -0.2713080856975394 0.1319978357082289 0
1129 -0.277644963733281 0.112913486695024 0
1130 -0.1963919030946408 0.1040170587930233 0
1131 -0.190495280780265 0.09595832505899263 0
1132 -0.2004168430917785 0.09477184032911018 0
1133 -0.1944415273833656 0.08675820762884746 0
1134 -0.2043666270857312 0.08556789682914837 0
1135 -0.1983728099024658 0.07756393842653708 0
1136 -0.2083013910651531 0.07637180719448428 0
1137 -0.2022999864431421 0.06837296767181186 0
1138 -0.2121929128456106 0.06703864240734111 0
1139 -0.1923756226915004 0.06956193409872002 0
1140 -0.1962920585366225 0.06037894321782872 0
1141 -0.1863769026438444 0.0615609972804051 0
1142 -0.2023899460743261 0.1120248895711545 0
1143 -0.1979647693865574 0.1216394117332045 0
1144 -0.2182329916167162 0.07523275291157211 0
1145 -0.2221681660658271 0.06566667716902612 0
1146 -0.2281594486231821 0.07398707661920194 0
1147 -0.2324580061089415 0.06444462171371236 0
1148 -0.2261710309652559 0.05596463706025518 0
1149 -0.1902981671191752 0.05237437441537485 0
1150 -0.1803802673165895 0.05355848040566165 0
1151 -0.2087413058634728 0.1200011852459007 0
1152 -0.2045535510810148 0.1296270567048749 0
1153 0.1709393192012824 0.2671452901421327 0
1154 0.1808373105948735 0.2675817829424046 0
1155 0.531101963520007 0.2490030494355275 0
1156 0.5119174028775123 0.3163420684506795 0
1157 0.5536927944915812 0.3054147980232713 0
1158 0.5600042108608558 0.2976581220137615 0
1159 0.5635659819630604 0.3070023065554436 0
1160 0.5624069392771176 0.4281040028434422 0
1161 0.4774569476399729 0.2756138638138129 0
1162 0.4850812724949132 0.4171825439557921 0
1163 0.5470051229644455 0.3911994887380968 0
1164 0.5530706934137435 0.3832490939488497 0
1165 0.5629887293483535 0.3845268311110256 0
1166 0.5591362614955665 0.3752986944631536 0
1167 0.5690542957340627 0.3765764282606892 0
1168 0.5652018282004404 0.3673482922459513 0
1169 0.5431526600937842 0.3819713619734556 0
1170 0.4447645437839813 0.3848765887986035 0
1171 0.4825701251269363 0.1942205707140874 0
1172 0.2842000599758923 0.1267859939072558 0
1173 0.2047706140450772 0.1172485351721555 0
1174 0.2306272819853768 0.2359261312470382 0
1175 0.3921600379848401 0.2706704651623381 0
1176 0.007865998253276156 0.1633849894878887 0
1177 0.1507915936361987 0.1970177927675563 0
1178 0.01219379978273305 0.08540248975727362 0
1179 0.002265119041381191 0.08421030741538622 0
1180 0.008261919606074856 0.07620790883825387 0
1181 -0.001666761135277039 0.07501572649636645 0
1182 0.004330039429416631 0.06701332791923413 0
1183 -0.005598641311935255 0.06582114557734672 0
1184 -0.01159544183918129 0.07382354384260928 0
1185 -0.01552732204704586 0.06462896318348099 0
1186 -0.02152412257325168 0.07263136144008055 0
1187 -0.02545600278614395 0.06343678082282367 0
1188 -0.03145280335046198 0.0714391793968277 0
1189 -0.03538468353309662 0.06224459852758037 0
1190 -0.04138148409872373 0.07024699711248675 0
1191 -0.04531336427653362 0.06105241620305807 0
1192 -0.05131016476800402 0.06905481417037559 0
1193 -0.05524204500622108 0.05986023376402756 0
1194 -0.0612388454953999 0.06786263171226038 0
1195 -0.0651707257433029 0.05866805138657834 0
1196 -0.07116752630728487 0.06667044995778371 0
1197 -0.07509940649569863 0.05747586913666573 0
1198 -0.08109620706223293 0.06547826772912724 0
1199 -0.08502808724115718 0.05628368682897928 0
1200 -0.04924524445178724 0.05185783527234045 0
1201 -0.009530521487553269 0.05662656464966388 0
1202 -0.09102488780653528 0.0642860854118118 0
1203 -0.09495676798368526 0.05509150449688736 0
1204 -0.06723564459559273 0.07586503002251935 0
1205 0.1904312492450886 0.2019668665537007 0
1206 0.2693079053399769 0.2158311224911415 0
1207 0.319804014250976 0.2502756467755334 0
1208 0.01425872017076851 0.06820551026112152 0
1209 -0.003731680360878372 0.09221270769104108 0
1210 0.22981515882277 0.2094810852843488 0
1211 0.2701200285025835 0.2422761684538309 0
1212 0.1768515316096443 0.1400635485616628 0
1213 -0.02938788296939902 0.05424219995874339 0
1214 0.3482762046135266 0.2286377703251413 0
1215 -0.2102956970022673 0.09354189818203076 0
1216 0.1650558910796695 0.1124798058046055 0
1217 0.3688518947956009 0.2581512614708127 0
1218 0.1371368086442367 0.135294819194113 0
1219 0.01032683999411028 0.05901092934210178 0
1220 0.02025552073546216 0.06020311168398918 0
1221 -0.1429311668288273 0.1191106844357546 0
1222 0.2562809775404589 0.1496010072967648 0
1223 0.1253411681142621 0.1077110764370554 0
1224 0.2444853370104841 0.1220172645397048 0
1225 0.4903603413561349 0.3828060989427221 0
1226 0.2165662545750514 0.1448322779292151 0
1227 0.3537008251653555 0.1351312703004699 0
1228 0.0255539215393769 0.1835203624754372 0
1229 0.2959957005058664 0.1543697366643163 0
1230 0.3087722996749222 0.2223574895840433 0
1231 0.335710423471274 0.1591384660318661 0
1232 0.4807087544148951 0.1678266202411588 0
1233 0.409156051076203 0.1765702052317029 0
1234 0.5662707513551658 0.4373159053260877 0
1235 0.4288247277401736 0.3373452935214601 0
1236 -0.02771886928979226 0.124222297826525 0
1237 -0.02378698840156889 0.1334168783920084 0
1238 -0.02752092318267444 0.08063376038972402 0
1239 -0.0614366435913519 0.1114510996330345 0
1240 -0.1009535685485749 0.06309390307565232 0
1241 -0.1048854487253478 0.0538993221575872 0
1242 -0.1108822492900932 0.06190172073515082 0
1243 -0.1148141294667792 0.05270713981636202 0
1244 -0.1208109300314861 0.0607095383936048 0
1245 -0.1247428102081512 0.05151495747464189 0
1246 -0.1307396107728482 0.05951735605180212 0
1247 -0.1346714909495081 0.05032277513279651 0
1248 -0.1406682915142026 0.05832517370993584 0
1249 -0.1446001708519056 0.0491305934196124 0
1250 0.7182302215325227 0.2886222500747103 0
1251 0.3903279178579453 0.08603187954168104 0
1252 0.4270494016946561 0.1010127066944313 0
1253 0.966178333553845 0.3019153125148585 0
1254 0.1994838728272205 0.04364813727973865 0
1255 0.2387374060370187 0.05089047132040937 0
1256 0.2779596282593436 0.05781269354264894 0
1257 0.160086554305852 0.03652172230833068 0
1258 0.1109670832562873 0.02794762721126969 0
1259 0.6085660384796523 0.4042137774766578 0
1260 0.6087532929847896 0.4732126747475508 0
1261 0.6382822711630798 0.2412291378392371 0
1262 0.6444659431784144 0.2337426392747232 0
1263 0.6478590435545626 0.2428875023585087 0
1264 0.6540500298549978 0.2353641679251304 0
1265 -0.1626869687959464 0.008538851384358217 0
1266 -0.05441766955513062 0.008906873679650689 0
1267 0.4217795978727442 0.2754329930674325 0
1268 0.6574440833880438 0.2445105427306353 0
1269 0.6636388373855118 0.236971334362759 0
1270 0.6670390679125747 0.2461185262003882 0
1271 0.673680272283208 0.2382902957743011 0
1272 0.6767099380142116 0.2476845105646919 0
1273 0.6833988384632722 0.2400567766113161 0
1274 0.3490491619918819 0.2992160347093977 0
1275 0.3392129547594697 0.2976944043450047 0
1276 -0.124035668685497 0.008261327981814892 0
1277 0.6863374653875267 0.2492810065291125 0
1278 0.6925749585846723 0.2419802368685154 0
1279 0.6958783521628531 0.2509545365855146 0
1280 -0.2893616194992593 0.4076095931244992 0
1281 0.526021600129427 0.4758144532377699 0
1282 0.1417686002015624 0.2216385607172754 0
1283 0.6219025912540959 0.221398979876169 0
1284 0.6122742138650747 0.2197968015304625 0
1285 0.4779909961040655 0.5581121159258955 0
1286 0.445217374203476 0.3316154414819265 0
1287 0.4513451699832152 0.3237119138511764 0
1288 0.5288084296217369 0.4150507088233782 0
1289 -0.2365795456809742 0.05467340910818781 0
1290 -0.2439010147433356 0.06360336727372576 0
1291 0.08609060980669626 0.2214616737618905 0
1292 -0.0889599674190736 0.04708910592043748 0
1293 0.6411204160135799 0.2246280191594131 0
1294 0.5370062090217249 0.1887129719110049 0
1295 0.5469093582638475 0.1906377343479786 0
1296 -0.06578181842543958 0.2329777778833831 0
1297 -0.06910260593296425 0.04947347057585031 0
1298 -0.02922813978062904 0.5385759007785766 0
1299 -0.01470140786170143 0.5733417435780284 0
1300 0.006984344189844663 0.5432642769319069 0
1301 0.02220890112515848 0.5769330620856716 0
1302 0.04361074824557261 0.5473748476198221 0
1303 0.05883344706962489 0.5804922744025717 0
1304 0.07974796314362811 0.5509225875476447 0
1305 0.09505618103356352 0.5844300241517 0
1306 0.1157762986819543 0.5548557385786546 0
1307 0.1315792415685514 0.5883519364783518 0
1308 0.07943168398474763 0.1545332855579615 0
1309 0.3147286906533331 0.3681931337954282 0
1310 -0.1784435289848161 0.172525097455952 0
1311 0.5249559535393292 0.4058225467785396 0
1312 0.01632364055880393 0.05100853076496943 0
1313 0.02625232130015582 0.05220071310685683 0
1314 0.1058932617360624 0.4371970717309664 0
1315 -0.312127710856101 0.2464010482390591 0
1316 -0.2978180319656063 0.1081310387315255 0
1317 0.3366031002740186 0.5868974554356621 0
1318 0.3173635751232952 0.6133237561212268 0
1319 0.3511416596257389 0.6163558134766258 0
1320 0.3795309622034793 0.3296748614672684 0
1321 0.5155090894554473 0.5990022464890982 0
1322 0.4992561964582222 0.6216691142066877 0
1323 0.5729067633041619 0.3858045643477845 0
1324 0.02125275209842709 0.2809478816886805 0
1325 0.01398427768656783 0.2921093312411654 0
1326 0.7020641968974909 0.2434448612070808 0
1327 0.7054583828519757 0.2525585653390242 0
1328 0.4924643398960449 0.1954274917454509 0
1329 0.486499987025941 0.2034160147095178 0
1330 0.7116546926137879 0.2450302605923216 0
1331 0.7150609940476156 0.2541649050613434 0
1332 0.7211815619006764 0.2471757168378257 0
1333 0.7246729888416921 0.2558739975996742 0
1334 0.7307961035195107 0.2488938877126545 0
1335 0.7342881216315122 0.2575392913206024 0
1336 0.7405657490072892 0.2499417780614416 0
1337 0.7439235356172121 0.2590974145192243 0
1338 0.7501890561305276 0.2514892837571592 0
1339 0.7535774599168423 0.2606842451662195 0
1340 0.7598143407024418 0.2532175491580978 0
1341 0.7632378199864098 0.2623307924756171 0
1342 0.7694485206736201 0.2549327297329552 0
1343 0.7728942345976928 0.2639508141893797 0
1344 0.7790777761441268 0.2566725795433933 0
1345 0.7825460889916709 0.2655763300353243 0
1346 0.7887523047471006 0.258135942614947 0
1347 0.7921889797794034 0.2671706405891184 0
1348 0.7985149434284464 0.2591401667106908 0
1349 0.8018545577081045 0.2686860432105039 0
1350 0.808185684517274 0.2606410731757459 0
1351 -0.0777583533156906 0.2054354951781758 0
1352 -0.07492904588809758 0.6007120545887064 0
1353 -0.1139670857608156 0.596078830040916 0
1354 0.5552837942339914 0.3660705589880822 0
1355 0.56134936071824 0.3581201563332166 0
1356 -0.09753901137949784 0.2772664770205823 0
1357 0.7947083620759773 0.2496837969565236 0
1358 0.1812609993879939 0.2279907580761752 0
1359 -0.190418567038853 0.1698840044882278 0
1360 0.5698773981892529 0.2992456305513179 0
1361 -0.288980880020674 0.5118575918589123 0
1362 -0.2732538367879757 0.5510940255817418 0
1363 0.5734391686424131 0.3085898154264025 0
1364 0.5671277523080468 0.3163464914860953 0
1365 0.1849537342668942 0.2763576267869947 0
1366 0.1903453794673356 0.2675620811926809 0
1367 0.08936036472609973 0.1557254678998491 0
1368 0.8115153936096853 0.2702756024890285 0
1369 0.8177595731713854 0.2627282858918881 0
1370 0.8143051839438973 0.2536586909446623 0
1371 0.8239216362974855 0.2556449718994705 0
1372 0.827400659018138 0.264519390592864 0
1373 0.8336471598739272 0.2569914276531184 0
1374 0.8370702925009086 0.266134526265265 0
1375 0.8433288784226811 0.2585809531240073 0
1376 0.8467445047630734 0.2677605859362007 0
1377 0.8530035338823843 0.260204837462831 0
1378 0.8564174229830428 0.2693948728630569 0
1379 0.8626790641215567 0.261840358195802 0
1380 0.8592620093847412 0.2526324210340385 0
1381 0.8689508925250236 0.254280515323228 0
1382 0.8723636592549889 0.2634991180131281 0
1383 0.8786387529972584 0.2559353151683075 0
1384 0.8820455291118041 0.2651460453838545 0
1385 0.888321128441407 0.2575899108597145 0
1386 0.8917260139983576 0.2667961269667217 0
1387 0.8979990014003103 0.2592444517191917 0
1388 0.9014034375389374 0.2684483164189235 0
1389 0.9076777009591352 0.260896893341553 0
1390 0.07621776756333573 0.2198720226228709 0
1391 0.07257203776400217 0.211050008618802 0
1392 0.1511531498598215 0.5586938182152472 0
1393 -0.006490389127122684 0.2676764003382358 0
1394 -0.01131354328321124 0.2564667517062115 0
1395 -0.000992470138909599 0.2905181889794707 0
1396 0.9040704957626009 0.2516951504861195 0
1397 0.9138458531065488 0.2538275184459457 0
1398 0.9173304075955051 0.2626363814732069 0
1399 0.9236218207170476 0.2551168120300868 0
1400 0.9270242963933103 0.2642507287837025 0
1401 0.9333120663508778 0.2567236013414771 0
1402 0.9367144010245563 0.2658888995532293 0
1403 0.9429747462614355 0.2583713226554516 0
1404 0.9463629392740396 0.2675331380236555 0
1405 0.9526182082888806 0.2600264161342359 0
1406 0.9492362874781193 0.250853059276979 0
1407 0.9559848133149673 0.2691832142742181 0
1408 0.8846592719247004 0.2482365742303281 0
1409 0.5519340652171134 0.5328699464141854 0
1410 0.5583123091952328 0.5238690168041114 0
1411 0.5632232825981415 0.534111237778703 0
1412 0.5692212679002425 0.525084798495479 0
1413 0.5722981369356552 0.358748731438254 0
1414 0.2592996425136411 0.5500033525335624 0
1415 0.4274102739458486 0.3114563943276179 0
1416 0.158956574812752 0.3118385588919129 0
1417 0.8303724702658447 0.2483214156988403 0
1418 -0.3296495323999857 0.1679112068697311 0
1419 -0.3392035467493334 0.140202698019226 0
1420 -0.2156709997588209 0.1284700616494507 0
1421 0.0005014352003214644 0.6079937890477337 0
1422 0.1098902692332333 0.6184656927891736 0
1423 0.1477261367206036 0.6222651307988829 0
1424 0.5723322371769066 0.4293843916733771 0
1425 -0.1949428145377869 0.1924999254210135 0
1426 0.07962964458416075 0.1109447456466377 0
1427 0.08562644514885454 0.1029423470695055 0
1428 0.0140607595713556 0.1117940501724453 0
1429 -0.1764511235070274 0.0627510135327804 0
1430 -0.1075258674157014 0.1581388006601744 0
1431 -0.02978378943578879 0.1414192763055405 0
1432 -0.08709300758052282 0.07348066591980162 0
1433 -0.2191014497813101 0.1185867880997654 0
1434 -0.1576695252272192 0.3992941203048737 0
1435 -0.2299857016596911 0.04626380347131803 0
1436 0.9189400340395132 0.2456261568578195 0
1437 0.1948548863490719 0.2769411105187465 0
1438 0.1998025269977835 0.2678399987979729 0
1439 -0.1088173289020902 0.04470474123926808 0
1440 0.9588756278424765 0.2525243404107313 0
1441 0.06665280996125267 0.218247557784697 0
1442 0.06273637078603037 0.2095424888046718 0
1443 0.4077040761638323 0.3083721838715122 0
1444 0.6184907776792299 0.2122496737934212 0
1445 0.6088364809552477 0.2106425848928456 0
1446 -0.3137616736235687 0.3399528460701371 0
1447 0.5762543402077857 0.4385640044954744 0
1448 0.6698323275649986 0.2294523322317159 0
1449 0.1783547705357011 0.3282417612936771 0
1450 0.1943963102536029 0.3290859030823831 0
1451 0.4551026823550786 0.3331214166506041 0
1452 0.4490912395582061 0.340847627564418 0
1453 0.4613620259658402 0.3253199294581084 0
1454 0.4576103245143733 0.3158974533112309 0
1455 0.4676221535841357 0.3175179518189168 0
1456 -0.1843121735399313 0.04436387990538036 0
1457 -0.1941758912951545 0.04312979369726132 0
1458 0.3538517490618084 0.4230724982002211 0
1459 0.5651226710798967 0.5155911501189371 0
1460 0.5751618385143907 0.5165442473261497 0
1461 0.5707813847783614 0.5073092416771608 0
1462 0.5272942890689294 0.1870573331811495 0
1463 -0.09817516012424293 0.6336649223581294 0
1464 -0.1395933639063002 0.6283046034287374 0
1465 -0.2110141223743522 0.1394598518973104 0
1466 0.7659065280955698 0.2463388530752152 0
1467 0.3455016567269654 0.2899170904902947 0
1468 0.3356308129548807 0.2883562948445024 0
1469 -0.1758277309363339 0.2060537055332378 0
1470 -0.1855417287713984 0.2680178729146769 0
1471 -0.1774703268930899 0.294378104949833 0
1472 0.8757779249941036 0.2727004305353175 0
1473 0.3885852833258199 0.3053739010945152 0
1474 0.5188903942304925 0.4137729712271672 0
1475 -0.1823578038029406 0.1611832605994972 0
1476 0.02915503729511702 0.2935838835968446 0
1477 0.533418365945072 0.1793786979059473 0
1478 -0.03165075636742745 0.1150277201048192 0
1479 -0.04737828411214676 0.07824939535916441 0
1480 -0.01779019671913527 0.1254144847752334 0
1481 -0.01385831659117998 0.1346090656900284 0
1482 0.5653953988397276 0.2634328238208249 0
1483 0.07514064968811535 0.3619521541149741 0
1484 -0.3152871695498468 0.5451285226424964 0
1485 -0.2990859280415251 0.5851180714250741 0
1486 -0.3311703497355595 0.5047238525327702 0
1487 -0.1286746903848147 0.04232037655566646 0
1488 0.5770009390077553 0.3179340003465976 0
1489 0.4964283313876838 0.2046083408974732 0
1490 0.4904368827088209 0.2126084508467729 0
1491 0.4805090939484407 0.2114158870669141 0
1492 0.4845127918262704 0.2200201376632841 0
1493 0.4943826090645121 0.2217038409040891 0
1494 0.4745139932507888 0.2194175587296197 0
1495 -0.1191176556265595 0.2335346367542254 0
1496 -0.1288756233573201 0.2436325723282736 0
1497 0.5711476026590071 0.3255160677374445 0
1498 0.4636992766826171 0.3080992994588302 0
1499 0.4738530448098675 0.3097186102198662 0
1500 -0.2487229144751688 0.05220754896085753 0
1501 -0.2567359009123502 0.06272644497069681 0
1502 0.5789723297430647 0.3778541616029699 0
1503 0.01996332953320082 0.3064380720428955 0
1504 0.03645252457376452 0.3079296782737443 0
1505 0.5236296061534027 0.1777522853202694 0
1506 0.5806390560261234 0.3272490838277606 0
1507 0.8655346173294484 0.2450489490671636 0
1508 0.5150379264682658 0.4045448345069594 0
1509 0.579865954546201 0.5256456002098052 0
1510 0.5611601020369507 0.2276918175825301 0
1511 0.5514313267603635 0.3568424230923502 0
1512 0.9555032011015991 0.2433407676904892 0
1513 0.5205114433332279 0.2913080955348762 0
1514 0.521103492869066 0.3965944316445636 0
1515 0.09596388049658414 0.2230486602661132 0
1516 0.08965297028999362 0.2308021860295627 0
1517 0.09952610724870256 0.2323900042472657 0
1518 0.4568984512931222 0.2459937992245061 0
1519 0.04964564175983821 0.1509567385317117 0
1520 0.07569776440750267 0.101750164727618 0
1521 0.08169456497219638 0.09374776615048569 0
1522 0.07176588423084448 0.09255558380859824 0
1523 0.07776268479553818 0.08455318523146592 0
1524 0.08769136553689005 0.08574536757335334 0
1525 0.08375948536023184 0.07655078665433358 0
1526 0.09368816610158373 0.07774296899622102 0
1527 0.07383080461887997 0.07535860431244615 0
1528 0.07982760518357367 0.06735620573531384 0
1529 0.06989892444222176 0.0661640233934264 0
1530 0.07589572500691545 0.05816162481629408 0
1531 0.06596704426556357 0.05696944247440665 0
1532 0.08582440574826729 0.05935380715818148 0
1533 0.05997024370086988 0.06497184105153898 0
1534 0.07196384483025724 0.04896704389727433 0
1535 0.06203516408890536 0.0477748615553869 0
1536 0.03018420147681406 0.06139529402587658 0
1537 -0.1845104522066781 0.08795131356553934 0
1538 0.4075325181502006 0.2380562527149158 0
1539 0.4039434936242045 0.2287224563976969 0
1540 0.413839392416306 0.2303013083903028 0
1541 0.4102768654135761 0.2209574118791436 0
1542 0.4003762980102326 0.2193803394445178 0
1543 0.4201537112246623 0.2225435263921547 0
1544 0.4067140650237016 0.2116136195763346 0
1545 0.3965376807927977 0.2100681306561565 0
1546 -0.1310230761814054 0.1466463400927557 0
1547 0.3793570266133389 0.1731017763184365 0
1548 0.3837214114342323 0.1823974652608901 0
1549 0.3734323101560171 0.1811210262328071 0
1550 0.3781468660212653 0.1902749175856686 0
1551 0.367517899467839 0.1891054089907526 0
1552 0.3718016683170414 0.1981523811274433 0
1553 0.3614767643593087 0.1970839824254599 0
1554 0.4455865929356544 0.4108332449349408 0
1555 0.4633950986747633 0.4575538519956573 0
1556 0.4570838764398193 0.4653107093836176 0
1557 0.4534257942780696 0.4558221099787879 0
1558 0.4471140439634559 0.4638234898807522 0
1559 0.4431901933675213 0.4540373672303879 0
1560 0.4365956972672256 0.4624482640656913 0
1561 0.440447466952497 0.4734944982246927 0
1562 0.4329038839307218 0.4527275396235426 0
1563 0.4251798973927731 0.4614135789674157 0
1564 0.4220163241851756 0.4489258650592592 0
1565 -0.08335780084226663 0.1262632144487587 0
1566 0.357434744742598 0.18791439113081 0
1567 0.3514563007512451 0.1959126247705459 0
1568 0.3475091234301369 0.1867215146326879 0
1569 0.3415128327702563 0.1947237975171136 0
1570 0.3375779469301836 0.1855298985554348 0
1571 0.3315812715291983 0.1935322687340731 0
1572 0.3276488516261964 0.1843378102739885 0
1573 0.3216520416107899 0.1923402109953988 0
1574 0.3177200217771914 0.1831456617632521 0
1575 0.3117232444886533 0.1911480550592378 0
1576 0.3077913449151992 0.1819534785411722 0
1577 0.3017945449970643 0.1899558769716052 0
1578 0.2978626610092225 0.1807612969173074 0
1579 0.2918658606032354 0.1887636954584297 0
1580 0.2879339797422048 0.1795691146946871 0
1581 0.2819371791655265 0.1875715132745374 0
1582 0.5227428629435964 0.4230011108416181 0
1583 0.2780052988117844 0.1783769323956963 0
1584 0.2720084982766038 0.1863793309661309 0
1585 0.2680766180753518 0.1771847500526912 0
1586 0.2620798175114766 0.1851871486296364 0
1587 0.2581479373299874 0.1759925677117125 0
1588 0.2521511367654934 0.183994966288798 0
1589 0.2482192565879692 0.1748003853699744 0
1590 0.2422224560232587 0.1828027839471089 0
1591 0.2382905758463779 0.1736082030281394 0
1592 0.23229377528172 0.181610601605262 0
1593 0.2283618951050325 0.1724160206862487 0
1594 0.2223650945403383 0.1804184192633796 0
1595 0.2184332143636757 0.1712238383443604 0
1596 0.2124364137989808 0.1792262369214916 0
1597 0.2085045336223232 0.1700316560024712 0
1598 -0.04779367391934678 0.1654043134279455 0
1599 -0.1743852949707646 0.04555471315352373 0
1600 -0.1050834010294968 0.09748785653780964 0
1601 -0.09515472059025346 0.09868003986793128 0
1602 -0.1367364113375446 0.06751975462895676 0
1603 -0.1466650920788971 0.06632757228707466 0
1604 0.9304216804875717 0.2734055463647926 0
1605 0.9458375384554696 0.2416562396416845 0
1606 0.8108288940265918 0.3017233965437666 0
1607 0.8558186396051864 0.2434016313234316 0
1608 0.2025077330576278 0.1780340545796024 0
1609 0.1985758528809714 0.1688394736605819 0
1610 0.192579052316276 0.1768418722377131 0
1611 0.1886471721396198 0.1676472913186925 0
1612 0.2203890818495204 0.2981489238287362 0
1613 0.4965108917744321 0.471686262895362 0
1614 0.186110570593853 0.259028196694604 0
1615 0.6026117294628418 0.2182150897569526 0
1616 0.5991556946866705 0.2090144149978222 0
1617 0.6608813719589292 0.2536925574460772 0
1618 0.08336356416140608 0.1637278664769814 0
1619 0.07343488342005425 0.162535684135094 0
1620 0.4535644690574827 0.3065599559074512 0
1621 0.5929066236001057 0.2166202323750727 0
1622 0.5894234151034277 0.2073738347089958 0
1623 0.7364987381392201 0.2399294745193025 0
1624 0.689675652353529 0.2584415445698086 0
1625 0.5808962727679109 0.5083264960472647 0
1626 0.5765291499220261 0.4991249618070522 0
1627 0.5957029322211238 0.1996960622090457 0
1628 0.5859358133711976 0.1980486702492973 0
1629 0.182665976972912 0.1755197257040915 0
1630 0.1787210922979329 0.166433448278181 0
1631 0.1727403306145025 0.174302272547143 0
1632 0.168793350770349 0.1652334440173446 0
1633 -0.2237260467693977 0.137890731473449 0
1634 -0.2186688466995821 0.1499516342291179 0
1635 0.4402101851284682 0.4455321727002204 0
1636 0.3293657185911718 0.2959421939341651 0
1637 0.3257601879306534 0.286759342828627 0
1638 0.3320515155300334 0.2790153507657009 0
1639 0.3221753770808572 0.2774474912213472 0
1640 0.02232044112349759 0.04300613218783708 0
1641 0.01239176038214571 0.04181394984594968 0
1642 0.0322491218648495 0.0441983145297245 0
1643 -0.1933196495570783 0.1313756230232064 0
1644 0.3329465817079424 0.6459872461177618 0
1645 0.2964686758147804 0.6412466625060623 0
1646 0.3644329332300331 0.6438021058170675 0
1647 0.4126466093363374 0.4599499078799937 0
1648 0.4079230977542843 0.4475499328617345 0
1649 0.4177124882751824 0.4726175141594424 0
1650 -0.1247142542756033 0.2578011042579114 0
1651 -0.3604757625044144 0.1642292598022867 0
1652 -0.371045508040191 0.1321050016259429 0
1653 0.6986228852144167 0.2342708637528105 0
1654 0.7570087521975202 0.2698678359936585 0
1655 0.1628208833736803 0.173033192170732 0
1656 0.1588663654813801 0.1640271416832103 0
1657 0.1528940241244807 0.1718258401577148 0
1658 0.148938270897451 0.1628300777307587 0
1659 0.4650088082699915 0.3346544292262641 0
1660 0.5299284124362933 0.1700071949196046 0
1661 0.5200680602700001 0.1684080116882017 0
1662 0.5398121011885604 0.1715975019619219 0
1663 0.2554603010331969 0.3902027973988766 0
1664 0.5826599409403723 0.3869565244825917 0
1665 0.7859727625279448 0.2746698257134063 0
1666 0.3545171708728077 0.3358061261897998 0
1667 0.4608140466198304 0.4744360016527196 0
1668 0.5833123553636398 0.310177324275851 0
1669 -0.1392439513187549 0.526371642657814 0
1670 0.8501653845217719 0.2769340502761145 0
1671 0.3464910909900115 0.07044471681582752 0
1672 -0.2561171919122192 0.5907673447828699 0
1673 -0.2821701851393976 0.6260684258971124 0
1674 -0.2475551241475013 0.07756217076834263 0
1675 0.2911656376928642 0.4811306047161999 0
1676 0.2396576927315683 0.5755470745020984 0
1677 -0.04838715888246453 0.4457330280039341 0
1678 0.830456961008083 0.2737248070437783 0
1679 -0.01793551524867265 0.2663591730129613 0
1680 -0.02280935933300453 0.2551960236626624 0
1681 -0.01555657445935566 0.2465399750203601 0
1682 -0.02651421740423695 0.2450629589033373 0
1683 -0.01952773927394881 0.2369406043910846 0
1684 -0.02943645243492364 0.2351789051783708 0
1685 -0.03664255821732226 0.242934776585037 0
1686 0.142974381472034 0.1705583871998342 0
1687 0.139011194197154 0.1616245366844437 0
1688 0.1330474744190089 0.169351433304542 0
1689 0.1290830764106991 0.1604276659662495 0
1690 0.12308636967182 0.16842928314733 0
1691 0.119149085494194 0.1592797075924247 0
1692 -0.3266332268413819 0.6200473508247876 0
1693 0.06391151307179571 0.5180917147201314 0
1694 -0.1783174783576781 0.03635990425701004 0
1695 -0.1683891496425797 0.03755182389123915 0
1696 0.0492503265467459 0.2381335686029074 0
1697 0.5153414195915189 0.518506134196469 0
1698 0.9651426902444125 0.2450196817369499 0
1699 -0.2622593987205314 0.04966166583809271 0
1700 -0.2719736928588617 0.06267850599394914 0
1701 -0.2780932750766402 0.04663932492910151 0
1702 -0.288725088916912 0.059772136816674 0
1703 0.070096586027885 0.2275580891315843 0
1704 0.5574968932092672 0.3488920203673727 0
1705 0.09334257382552102 0.1645009016896655 0
1706 -0.1714813874943853 0.1633796498199362 0
1707 -0.1754157103389342 0.153065807981481 0
1708 0.5475788592469283 0.347614287117656 0
1709 0.5415132928069351 0.3555646898603072 0
1710 0.524817267008957 0.6251261583524138 0
1711 0.5094117681799821 0.6482554986159843 0
1712 0.480326975316943 0.6436478244368993 0
1713 0.5404291101600155 0.6026529039165539 0
1714 0.1367993062161113 0.5269349993136705 0
1715 0.1694224038847664 0.5311079156005011 0
1716 0.4905829401494227 0.6724000265663734 0
1717 0.458683341786166 0.6671649514583479 0
1718 0.5225916988086241 0.6768172625610457 0
1719 0.6150585049524881 0.2030826213812582 0
1720 0.6247229595078381 0.2046974186321414 0
1721 0.8951383342476882 0.2759849125687993 0
1722 0.904788445898035 0.2776297853674021 0
1723 0.5822624076122604 0.4306576285098302 0
1724 0.5783985994463757 0.4214393750976216 0
1725 0.1252738489581706 0.6530499765518871 0
1726 0.1641851467034749 0.6564827968751512 0
1727 0.08631185372428507 0.6495212066866609 0
1728 -0.1653396596564562 0.1546884956462763 0
1729 0.3869700780651774 0.6174754949098643 0
1730 0.4159790528669721 0.4373473242055511 0
1731 0.4035095669183199 0.4349274529854377 0
1732 0.3940455608928436 0.4455977632174657 0
1733 0.3897263012348471 0.431665299690031 0
1734 0.7280573035137775 0.264976408175143 0
1735 0.5663156279663998 0.289901445557929 0
1736 0.576188814645752 0.2914889544288882 0
1737 0.7088551789384496 0.2616764875963299 0
1738 0.3158800002772544 0.2852170355811176 0
1739 0.3122983656718002 0.2758843505732437 0
1740 0.09535716529079349 0.1477230693227168 0
1741 0.3898640629784429 0.2179782854721721 0
1742 -0.007861517307945142 0.1266066685810011 0
1743 -0.01179339689822038 0.1174120874095391 0
1744 -0.05543994085991746 0.103448747101361 0
1745 -0.06536864350725222 0.1022565735730079 0
1746 -0.1069503691435753 0.07109630063591184 0
1747 -0.003929637967074704 0.1358012498574289 0
1748 -0.009926438924373868 0.1438036477356192 0
1749 0.5162741948820462 0.1869765207602269 0
1750 0.6417169218892596 0.2504282697374453 0
1751 0.5861168978818347 0.4398850151034133 0
1752 0.5801250331585608 0.447561175232971 0
1753 0.3957218079154763 0.2800146502504671 0
1754 0.3858486212861745 0.2784271409487691 0
1755 0.8619369693841118 0.2360981655081646 0
1756 0.586467062185312 0.7273089667479784 0
1757 0.4031059821353929 0.2022748293357199 0
1758 0.306002843484923 0.2836546814991746 0
1759 0.3024172148566411 0.2743470086616318 0
1760 0.2961255018097999 0.2820932859664614 0
1761 0.2925398423674648 0.2727857728873762 0
1762 0.8052677726047492 0.27787960784888 0
1763 0.5797279535681301 0.2057008567265235 0
1764 0.5761241772704738 0.1963937070714214 0
1765 0.5824677429584979 0.1886996095853562 0
1766 0.5726254697854043 0.1870308427842748 0
1767 -0.2198648473446553 0.04778727105997491 0
1768 -0.2234864916028654 0.03824617282204836 0
1769 -0.2335179297742927 0.03650305260652726 0
1770 0.4693298816056633 0.3002174311376994 0
1771 0.4797123009839022 0.3018187687116969 0
1772 0.4837103816327271 0.3112391423120503 0
1773 0.490056245696194 0.303465133743294 0
1774 0.9685043641763915 0.2541792194053175 0
1775 0.9521313369940306 0.2341074735886268 0
1776 0.3654012554453259 0.2062745924874097 0
1777 0.9497507339649223 0.2766760648345415 0
1778 0.959344815834931 0.2783263035717258 0
1779 0.4129285001083671 0.203893378927346 0
1780 -0.2270269459179749 0.02862075973513896 0
1781 -0.2170684801982005 0.03049289035015397 0
1782 0.07736676359671249 0.1717302650541138 0
1783 0.06743808285536058 0.1705380827122263 0
1784 0.01838856094683938 0.03381155126881734 0
1785 0.008459880205487489 0.03261936892692992 0
1786 0.218599009568738 0.2881321542528864 0
1787 0.2263989215321932 0.2815996042219218 0
1788 0.2108441668477479 0.2953206473285419 0
1789 -0.1220116364326263 0.6666466874017174 0
1790 -0.1651227516509018 0.663144596807863 0
1791 0.05689109664696673 0.2163323209510631 0
1792 0.05297203358414088 0.2073911617719651 0
1793 0.06057159165235234 0.1991645804440421 0
1794 0.04958627785495193 0.1979385037652924 0
1795 0.5263832155852228 0.1606567034346381 0
1796 0.5165128157221897 0.1590613418957608 0
1797 0.02659483913276006 0.3224027984481218 0
1798 -0.1399261275835485 0.2545815895390219 0
1799 -0.1348327572112042 0.269226293344101 0
1800 0.5131012877536991 0.4218324358634316 0
1801 0.5168499482250124 0.4310285313273853 0
1802 0.4875132916150624 0.2299930681000193 0
1803 0.4981615668730324 0.2310116149324436 0
1804 0.5042782998571615 0.2229802771037338 0
1805 0.5082124628354563 0.232188839287213 0
1806 0.3454447979310484 0.2039183591540167 0
1807 -0.2327829575991103 0.1484617542799049 0
1808 0.5536178158548908 0.3398704355039076 0
1809 -0.3942095783239517 0.1571889142834858 0
1810 -0.3869238690481652 0.1877564583128799 0
1811 0.3127587286743804 0.6762315154886054 0
1812 0.2759942728093944 0.6705914943533158 0
1813 -0.1435177310822026 0.237565868362283 0
1814 0.5742512930084894 0.3350348613420211 0
1815 0.5841372041530828 0.3366175199612894 0
1816 0.3257346300286448 0.2013356583823356 0
1817 -0.4053047575610657 0.1235090512435309 0
1818 0.07136996303201863 0.1797326636312461 0
1819 0.06151106686432559 0.1779593044607935 0
1820 -0.02296689783474071 0.2274793391383393 0
1821 0.5113995044017686 0.3953860661991525 0
1822 0.5172867007299325 0.3873778604065017 0
1823 0.5057818641268231 0.4031904946069252 0
1824 0.1846839375842053 0.3430886295921741 0
1825 0.379111626033506 0.4431253839533752 0
1826 0.2862487590416884 0.2805280678817973 0
1827 0.2826676984694246 0.2711915642960036 0
1828 -0.1107033678363332 0.2240560184984912 0
1829 -0.1224624856787773 0.221793900838951 0
1830 -0.1152453726787248 0.2132788312668485 0
1831 -0.205212499388398 0.3563378949989439 0
1832 0.7188951993179504 0.238153531983255 0
1833 0.3057264252814813 0.1991504578661757 0
1834 -0.03275615325975799 0.2256946272791315 0
1835 -0.2587795378617427 0.1158305648624792 0
1836 0.2124654828513931 0.3056593352596805 0
1837 -0.19346520260017 0.2447874010957898 0
1838 0.6075463170086824 0.2783645765285475 0
1839 0.04358850819821206 0.3236790645691033 0
1840 -0.006074055918636918 0.5091124116282705 0
1841 0.1687742444727834 0.3411195374909659 0
1842 0.3284699271820574 0.2696839033802248 0
1843 0.5022162792000089 0.7033532346529507 0
1844 0.2858690593401861 0.1967660941940111 0
1845 0.5593554740873781 0.506047435080776 0
1846 -0.3583500081495093 0.5385039317514021 0
1847 -0.3743676808297091 0.4975623674474878 0
1848 0.5866563801284636 0.5001654429684299 0
1849 0.5824686503403379 0.4910844586605568 0
1850 0.572303935806255 0.49020118395444 0
1851 0.5780246952764875 0.4821450020570959 0
1852 0.5908723731159103 0.5092512255626358 0
1853 0.4630332703064807 0.237792929540328 0
1854 0.4531367439473214 0.2361921997046912 0
1855 -0.1723211374111965 0.02835716141721937 0
1856 -0.1623925364560209 0.02954928801242459 0
1857 0.8523323766354431 0.2341947310338489 0
1858 -0.08052612679889723 0.6723503337978239 0
1859 0.008255881791743679 0.3195450008829683 0
1860 0.3087261426037116 0.3071069779447859 0
1861 -0.4527423683172526 0.7248780641563511 0
1862 0.9841629697936327 0.3016952570297162 0
1863 -0.1853903430966229 0.1507816083231841 0
1864 0.5882255405700849 0.4829636026874088 0
1865 0.584037621210071 0.4738891165552727 0
1866 0.5738276551062965 0.4730899637150769 0
1867 0.2660116976882701 0.1943817295486257 0
1868 0.588698031326008 0.3789851595541179 0
1869 0.09318072952639202 0.240357893614751 0
1870 0.1030482477066541 0.2419806566659591 0
1871 0.9846561673199639 0.2125663180639781 0
1872 -0.1819686094147623 0.0271156556599636 0
1873 0.05725555559509118 0.2844830477869439 0
1874 0.9424266870845129 0.2324253374293714 0
1875 0.7124082998358882 0.2127719637509024 0
1876 0.06805168628446047 0.03960821815626531 0
1877 0.0581262924815855 0.03838866167737967 0
1878 0.07796393233342783 0.0409372711831438 0
1879 0.2016041589886713 0.3447293434530737 0
1880 0.2461543361999124 0.1919973648661301 0
1881 0.8601462578985238 0.2278815079883758 0
1882 -0.009296616347123036 0.2382841322223069 0
1883 0.859811704077724 0.2785664093796245 0
1884 -0.1788995546742246 0.1433286314677446 0
1885 0.9655664077549049 0.2708485319159766 0
1886 0.9689181440228092 0.2799640176376491 0
1887 0.4124725362041666 0.4259119422295808 0
1888 0.4233704355219655 0.428471144722497 0
1889 0.8148140992693766 0.2794428893174083 0
1890 -0.3264001957616156 0.3048825669297812 0
1891 -0.3512175140689482 0.3322005561443212 0
1892 -0.3649760466590618 0.296749360350955 0
1893 0.5350805027142302 0.232240829343718 0
1894 0.5161375710762013 0.2555188550377966 0
1895 0.00206716170584487 0.1277988503536001 0
1896 0.5767317547799602 0.3950117381698188 0
1897 0.58661969586535 0.3963175103521001 0
1898 0.4705818297629563 0.2102230989630049 0
1899 0.4647526139588987 0.2187354783037664 0
1900 0.4606812686891591 0.2091158326467871 0
1901 0.4546891547357254 0.2171323838948652 0
1902 0.4507247515914255 0.2078386131268284 0
1903 0.4447842477751814 0.2160253900159368 0
1904 0.440925246883679 0.2070168609411252 0
1905 0.4610446408873482 0.3782891093967501 0
1906 0.4237160910189293 0.2318874790155025 0
1907 0.4612723443890013 0.2817830302745186 0
1908 0.08333591988704155 0.2385938994776778 0
1909 0.3941412762858247 0.183553158782785 0
1910 0.1093927568243718 0.2340181694055628 0
1911 0.1129534372460691 0.2433691304697918 0
1912 0.1192719589787173 0.2355682663901393 0
1913 0.1228329602812302 0.2449172318023258 0
1914 0.1291454330475394 0.2371539880210342 0
1915 0.05211031810910986 0.0465507427203349 0
1916 0.06970096384280891 0.1097525633047503 0
1917 -0.09122284128167371 0.1078746211586453 0
1918 0.09762004627824195 0.08693754991524077 0
1919 0.1036168468429356 0.07893515133810848 0
1920 0.1075487270195938 0.08812973225712824 0
1921 0.1135455275842875 0.08012733367999592 0
1922 0.1096136474076293 0.07093275276097613 0
1923 0.1195423281489812 0.07212493510286355 0
1924 0.115610447972323 0.06293035418384381 0
1925 0.1255391287136748 0.06412253652573122 0
1926 0.1294710088903331 0.07331711744475096 0
1927 0.1354678094550267 0.06531471886761858 0
1928 0.139399689631685 0.07450929978663831 0
1929 0.1453964901963786 0.06650690120950591 0
1930 0.1493283703730368 0.07570148212852564 0
1931 0.1553251709377305 0.06769908355139331 0
1932 0.1592570511143887 0.07689366447041304 0
1933 0.1652538516790824 0.06889126589328079 0
1934 0.1691857318557406 0.07808584681230066 0
1935 0.1751825324204343 0.07008344823516822 0
1936 0.1791144125970925 0.07927802915418812 0
1937 0.1851112131617863 0.0712756305770556 0
1938 0.1890430933384444 0.0804702114960754 0
1939 0.1950398939031383 0.07246781291894309 0
1940 0.1989717740797962 0.08166239383796296 0
1941 0.2049685746444901 0.07365999526083081 0
1942 0.2089004548211481 0.08285457617985055 0
1943 0.2148972553858418 0.07485217760271833 0
1944 0.2188291355625 0.084046758521738 0
1945 0.2248259361271936 0.07604435994460565 0
1946 0.2287578163038518 0.08523894086362546 0
1947 0.2347546168685455 0.07723654228649304 0
1948 0.2386864970452038 0.08643112320551277 0
1949 0.2446832976098974 0.0784287246283803 0
1950 0.2486151777865557 0.08762330554739994 0
1951 0.2546119783512495 0.07962090697026755 0
1952 0.2585438585279075 0.08881548788928734 0
1953 0.1216072485370167 0.05492795560671147 0
1954 0.1116785677956648 0.05373577326482404 0
1955 0.2645406590926013 0.08081308931215525 0
1956 0.2684725392692592 0.09000767023117495 0
1957 0.2744693398339531 0.08200527165404259 0
1958 0.2784012200106113 0.09119985257306225 0
1959 0.2843980205753048 0.08319745399592969 0
1960 0.2883299007519633 0.09239203491494918 0
1961 0.2943267013166567 0.08438963633781654 0
1962 0.2982585814933152 0.09358421725683609 0
1963 0.3042553820580086 0.08558181867970345 0
1964 0.3081872622346673 0.09477639959872304 0
1965 0.3021904616699739 0.1027787981758559 0
1966 0.3121191424113259 0.1039709805177426 0
1967 0.3181159429760193 0.09596858194061006 0
1968 0.322047823152678 0.1051631628596306 0
1969 0.3280446237173712 0.09716076428249723 0
1970 0.3319765038940299 0.1063553452015189 0
1971 0.3379733044587231 0.09835294662438457 0
1972 0.3419051846353814 0.1075475275434054 0
1973 0.3479019852000751 0.09954512896627189 0
1974 0.3518338653767331 0.1087397098852926 0
1975 0.3578306659414273 0.1007373113081591 0
1976 0.3617625461180849 0.10993189222718 0
1977 0.3677593466827796 0.1019294936500469 0
1978 0.3716912268594368 0.1111240745690667 0
1979 0.2823331001872697 0.1003944334920819 0
1980 0.2624757387045653 0.09801006880830712 0
1981 0.2426183772218619 0.09562570412453227 0
1982 0.222761015739158 0.09324133944075781 0
1983 0.2029036542564542 0.09085697475698298 0
1984 0.1830462927737505 0.08847261007320818 0
1985 0.1631889312910467 0.08608824538943299 0
1986 0.1433315698083432 0.08370388070565789 0
1987 0.3340532629634368 0.08905977131789897 0
1988 0.1414646100197203 0.05731232029048622 0
1989 0.1613219715024242 0.05969668497426102 0
1990 0.3779098562921721 0.103026815275983 0
1991 0.3816568790787954 0.1123004467916291 0
1992 0.3740149475935228 0.09381642423763784 0
1993 0.181179332985128 0.0620810496580358 0
1994 0.3877445133440899 0.1042600644861192 0
1995 0.3915770020292869 0.1134889192559808 0
1996 0.3458370648120397 0.1167421084624259 0
1997 0.3160510225879844 0.1131655614367651 0
1998 0.3656944262947421 0.119126473146201 0
1999 0.3855573477404698 0.121507833568394 0
2000 0.3954861307938269 0.1226992661287885 0
2001 0.4014838993215655 0.1146888232523839 0
2002 0.4054111980123343 0.1238926104495132 0
2003 0.4114073963232203 0.1158904055355207 0
2004 0.4153378300015024 0.1250873848556376 0
2005 0.4093413708955059 0.1330893514220634 0
2006 0.4192697670879432 0.1342818937728729 0
2007 0.4252665202278179 0.1262795551972278 0
2008 0.4291984019853031 0.1354741341161979 0
2009 0.4351951932317191 0.1274717473284736 0
2010 0.4391270737964149 0.136666327756552 0
2011 0.4451238726878273 0.1286639312964409 0
2012 0.4490557528351863 0.1378585122525304 0
2013 0.4550525529669097 0.1298561142231878 0
2014 0.4589844332157298 0.1390506950509086 0
2015 0.4529876326630641 0.1470530936128255 0
2016 0.462916313346286 0.1482452760282574 0
2017 0.4689131138849199 0.140242877484093 0
2018 0.472844994065923 0.1494374583976177 0
2019 0.4788417946269957 0.141435059825063 0
2020 0.4827736748037766 0.1506296407439297 0
2021 0.1174774077609457 0.08932191459901571 0
2022 -0.1587724493770335 0.1259996272680621 0
2023 -0.04551127665371461 0.1046409379291574 0
2024 0.04817907705937771 0.03735083905245438 0
2025 -0.09169118585519316 0.1508887660101781 0
2026 0.002463079640793823 0.04062176750406227 0
2027 -0.001468800535864396 0.03142718658504251 0
2028 -0.007465601100558064 0.03942958516217484 0
2029 -0.01139748127721628 0.03023500424315509 0
2030 -0.01739428184190996 0.03823740282028742 0
2031 -0.02132616201856817 0.02904282190126767 0
2032 -0.02732296258326183 0.0370452204784 0
2033 -0.03125484275992006 0.02785063955938025 0
2034 -0.03725164332461372 0.0358530381365126 0
2035 -0.04118352350127194 0.02665845721749285 0
2036 -0.0471803240659656 0.03466085579462518 0
2037 0.02792132048934401 0.1221808134333376 0
2038 -0.1646554875695872 0.09033475944575904 0
2039 0.05752103287628513 0.169249037565578 0
2040 0.05151260154931501 0.1773482989474712 0
2041 0.02314888513178147 0.2007979638739813 0
2042 0.4055949945447779 0.2816021595521654 0
2043 -0.07136544846842262 0.1102589732243724 0
2044 -0.08522604035411419 0.0998722239392857 0
2045 0.3435747876744529 0.1775274908619293 0
2046 0.3237168471931622 0.1751432575475971 0
2047 0.303859461624865 0.1727588983286185 0
2048 0.5849705563036085 0.3701531886154257 0
2049 0.5949126514451957 0.3711986078718455 0
2050 0.5911034626345467 0.3619533561404732 0
2051 0.2840020994079901 0.1703745338114177 0
2052 0.1131513999003098 0.1672894768309025 0
2053 0.1170831325720947 0.1764852861934759 0
2054 0.2641447378947464 0.1679901691345696 0
2055 0.2442873764111124 0.1656058044510028 0
2056 0.2244300149283698 0.1632214397672296 0
2057 0.2045726534456666 0.1608370750834508 0
2058 0.1847157254462405 0.1584491002832404 0
2059 0.1648586767114884 0.1560621309856763 0
2060 0.145001373631153 0.1536772799178562 0
2061 0.1251449853920567 0.1512848099093177 0
2062 0.1152152695103727 0.1501012483777888 0
2063 2.240359356370178e-06 0.1449958294416189 0
2064 -0.005994560782444798 0.152998228295527 0
2065 -0.01592324063951803 0.1518060457507772 0
2066 -0.01199136215098878 0.1610006263541758 0
2067 -0.02192004240094101 0.1598084434938588 0
2068 -0.05937186312148327 0.09425418552886661 0
2069 -0.06930055165941743 0.09306200586222835 0
2070 -0.09908660304645701 0.08948545849609064 0
2071 -0.1427332117564216 0.07552215199170555 0
2072 -0.1328045313976462 0.07671433514994969 0
2073 -0.1644573328203005 0.04674636461421331 0
2074 -0.152661892558999 0.07432997015971338 0
2075 -0.1565937714726036 0.06513538925750723 0
2076 -0.162590569391022 0.07313778350232772 0
2077 -0.1090152835749688 0.08829327677126164 0
2078 0.4231900104533421 0.187258786199097 0
2079 -0.1002787480966056 0.38507081878014 0
2080 0.5883185235181999 0.4227154612550629 0
2081 0.629274736179819 0.2652237117275986 0
2082 0.8710455949480633 0.2378166622215797 0
2083 0.3382036312462696 0.2710974533001875 0
2084 -0.3099129465490148 0.6640504188073348 0
2085 -0.355540518125802 0.658528521470537 0
2086 -0.2643026584117462 0.6679825562076194 0
2087 -0.3429165133722312 0.1077579205561578 0
2088 0.3553692492559142 0.2914776361598537 0
2089 0.351794076991692 0.2821885605576148 0
2090 0.3616708515813052 0.2837210444806353 0
2091 0.5493054998117104 0.2696351896958999 0
2092 0.01450149910428668 0.02465055610645317 0
2093 0.5726251339203793 0.2821566507980105 0
2094 0.5824980022210293 0.2837461398763377 0
2095 0.5864288181415379 0.2933366801998114 0
2096 0.5100667410319408 0.4824351802501207 0
2097 0.2010366944678323 0.06446541434181104 0
2098 0.9487425905605789 0.2248383393564283 0
2099 0.2262838222754296 0.1897225357699385 0
2100 0.5964619198060428 0.2257594540102002 0
2101 0.2888233911580207 0.2632438082487751 0
2102 0.2790603930953974 0.2618440052383053 0
2103 0.2727875869457854 0.2696181542693287 0
2104 0.2692113136087876 0.2602808876850977 0
2105 0.2629753971303689 0.2676706100678401 0
2106 0.2593413645885149 0.2586720224098247 0
2107 0.2531107502502303 0.2660330956214443 0
2108 0.2494685390197631 0.2570826242327878 0
2109 0.2431765820074092 0.2648305073885098 0
2110 0.239583082976977 0.2555725136308571 0
2111 0.2332890208856175 0.2633336113824302 0
2112 0.2297038537445488 0.2540230117268003 0
2113 0.2236859064967253 0.2616753806047622 0
2114 0.2198725060668049 0.2524436100795774 0
2115 0.402815598811664 0.4716261033767911 0
2116 0.4081830577927122 0.4858081224384688 0
2117 0.3087170560535614 0.2665495648862958 0
2118 -0.1050265129647914 0.7066115316081177 0
2119 0.06118242662143152 0.2970131592842979 0
2120 0.07490493887366778 0.2985222405750204 0
2121 0.8985478082547426 0.285136742249064 0
2122 0.8889093243761935 0.2835092891727407 0
2123 0.3580989837512485 0.2743851510302896 0
2124 0.1326540937738719 0.2464546225276478 0
2125 0.1390099920606511 0.2387328462815363 0
2126 0.5867122219006021 0.2242169845808034 0
2127 0.1038657806277957 0.6852794256336958 0
2128 0.06160646082993389 0.6819920428627465 0
2129 -0.03267235795820194 0.3021493499090395 0
2130 0.1888725135320465 0.6219039671877743 0
2131 -0.224418285762346 0.08354032977182496 0
2132 -0.1610141692442366 0.1643907911827551 0
2133 -0.3473291701113831 0.4637570035154834 0
2134 -0.3901004015360509 0.456162123155689 0
2135 -0.3573494750124075 0.4167717852259592 0
2136 0.3994520443039372 0.2892946201332953 0
2137 0.4091961987535112 0.2908650124784912 0
2138 0.08663708104467269 0.2485974118034598 0
2139 -0.3719089228452891 0.6129321723203398 0
2140 0.974750842276171 0.246703244033733 0
2141 0.9710414469103453 0.2376733261414597 0
2142 0.2064408143234977 0.1872186326400643 0
2143 0.2208940559505355 0.06684977902558603 0
2144 -0.1561213398174975 0.5890471143999346 0
2145 0.5662463976315951 0.1947390279428084 0
2146 0.5101960796543703 0.1668132513984198 0
2147 0.506790425058941 0.157588156571637 0
2148 0.5903143831487963 0.4486591125404112 0
2149 0.5960215684603093 0.4411733803457698 0
2150 -0.02946268004375342 0.2637214612755608 0
2151 0.55181733250579 0.6249425284349885 0
2152 0.5440852982672988 0.338697778886706 0
2153 0.5627717932667539 0.1853626054392647 0
2154 0.5691479329373434 0.1776612199141184 0
2155 0.5593932810987119 0.1759488111055306 0
2156 0.4854842390519003 0.2939836359587092 0
2157 0.4954434631088487 0.2954790048147302 0
2158 0.1425807254842674 0.2480835934944464 0
2159 0.1488906482674367 0.2403258240205523 0
2160 0.1525380061447709 0.2496387710637296 0
2161 0.1587790954981859 0.2419088561064008 0
2162 0.2905062388957386 0.2893170304368685 0
2163 0.3538846056776078 0.09166082436970126 0
2164 0.1176587573142927 0.04587171407368322 0
2165 0.1077273080652632 0.04470258829612769 0
2166 0.1275740211183096 0.04717563476518761 0
2167 0.3929108546709855 0.2007795000627282 0
2168 -0.0257093586954307 0.2749551546138836 0
2169 0.621557198845004 0.1957368693965491 0
2170 0.6118136977119902 0.1927415231617559 0
2171 0.2164899679624486 0.2775018057696476 0
2172 0.1856400552596533 0.1860066947089396 0
2173 -0.390700814358399 0.3254938534542283 0
2174 -0.4053163310382806 0.2882616256861892 0
2175 0.1575505895478528 0.5011813066437829 0
2176 0.188080620557539 0.5065096739821873 0
2177 0.1230108976609388 0.496673691925258 0
2178 0.1892894150750988 0.2851868373383368 0
2179 0.5608163359597226 0.3241031675529583 0
2180 0.4935091057384731 0.3127607012274535 0
2181 0.4872313288948467 0.32045762867751 0
2182 0.3675945229387199 0.2757012831691804 0
2183 0.3711945283989726 0.2848795611317237 0
2184 -0.05113610499946647 0.02566532411147287 0
2185 -0.05711298826679127 0.03350184832538233 0
2186 -0.06106943311020444 0.02451184578767078 0
2187 -0.06704310747961981 0.03232164579861656 0
2188 0.2029233013688935 0.6595869078492556 0
2189 0.5023335482936662 0.1971032825350197 0
2190 0.5063470440084794 0.2058811486216515 0
2191 0.4495772809392725 0.6355499786315963 0
2192 0.4264830777570421 0.6615716422634841 0
2193 0.2407444436964941 0.06929222207814845 0
2194 -0.1648534500460351 0.1339232972553938 0
2195 -0.1549247694130528 0.1351154804997996 0
2196 -0.2254969710957881 0.1623042456151836 0
2197 0.07406637454620864 0.03174258518834231 0
2198 0.5904232303584258 0.3289726473455935 0
2199 0.5939951489574433 0.3382152693305083 0
2200 0.9082180375782635 0.286506057692205 0
2201 0.3756668616980306 0.2073215068739888 0
2202 -0.2519858760097151 0.04121098757412003 0
2203 0.9749898197310888 0.2723186690850374 0
2204 0.4729627635555629 0.2397852332684459 0
2205 0.2506659231782589 0.6053240825877083 0
2206 -0.2971483427945309 0.04215780284102952 0
2207 -0.3085864989597252 0.05819408107187374 0
2208 0.3738608159900698 0.4039349898976345 0
2209 0.1655409395951987 0.1818158251166889 0
2210 0.4886239151672033 0.1427188874416637 0
2211 -0.1560452202419482 0.2507888367273929 0
2212 -0.160552062761127 0.2345232954602361 0
2213 -0.2814903374183079 0.07670183600106108 0
2214 -0.2086331640625351 0.5225986085368867 0
2215 0.2126706870625787 0.3285283477245011 0
2216 0.2191207267699153 0.3456008811940677 0
2217 0.4852079741958163 0.1334309512613834 0
2218 0.4272966351287342 0.1968078763967758 0
2219 0.2851038593142023 0.2538864330525354 0
2220 0.8533787458660741 0.2859236511007214 0
2221 0.843634231994484 0.2845599891675167 0
2222 0.3344887747457493 0.2617184593553825 0
2223 0.4311956589838817 0.1188406009604266 0
2224 0.2017240531041939 0.3015578509258383 0
2225 0.04332441962755616 0.2056681909594326 0
2226 0.03940182718790355 0.1960148068707156 0
2227 0.1623798821523184 0.251002554833717 0
2228 0.168649607124103 0.2434583316168391 0
2229 0.9531458901703369 0.2856786567544026 0
2230 0.9435582729507483 0.2840256109054546 0
2231 0.5081850523360377 0.3857513769901579 0
2232 0.260589913446978 0.07177562296513805 0
2233 0.5140712302469627 0.2242484189392966 0
2234 0.5179124091425212 0.2334847712203487 0
2235 0.9144269150519704 0.279230779711605 0
2236 0.2283454659501579 0.544914251373946 0
2237 0.2477379397288595 0.5205897468737281 0
2238 0.2095396670177734 0.5693988707531342 0
2239 0.1457299336959344 0.1790657077148195 0
2240 0.5627527945592109 0.2805639206485859 0
2241 0.5271750063428193 0.3886459598195384 0
2242 0.5233215481328455 0.379417503485005 0
2243 0.4331302732963934 0.1446687262518621 0
2244 0.3894836679541043 0.1307054187489949 0
2245 0.4468144007537001 0.1987057705671733 0
2246 0.5646280971227245 0.4109335041912559 0
2247 0.5844644809046133 0.4134886978395861 0
2248 0.593773483562357 0.4150206594008844 0
2249 0.446991941763684 0.2443300541834606 0
2250 0.443134731439038 0.234634514468281 0
2251 0.1017466571286889 0.05257049024799049 0
2252 0.09780859648332996 0.04342738123759247 0
2253 0.3824667399828485 0.2689760776807085 0
2254 0.3694403598898829 0.1719124025327549 0
2255 0.4597964557458477 0.448072183121024 0
2256 0.5266241059135529 0.4322420836113007 0
2257 0.5205633353807062 0.4401946258152765 0
2258 0.5109887347825528 0.4388950372583441 0
2259 0.5146183368144169 0.4481592585801149 0
2260 0.5244135168070839 0.4494151498077923 0
2261 0.5183475687919932 0.4573642834562817 0
2262 0.5086412503506399 0.4560222544626929 0
2263 0.0041320797138421 0.1106018696482164 0
2264 -0.1388013294479796 0.08471673184946543 0
2265 0.8631095478981511 0.2875017676400934 0
2266 -0.2389996476644166 0.02669378265543074 0
2267 0.4086634501008999 0.1943023127208886 0
2268 0.5123640880151163 0.4652905625446739 0
2269 -0.377007300701427 0.2594013671444887 0
2270 0.4549762223749066 0.2894445839291356 0
2271 0.4450902901757852 0.2879363430704127 0
2272 0.8460873932001638 0.2417694022242285 0
2273 0.8428597612194988 0.232491153437815 0
2274 0.9361357696283643 0.2400020425239975 0
2275 0.9329844309083667 0.2309579196273204 0
2276 0.1742536076176833 0.3590722477145538 0
2277 0.5047722935064342 0.5381188822345092 0
2278 0.2668530245011771 0.2765948276958083 0
2279 0.9779355860837998 0.2810568931725435 0
2280 0.8469838587683189 0.2933429904388512 0
2281 -0.2050325812112511 0.1511037932537564 0
2282 0.5795810020094669 0.4647314243443258 0
2283 0.5895212663031334 0.4656512948324705 0
2284 0.5697912058169949 0.4638001306970657 0
2285 0.4299405379854511 0.224163953918394 0
2286 0.4258193140905381 0.2146490773084319 0
2287 -0.4566987298106724 0.07500000000020475 0
2288 -0.01538521487165424 0.02150557931073585 0
2289 0.5569746591617697 0.5436979218338629 0
2290 0.5690068241147623 0.5450102203985079 0
2291 0.5618304399235829 0.5558560134559261 0
2292 0.5750071653368045 0.5567930531717484 0
2293 0.5672593861760113 0.5690206944039603 0
2294 0.5811814179600546 0.5690742156570394 0
2295 0.5735374300491951 0.5843339778049468 0
2296 0.5824011358672184 0.5453811417067733 0
2297 0.4362894483354252 0.6936364954504484 0
2298 0.400833669526093 0.6888854489234816 0
2299 -0.1252879732561228 0.2110804429308444 0
2300 -0.1180123823442289 0.2036726278050211 0
2301 -0.108525240838351 0.2054353993007199 0
2302 -0.1112815308650857 0.1960971290010564 0
2303 -0.1015003136116478 0.1982253490620632 0
2304 -0.1045382439397046 0.188807800748862 0
2305 -0.09476342452022971 0.1908408707076715 0
2306 -0.09747236678102023 0.1817107324641044 0
2307 -0.1329595169803293 0.2184062724932838 0
2308 -0.08808213790035556 0.1834035446674313 0
2309 -0.09120422996921272 0.1739612615659951 0
2310 -0.1214907609203808 0.192882315550082 0
2311 0.4255457460611523 0.4868482714339701 0
2312 0.4162068416244672 0.500845024460602 0
2313 0.4335314719037417 0.5024427850657451 0
2314 0.4235082704328708 0.5170931313070435 0
2315 0.4418602686035616 0.5180488725877899 0
2316 0.4321731344888795 0.5344156089865861 0
2317 0.4500392813172154 0.5032560564600614 0
2318 0.4588380880244304 0.5169678523211816 0
2319 0.4119044858792295 0.5330460062627764 0
2320 0.4205546318672848 0.5525068352405029 0
2321 0.3993855693507278 0.4990109039286372 0
2322 0.442641433242967 0.552312386201368 0
2323 0.4306620407104899 0.5732139873903258 0
2324 0.4074049121995179 0.5705454770789369 0
2325 0.3004834353419356 0.3491521978183605 0
2326 0.2867276590254097 0.3457225615507084 0
2327 0.2902810011518093 0.3609062454419437 0
2328 0.2743003160304083 0.3558565045225812 0
2329 0.5923553255171508 0.2852350844462607 0
2330 0.5877364314921778 0.3456651320141333 0
2331 0.2804352638467256 0.07426001782368555 0
2332 0.06654959878828087 0.309887678662089 0
2333 0.08223636290607017 0.3122719585842457 0
2334 0.07174359235508407 0.3260186314289475 0
2335 0.08964044726989293 0.3281649776217729 0
2336 0.09969165265966121 0.3118885250203705 0
2337 0.1076650990710971 0.3292769719636447 0
2338 0.1169426485273228 0.3151501820994533 0
2339 0.1250895471338306 0.3307005988512295 0
2340 0.9029338873430215 0.2937725936242293 0
2341 0.6309413851592602 0.1975499513073752 0
2342 0.634376648105337 0.2063815617641377 0
2343 0.640560846841762 0.1992142808127208 0
2344 0.6440347776010719 0.2080228814099999 0
2345 0.6502568774624087 0.2004807516441988 0
2346 0.6533213661944632 0.2096669489654392 0
2347 -0.2635449596945056 0.0992969983478722 0
2348 -0.2472474149408343 0.1027796024152456 0
2349 0.03573295442636166 0.2809091373814568 0
2350 0.9580017279601407 0.2269805727201303 0
2351 0.3696814531163275 0.2154239584068528 0
2352 0.3597630661490901 0.2141854105963859 0
2353 0.05933769719450087 0.2404193114112435 0
2354 0.1822701723580371 0.6920502126958954 0
2355 0.2189240521509875 0.6951460594306816 0
2356 0.4963876994154981 0.3221778589115669 0
2357 0.7178490277185217 0.2227394242618592 0
2358 0.7272705264121796 0.2253533397356701 0
2359 0.7087734202786813 0.2222789729001343 0
2360 0.03386021808525641 0.3398065669904479 0
2361 0.384142215262987 0.4574419830698514 0
2362 0.3685437310154125 0.4571043605136609 0
2363 -0.0710249475207837 0.02354313843406058 0
2364 -0.07697650024442237 0.03116870592396228 0
2365 -0.0809588858775819 0.02239474233475821 0
2366 -0.08690684259225712 0.02999036170037787 0
2367 -0.09065724093276452 0.02029206449368622 0
2368 -0.09679741265366124 0.02864873646167688 0
2369 0.124132593008894 0.03857832550927309 0
2370 0.1069737102496148 0.1749209119911912 0
2371 0.2143689169851836 0.260344106649283 0
2372 0.2100991296375886 0.250899201028459 0
2373 0.2162481261728959 0.2431082123946653 0
2374 -0.2303767674856657 0.01915111619444056 0
2375 -0.09902036505444553 0.208605487603969 0
2376 0.3002804681000118 0.07674562981279462 0
2377 0.3102450103258122 0.07763915211125601 0
2378 0.8087312598555418 0.2866430033694534 0
2379 0.7990957759748364 0.2852118493921109 0
2380 0.8182852516279889 0.28867065156018 0
2381 0.07723349887160832 0.2462648920820152 0
2382 -0.4313575475045991 0.1506724440408359 0
2383 0.1319694039279434 0.315869220093744 0
2384 -0.2377817212996755 0.1346056838871516 0
2385 0.2908855121127553 0.7046869349349612 0
2386 -0.03518672293657827 0.0186560586403605 0
2387 -0.1556637855373132 0.1556714995750985 0
2388 0.1724860693841622 0.2517383118605748 0
2389 0.1784865285161313 0.2445640337270359 0
2390 0.08098666767429541 0.1801384847874709 0
2391 -0.1006266816223758 0.1738244615917394 0
2392 -0.02570126260843087 0.2183362710587846 0
2393 -0.01643733222260939 0.2197706182343128 0
2394 -0.03562756762612292 0.2166302223726579 0
2395 -0.4683497269276385 0.01988167920278719 0
2396 0.5012984003089641 0.165101195202916 0
2397 0.4927023555442841 0.151821823086883 0
2398 0.4966983232628963 0.1433403969738604 0
2399 0.1564890093999054 0.2582014255179795 0
2400 0.7353873373074913 0.2195822417578424 0
2401 0.510796487918422 0.2408537406755919 0
2402 -0.2484178489496849 0.146447350746301 0
2403 -0.2351350518257671 0.0820179376282337 0
2404 0.5228487290685175 0.1517583470071069 0
2405 0.5325874918001436 0.1530351874644111 0
2406 -0.0852991671507275 0.192600101700115 0
2407 -0.0780685997783695 0.1855556319905217 0
2408 0.9722573656093427 0.2885511285902995 0
2409 0.9182766717990076 0.2879738047377443 0
2410 0.9775997064288584 0.2560223335860279 0
2411 0.1410528780994798 0.3276065996758508 0
2412 0.2377010164241391 0.27216797252025 0
2413 0.02432480429589089 0.0263812892820238 0
2414 0.5351552026452731 0.7056220911739948 0
2415 0.5172663919476734 0.7346793227865291 0
2416 -0.04237774693840827 0.2240818322133819 0
2417 -0.4081362710434531 0.4188683605667151 0
2418 -0.2302464700183777 0.09281412469229032 0
2419 -0.2919537520013186 0.7040321243754076 0
2420 -0.2460751917253273 0.7096875417876125 0
2421 0.4925984854297915 0.237794513836678 0
2422 0.0496254192038452 0.6438054252259825 0
2423 0.0182169979504199 0.6756658712610312 0
2424 0.2799852094163192 0.2884373646939216 0
2425 -0.4316057757590499 0.3234810847139492 0
2426 0.3100696296835047 0.2924177383540163 0
2427 0.5123617564275719 0.1977947276819951 0
2428 -0.434061317146345 0.4489500530187613 0
2429 0.5957935026671567 0.5003486116689255 0
2430 0.6008095323539889 0.5089138269958927 0
2431 0.5946565663794026 0.5177746202964064 0
2432 0.1991079064893077 0.2855202073992133 0
2433 -0.3421901944942866 0.3709626278384774 0
2434 -0.06055305312570523 0.2563313066961394 0
2435 -0.04784264829655124 0.257619526790248 0
2436 -0.05268497047962439 0.2474051202574906 0
2437 0.4511206727902508 0.1206615333041681 0
2438 -0.2301895248845636 0.2363342271305785 0
2439 -0.2373328114331979 0.2128448858938843 0
2440 -0.2170572516832206 0.2187609366070056 0
2441 -0.2221007631288743 0.1957620709676907 0
2442 0.5502703608102102 0.3301218001034405 0
2443 0.2785355094050779 0.3741880160660692 0
2444 0.06422837907702461 0.1879998882718521 0
2445 0.05531903732569467 0.2312049158206662 0
2446 0.04506047231649903 0.2295912649461302 0
2447 0.5166185333497686 0.2069317040482688 0
2448 0.0975317513671706 0.3450675379210837 0
2449 -0.4548262686516693 0.2800828051223055 0
2450 0.3285559347192628 0.3218072150043868 0
2451 0.3183227844421165 0.318820104037576 0
2452 0.3260528859839542 0.3119419925138229 0
2453 -0.09476350401843373 0.1661145432947846 0
2454 0.02133286134864112 0.01709242527730513 0
2455 0.6284846660032937 0.1878130246564066 0
2456 0.5660424533066168 0.1684835745080949 0
2457 0.5558250320251467 0.166607840623669 0
2458 0.4274683787926548 0.4376718395281826 0
2459 0.4337559231715878 0.4295443120974557 0
2460 0.4300282667361375 0.4202302814808119 0
2461 0.4411414790314284 0.4206653869298084 0
2462 0.44343957989705 0.4307188125465442 0
2463 0.449976015269958 0.4239785752597266 0
2464 0.5572668048335345 0.6779277771334571 0
2465 0.4071148160871583 0.1072645992868524 0
2466 -0.4094694654094466 0.6520297563654341 0
2467 -0.3855794025268433 0.6897263519770256 0
2468 0.5243315077730604 0.2253800616930412 0
2469 0.1760003544875907 0.4716038164612313 0
2470 0.2072261959991223 0.4791190589722167 0
2471 0.4158770483533749 0.5997033739843899 0
2472 0.2289872693607205 0.3321941226018955 0
2473 0.237125265083505 0.3461746877058345 0
2474 0.2274011011718442 0.3659811655396112 0
2475 0.2453035497644994 0.3608730500799144 0
2476 0.2556327837613097 0.3458812894870692 0
2477 0.4615685896942073 0.1217360406872396 0
2478 0.05771294198393225 0.3394010298316903 0
2479 0.5977922388092574 0.346428694628853 0
2480 0.6038708531093602 0.3397973879226281 0
2481 0.05436000479355203 0.02908569279335571 0
2482 0.04424272299423705 0.02819351737545997 0
2483 0.5548319153212005 0.5842730995611582 0
2484 0.596255941281207 0.2946595435893041 0
2485 -0.04211918658801887 0.2872058400959048 0
2486 -0.1926294667283501 0.3178610650922273 0
2487 -0.1651419317360556 0.3190311920509331 0
2488 -0.1490852224448487 0.295738508694371 0
2489 -0.1381090936467606 0.3197702158157647 0
2490 -0.1522941371307125 0.3438186893933164 0
2491 -0.1245160052881003 0.3428170325550438 0
2492 -0.1237987282633559 0.3023270577007002 0
2493 0.202085202731578 0.3147869551448327 0
2494 0.3301217367459297 0.7125842098610525 0
2495 0.04707670995790327 0.1868312274595423 0
2496 -0.02309438078198629 0.3263728084714391 0
2497 0.1061913905665877 0.251813732348246 0
2498 0.9846085350426321 0.2486415481431729 0
2499 0.5633721587903954 0.4720056476932697 0
2500 -0.1764978156377405 0.01876073886201858 0
2501 0.4178329183406576 0.1070734791279052 0
2502 0.5628336082085361 0.6032194837394809 0
2503 0.5351915814337701 0.5834361253328628 0
2504 0.5764116255699192 0.6189033749451669 0
2505 0.8374288290266494 0.2924061978203265 0
2506 0.1566922161532607 0.3548496113484506 0
2507 0.4139706266815061 0.7231576845929832 0
2508 0.7361426324380292 0.2291329871201929 0
2509 0.7445365216949199 0.2226231131590712 0
2510 0.7453667768608263 0.2323799914164658 0
2511 0.5911258462539347 0.5834628896126692 0
2512 -0.08395524732774043 0.01310622348936736 0
2513 -0.1584184189056087 0.1473221358671063 0
2514 -0.1493847179855536 0.1478433703927719 0
2515 -0.4322137543949364 0.02393533200945949 0
2516 -0.420930277933062 0.05416016088023415 0
2517 -0.3858722325667546 0.0631203381987281 0
2518 0.5219794535993382 0.2426342720494504 0
2519 -0.3628279030885163 0.04584071774809908 0
2520 -0.3511159059252251 0.07283061192083885 0
2521 -0.007461654483666966 0.3489939603129925 0
2522 0.08059195894042792 0.2556593985588154 0
2523 0.5626896164506611 0.3409893399264021 0
2524 0.4702491558851253 0.2284630810408272 0
2525 -0.08434917173474211 0.1673603045773347 0
2526 0.9827875545928033 0.2902156616022323 0
2527 -0.1730689601274707 0.246810519859531 0
2528 -0.1787308071224875 0.2315142750527348 0
2529 -0.3039926936534618 0.02054878619140052 0
2530 0.3007140697554211 0.7414589734014162 0
2531 0.2562346766409236 0.2912567679561699 0
2532 0.2519052903741393 0.2820722063634356 0
2533 0.4431553043149257 0.488314973486674 0
2534 0.4575995712952814 0.4919415910433725 0
2535 0.3737794123229933 0.7199754002013007 0
2536 -0.2252917980811004 0.6768369463892745 0
2537 0.1984976802543663 0.7307758228511442 0
2538 -0.1509455654093287 0.2227765716060572 0
2539 -0.1638525992940863 0.2190397624201492 0
2540 0.2360009973954672 0.2462425509954715 0
2541 -0.1150452638204177 0.2710046270406117 0
2542 -0.2841741028803745 0.03053603637823123 0
2543 0.2557538686180397 0.2493768895962777 0
2544 0.3734571779349454 0.4283443887318472 0
2545 0.3859700426317789 0.4149701231547617 0
2546 0.5280941681273421 0.1423437428070968 0
2547 -0.06372885906416464 0.2448066865651795 0
2548 0.2055535614386564 0.241041215654425 0
2549 0.1995380275226497 0.2488100776207507 0
2550 0.3047124989681769 0.06917326176890864 0
2551 0.4590867950061571 0.2272252775179098 0
2552 -0.1629506757785213 0.2773548906175465 0
2553 -0.1887185706431139 0.1411082089322465 0
2554 -0.182948855409106 0.1331974608523722 0
2555 -0.0116671074257659 0.3077734492112033 0
2556 0.05024784452349272 0.01846800156914374 0
2557 -0.165419021549699 0.1749935350474434 0
2558 -0.154935942098193 0.1726199447893068 0
2559 -0.275647419689457 0.7526392229591335 0
2560 0.80286062724072 0.2948177380242282 0
2561 0.3793817128631873 0.2166776449586477 0
2562 -0.06497276516063398 0.01507951161469824 0
2563 0.3239916814587266 0.2598653389075174 0
2564 0.3576462579377526 0.3632103034578453 0
2565 0.3558288789749683 0.3489713464384571 0
2566 0.367430168704257 0.3531188032137885 0
2567 0.3732984062021957 0.3664804992895573 0
2568 0.379563260682986 0.3548520454027334 0
2569 0.3753536837352191 0.3447522684976733 0
2570 0.386357671012362 0.3467137543835893 0
2571 0.3903260657438053 0.3559598561916213 0
2572 0.3963721845105448 0.347963436218178 0
2573 0.4003933641879001 0.3571557072795518 0
2574 0.4062426108376868 0.3494449522824882 0
2575 0.4104035204289038 0.3581838809766613 0
2576 0.404378294028146 0.3678274098560124 0
2577 0.4162837096977825 0.3503017646252551 0
2578 0.4208092816300055 0.3608337230266568 0
2579 0.3927189955219124 0.3393304594040565 0
2580 0.4262477180459331 0.3514581628404463 0
2581 0.4302873921908176 0.3603379039464719 0
2582 0.4364157094251842 0.3537922155460018 0
2583 0.4402291932244997 0.3614152187694964 0
2584 0.4349847304380496 0.369185685071037 0
2585 0.4446826727328869 0.3702707812765467 0
2586 0.4498597626245117 0.362573530402622 0
2587 -0.4015134951355753 0.5315833456811468 0
2588 -0.1004697170600896 0.01872765715903859 0
2589 -0.1067003741793507 0.02736960947152718 0
2590 -0.1103632186753113 0.01796353244430649 0
2591 -0.116630334859451 0.02632946730620853 0
2592 0.4201237935209229 0.4180917749845348 0
2593 0.4099602710685289 0.41491899158923 0
2594 0.4004597291365206 0.4224653476068246 0
2595 0.6016657461735266 0.3636172962346023 0
2596 0.6042131987068018 0.3728732048089223 0
2597 0.2992775660286455 0.3774738316721232 0
2598 0.5592408215836582 0.4625662624238164 0
2599 0.5646633172916697 0.4543410081445761 0
2600 0.5681495563900885 0.6455747619261111 0
2601 0.587999766002234 0.6931514673528005 0
2602 -0.06100134094626292 0.712937046697151 0
2603 -0.03361791964304512 0.6774613967712125 0
2604 -0.08574663053748346 0.7531005027946802 0
2605 0.594903145224758 0.6333065434202205 0
2606 0.5763262539046369 0.1698378132040304 0
2607 0.4665727221974272 0.5027324779238981 0
2608 0.4740902558854464 0.5158500413221145 0
2609 0.4690511577658829 0.5297410850525262 0
2610 0.4828058882065543 0.5243780838605714 0
2611 0.5563955092301068 0.480015477318025 0
2612 0.5599370715155187 0.4894453981479235 0
2613 0.5535344411968941 0.4970193285110094 0
2614 0.4035884844789503 0.2987355720773893 0
2615 0.7021198254839642 0.2148713510584098 0
2616 0.6927002773245683 0.2169957864900284 0
2617 0.6848747239666821 0.2102157647944246 0
2618 0.6836351572270112 0.219701853702621 0
2619 0.6759010193797326 0.2135107565555514 0
2620 0.6776324940773517 0.2058384179663801 0
2621 0.6687934408760585 0.2060877353886153 0
2622 0.6668932880587666 0.2185143230155474 0
2623 0.6912225977829232 0.2256914732428333 0
2624 0.6812321750143229 0.2297580447731991 0
2625 -0.1929207723863199 0.1583174956726721 0
2626 -0.2022161561852505 0.1663689921089065 0
2627 0.02923883477056085 0.5143794269614774 0
2628 0.05024120170694359 0.4870559060365435 0
2629 0.08651068709620328 0.4866043302518284 0
2630 0.06664750686133115 0.4585668923153579 0
2631 0.01666510241898724 0.4819157447526457 0
2632 -0.01460018128315423 0.4766070163116796 0
2633 -0.04337896397437162 0.5007959981337652 0
2634 0.09925254012290956 0.5203568634303977 0
2635 -0.1923345807359526 0.3929873087905876 0
2636 0.6072077675381585 0.5445457708038435 0
2637 0.9556409691018013 0.2184052268778753 0
2638 0.2359476108434696 0.2859212614174182 0
2639 0.3159347993795629 0.06961566837725869 0
2640 0.320026954216084 0.0791746559852341 0
2641 0.08412443252066416 0.03301165742973769 0
2642 -0.09644238693674109 0.2283275716053794 0
2643 -0.1010813130004558 0.2186663279971522 0
2644 -0.07711570060192788 0.1951739079962664 0
2645 0.7530023147641739 0.225731061441782 0
2646 0.7619072317134228 0.2229122365241752 0
2647 0.754503452045923 0.2354907008477938 0
2648 0.6454622958220189 0.1921411311305735 0
2649 0.3859509739705755 0.2086073536010503 0
2650 0.3838272177891335 0.2258094974795034 0
2651 0.03565145947354705 0.185009161830457 0
2652 0.1140991448458898 0.4660263469431681 0
2653 -0.004996073380220154 0.2476244785345095 0
2654 0.001140753896670119 0.2393213832203627 0
2655 0.006238397840620765 0.2496141057968309 0
2656 -0.003442983641312001 0.2297857709371558 0
2657 0.5424042354223995 0.5127866464975228 0
2658 0.4488933109984765 0.2971693285741706 0
2659 0.4388306121625064 0.2956027758720575 0
2660 0.4352240272515145 0.2863443623969465 0
2661 0.4289269941162655 0.294018014108329 0
2662 0.4430985211293317 0.3049177736329758 0
2663 0.2315513697149449 0.388394372906772 0
2664 0.1435368375720339 0.4718772960758567 0
2665 0.1093090350378676 0.2614910752669706 0
2666 0.2884314131769716 0.3029459299180468 0
2667 -0.2204828976885074 0.02142490616872138 0
2668 -0.2106475101825645 0.02337821104844662 0
2669 -0.2072461492659528 0.03231297075334563 0
2670 -0.2009162259636841 0.02480309152463378 0
2671 -0.2218811765558712 0.01053984579768522 0
2672 -0.1875954290598407 0.1228672217757487 0
2673 -0.1348541357419971 0.7429322990851441 0
2674 -0.1715062964899128 0.7111592024032569 0
2675 0.2793937109811117 0.5261537008259645 0
2676 -0.2159889864510969 0.05721437811007284 0
2677 -0.2100244112289132 0.04946959353870496 0
2678 -0.1995151717338127 0.1401137289860498 0
2679 0.08804519912316477 0.2991739472016853 0
2680 -0.3169550254093095 0.1228533206813024 0
2681 0.4650240392253918 0.2908718223547859 0
2682 0.1263128737498196 0.254267597362998 0
2683 0.04533566473146121 0.2938041956514917 0
2684 -0.1128908122543693 0.3212095260274989 0
2685 -0.09890999262409213 0.3398948667857327 0
2686 0.1098214443131728 0.1835601018646691 0
2687 0.1196933900613919 0.1851945778377366 0
2688 0.5534718432551129 0.5143494363583062 0
2689 -0.1337168390781708 0.372753917807336 0
2690 -0.06746320018227074 0.1898130112445072 0
2691 0.1064828606822072 0.7590251910014861 0
2692 0.5750263663266373 0.5349449461504733 0
2693 0.01004490113821425 0.758157146486619 0
2694 -0.0115650898424513 0.7160653864369336 0
2695 0.367486903997728 0.5892815225383616 0
2696 0.9746237576969363 0.296908248621562 0
2697 0.4359091913139336 0.4108432705117975 0
2698 -0.2055934729016026 0.0160992816407849 0
2699 -0.1956738578351707 0.01674528410272022 0
2700 0.4515495780335192 0.532998388918707 0
2701 -0.2552731829868122 0.01069381478428958 0
2702 -0.2603631119384594 0.02231454311355033 0
2703 0.4498040425143011 0.4469147065171604 0
2704 0.03570242530463656 0.7185595665009141 0
2705 0.007122932513810763 0.4520671129016708 0
2706 0.9461879949151513 0.2142066320752794 0
2707 0.38263096048282 0.1992779672867998 0
2708 0.5950253348698791 0.5492879609552277 0
2709 0.5973632870523684 0.5370869989390881 0
2710 0.6050799616155424 0.5728834736109092 0
2711 0.3954103542019106 0.3756272906469992 0
2712 0.3641230058752798 0.3417206622337812 0
2713 0.3642673038456001 0.3313671416086688 0
2714 0.7280815309481297 0.2346227115556316 0
2715 0.03316527427941728 0.2029826610631612 0
2716 -0.2409978423553047 0.1192363772466156 0
2717 -0.08111728046341417 0.3601840027333008 0
2718 -0.3391645875309622 0.268391816102394 0
2719 -0.346354403820453 0.2357273835488824 0
2720 0.7472391492751744 0.2423006488945149 0
2721 0.2687761399436374 0.4992571863070268 0
2722 0.2367769241231642 0.4921285197763979 0
2723 0.3358452875463279 0.3142627476756801 0
2724 0.5885587644606755 0.2757842976826382 0
2725 0.5673101709541766 0.4811504454809717 0
2726 0.6559729335374239 0.1916858651253386 0
2727 0.1126280397166676 0.3009439279576647 0
2728 -0.4579374280013021 0.5776198932029304 0
2729 0.5378930703534597 0.5035728506360531 0
2730 -0.4171897406810118 0.2474925834595969 0
2731 -0.2479974009528879 0.02006663922668088 0
2732 0.03654865357119605 0.4568189414879585 0
2733 0.1042588295797198 0.0356685599605365 0
2734 0.1947712249360105 0.4535279667371378 0
2735 0.0965723393050433 0.2507603546673857 0
2736 0.8411813023808705 0.3012812231290329 0
2737 0.8275920184403922 0.2912690468638758 0
2738 0.8339253033740439 0.2830018346508328 0
2739 0.8204442682892263 0.2994731828889193 0
2740 0.5976770173819563 0.4240667800404027 0
2741 0.9241898076870536 0.2808342369779251 0
2742 0.9280916576651583 0.2898404809330631 0
2743 -0.4568375834698504 0.6747594984082224 0
2744 0.4052280233602112 0.3778961432149906 0
2745 0.3932794646313663 0.3653133100837929 0
2746 0.5655020358803988 0.4980223910258443 0
2747 0.6473250076098168 0.2171239490033662 0
2748 0.9749037695782121 0.2128650967963108 0
2749 0.9801626686749436 0.2213164281863195 0
2750 0.9908213297622683 0.2201180744128953 0
2751 0.9853401834381754 0.2295910711065701 0
2752 0.9701848119671359 0.2215753724790676 0
2753 0.06436964016569033 0.03020996935240567 0
2754 0.4472886828242711 0.3141718881794222 0
2755 0.137896711542951 0.3476568977987409 0
2756 0.7955930787260029 0.2762844291761324 0
2757 0.789471411702529 0.2836364587622955 0
2758 0.7798465957397226 0.2821886413602812 0
2759 0.7824418650614537 0.2910825983514257 0
2760 0.7728843636672204 0.2894324607448476 0
2761 0.7700517708942245 0.280468957264408 0
2762 0.08079978078006969 0.02373386964994164 0
2763 0.8694289219086436 0.2802212451481967 0
2764 0.8730573185465571 0.2893218620280869 0
2765 0.5646749242959577 0.2370853819079546 0
2766 0.5709822433956795 0.229610283590041 0
2767 0.5674468905446407 0.2203968823870898 0
2768 0.5789866148455801 0.1793241410044915 0
2769 0.5887730936905858 0.1812850875075305 0
2770 0.5922918296446588 0.1903303763858049 0
2771 0.5983676434381578 0.1839335072687631 0
2772 0.9717286381194117 0.2633351232866097 0
2773 0.9807206863174198 0.265023079925082 0
2774 0.7184543803325667 0.2633177656368544 0
2775 0.7122664443075448 0.270703085758905 0
2776 0.7026960642409938 0.2690857150371091 0
2777 0.7057991806007108 0.2780006872452798 0
2778 0.7218494557958048 0.272328266132819 0
2779 0.7314311480224452 0.2739676284429666 0
2780 0.7248823183457512 0.2812207382379032 0
2781 0.7376610128446562 0.2666339805978576 0
2782 0.7410980780684442 0.2756290450708786 0
2783 0.7473565222837817 0.2682188636199154 0
2784 0.7507555408753535 0.277384896656783 0
2785 0.744039637359186 0.2846271414562814 0
2786 0.7535288949013089 0.2862799732394121 0
2787 0.7603618440145873 0.2788288671995055 0
2788 0.7666413087442325 0.2714822623284112 0
2789 0.6992797695150554 0.2600501628257459 0
2790 0.6931206245318517 0.2674703590065464 0
2791 0.6835313733795206 0.2659442365968913 0
2792 0.6866499458245214 0.2749205920718175 0
2793 0.6771374510229051 0.273319640700554 0
2794 0.6739331341652146 0.264330249657628 0
2795 0.9622130099161721 0.2616828075711815 0
2796 0.5690047560432037 0.2727933588203684 0
2797 0.6800611099270297 0.2568139315507399 0
2798 0.67047008447292 0.2553548476169348 0
2799 0.6643686296389486 0.2627504423106805 0
2800 0.6546536595779004 0.2612444715615796 0
2801 0.6579362088158986 0.2701238275085562 0
2802 0.6512505817348141 0.2521822623556553 0
2803 0.6450148232953448 0.2595673600947392 0
2804 -0.03995355550185235 0.2714868876985973 0
2805 0.8403327796937274 0.2753526322232847 0
2806 0.8854785184433523 0.2743452145595127 0
2807 0.8792299795704477 0.2818599277937475 0
2808 0.8829337884229738 0.2929308360859466 0
2809 0.8752783470714627 0.2991213043327861 0
2810 0.5700172099089389 0.2038882512469737 0
2811 -0.2410452322900132 0.6331633113711642 0
2812 -0.2102422598430952 0.5971231531535087 0
2813 0.776325460249248 0.2730561384818684 0
2814 0.1658599124745426 0.5908441387818459 0
2815 0.6321334384969322 0.2487429311482335 0
2816 0.6076539567851165 0.5333502879762444 0
2817 0.635442243767277 0.2578390975169361 0
2818 0.9627809855933648 0.2869090284441217 0
2819 0.9571929513997119 0.2951909812067244 0
2820 0.2444975049390757 0.3309293873771722 0
2821 0.6119066483063758 0.1734999282183128 0
2822 0.6128094925832279 0.183077305752297 0
2823 0.5001636573581815 0.4810090929629064 0
2824 0.7750927884360145 0.2150709683234712 0
2825 0.7803526200781837 0.2237272814044532 0
2826 0.7901615513015428 0.2235447316789696 0
2827 0.7852824326085337 0.2323544119084391 0
2828 0.7951818543387993 0.2322748151951866 0
2829 0.8000934842592075 0.2234688921710918 0
2830 0.8050882953386005 0.2320424644308523 0
2831 0.7758385694690674 0.2322274405520232 0
2832 0.7807272204656983 0.2406375839599536 0
2833 0.8000993124926077 0.2408882555756428 0
2834 0.8097911059856312 0.2402018746056995 0
2835 0.8149308159540101 0.2318880774633895 0
2836 0.8185516573050449 0.2397490346668756 0
2837 0.8242441850013325 0.2314667339105079 0
2838 0.8053985831372702 0.2496460121060048 0
2839 0.7902352751444517 0.2410958785180035 0
2840 0.8210385335804338 0.2719416979903119 0
2841 0.5938433496406749 0.2422279439190383 0
2842 0.5931568620443097 0.1658609705263084 0
2843 0.8050927884359296 0.2147495397520663 0
2844 0.8250325543378715 0.2145460699526482 0
2845 0.8349390541122439 0.2144226674192329 0
2846 0.8295845417303679 0.2229653167658603 0
2847 0.8548154714085113 0.2140161255246309 0
2848 0.8650322832360218 0.2135021086341778 0
2849 0.8690205789822498 0.222429157033959 0
2850 0.8799426573949751 0.2222718558445328 0
2851 0.8850529866194891 0.2139281908567557 0
2852 0.8900540836536806 0.2224615682381989 0
2853 0.8852524616720343 0.2307579307634256 0
2854 0.8951156506832934 0.2310100927456358 0
2855 0.8901169514363729 0.2398499117444639 0
2856 0.9012877875426092 0.24145748583077 0
2857 0.9052161474861136 0.2313120250328221 0
2858 0.911501782365155 0.2390641009337137 0
2859 0.9149081892918529 0.2308463738469216 0
2860 0.8950311311331395 0.2137989128979298 0
2861 0.9099477831918241 0.2223976419728403 0
2862 0.919797638804055 0.2220830683603179 0
2863 0.9149760975736105 0.2136383283322354 0
2864 0.9249404764969099 0.2136192223883203 0
2865 -0.05540350401850095 0.6392846289612264 0
2866 -0.1313326171639189 0.190441730567982 0
2867 0.1241115778251284 0.3018275819291997 0
2868 0.6281427019608682 0.2138694427417412 0
2869 -0.3048884791292967 0.4727645524530524 0
2870 0.602238909794405 0.2869102290689914 0
2871 0.602039363083099 0.3042733064438381 0
2872 0.5914319593708343 0.3040104835344811 0
2873 0.597608740283683 0.3117891228598337 0
2874 0.9804466785626587 0.2384452232923433 0
2875 0.5724863822307925 0.1597629916671691 0
2876 0.9110539018323474 0.2701000328832354 0
2877 0.3939188115867815 0.2272228594014551 0
2878 0.5387847001846349 0.2418226804867688 0
2879 0.5495408542306288 0.1739220772563201 0
2880 0.7950638949923379 0.214842838743837 0
2881 0.06321390639728963 0.2499532541834442 0
2882 0.5575177885780344 0.2185296438264493 0
2883 0.5430047000227953 0.2773840826559055 0
2884 0.5260107765597314 0.2571062865109357 0
2885 -0.1253544126126802 0.182548317739271 0
2886 -0.1138793735132048 0.1845349926633999 0
2887 -0.0633037572033566 0.08505961049767048 0
2888 0.5465687729738616 0.2867267370516274 0
2889 0.008063960581441628 0.119796450277001 0
2890 0.516949674980396 0.2819639094340664 0
2891 0.5108201679239905 0.2895434573029146 0
2892 0.5145290606547508 0.2990830102201701 0
2893 0.5505485924019498 0.200047748322732 0
2894 0.5071252774638051 0.2802320492103026 0
2895 0.5241280598214155 0.3006553170976525 0
2896 0.5062643844479183 0.2539313457305573 0
2897 0.5474478983910745 0.3131765964303572 0
2898 0.4873476611701445 0.2770923667221727 0
2899 0.4812062060459767 0.284675686045438 0
2900 0.4864008084335344 0.2513171617619944 0
2901 0.5135802173549253 0.1764045461694475 0
2902 0.5070035696815103 0.1835510997330002 0
2903 0.4861723364167992 0.1600522420071193 0
2904 0.5332364438950917 0.3806942194292709 0
2905 0.5293821599290496 0.3714654953498301 0
2906 0.5197367964388847 0.3703294690735158 0
2907 0.5258746467482086 0.3624894804930821 0
2908 0.5173349854478643 0.361121893506302 0
2909 0.5393004964134573 0.3727433261804928 0
2910 0.4668481935019527 0.1574398569738378 0
2911 0.5370883873893956 0.3899221838975113 0
2912 0.413272976008213 0.1422842803497081 0
2913 0.4033442968476886 0.1410920960077703 0
2914 0.5362043699961387 0.1624679129289628 0
2915 0.5461863651625088 0.1645264325233202 0
2916 0.5536891968111215 0.1571088521035939 0
2917 0.3795559138732558 0.129512735696846 0
2918 0.5778130633569646 0.3443790462708799 0
2919 0.5820373140135959 0.3538700648552472 0
2920 0.4072761148783885 0.1502867555533402 0
2921 0.1749475269197 0.2356507866511434 0
2922 0.1848184640651566 0.2372298177562987 0
2923 0.1885874939038188 0.2482371803104482 0
2924 0.1951570245731926 0.2393696508783801 0
2925 0.5310227245596569 0.3978725292120598 0
2926 0.5684790894102525 0.4201594035824321 0
2927 0.5806116983622919 0.4042608363591708 0
2928 0.4569195127747525 0.1562476746140454 0
2929 0.4469908320314152 0.1550554922746696 0
2930 0.5135665991147043 0.1503953544560202 0
2931 0.5980332153795318 0.3806773063974461 0
2932 0.6011765263759679 0.3905650363453662 0
2933 0.4369494957682827 0.1976152460973032 0
2934 0.4310039224054382 0.2057101135829448 0
2935 0.5380500606565168 0.346639812986334 0
2936 0.535796947932664 0.3379966141139447 0
2937 0.5321318958676649 0.3546958050716056 0
2938 0.155205599021865 0.2325691642522807 0
2939 0.4487531157401005 0.2253372062739969 0
2940 0.5902551046671199 0.4058176340284749 0
2941 0.4774764411335007 0.319029749806431 0
2942 0.4810734318006454 0.3283133007404452 0
2943 0.3638540564621084 0.09285424390247 0
2944 0.3693632618855708 0.08505374768308745 0
2945 0.3792489579132906 0.08610130633705865 0
2946 0.384315238551004 0.09475662447548701 0
2947 0.3942160088123545 0.09623390184513356 0
2948 0.397490803112312 0.1058017317777113 0
2949 0.4567297797720042 0.1998606771392676 0
2950 0.4527946314719296 0.1906560004554979 0
2951 0.4666561963409864 0.2010466670449226 0
2952 0.5492182776641606 0.3740209769028167 0
2953 0.4587891042976851 0.3424405948244771 0
2954 0.4684870557723829 0.3438480281606886 0
2955 0.4618842159714512 0.3513267512647342 0
2956 0.452692309469819 0.349360482841429 0
2957 0.474707093097698 0.336023939868811 0
2958 0.4775617837582945 0.3454203372775662 0
2959 0.4430589526492166 0.1458609103505041 0
2960 0.4370621517776868 0.1538633093158463 0
2961 0.1354556353746843 0.2293944799810462 0
2962 0.2724044194459175 0.09920225115019467 0
2963 0.276336299622576 0.1083968320692145 0
2964 0.2862649803639282 0.1095890144111019 0
2965 0.2664076188812233 0.1072046497273268 0
2966 0.2564789381398709 0.1060124673854389 0
2967 0.260410818316528 0.1152070483044589 0
2968 0.2703394990578822 0.1163992306463471 0
2969 0.2802681797992345 0.1175914129882348 0
2970 0.2901968605405864 0.1187835953301228 0
2971 0.2504821375751761 0.11401486596257 0
2972 0.2961936611052801 0.1107811967529891 0
2973 0.3001255412819384 0.1199757776720099 0
2974 0.3989146799047542 0.1928741857002095 0
2975 0.07469801249836483 0.1880174650291151 0
2976 0.07085555778455037 0.1963111478798341 0
2977 0.05546522954203162 0.1909980037671659 0
2978 0.5920805916258831 0.4319535404764071 0
2979 0.601715700918777 0.4330122466286566 0
2980 0.6072456230871691 0.4428389592416021 0
2981 0.3900838525862046 0.2877718648328812 0
2982 0.2560830169431998 0.1931895472075802 0
2983 0.2604580123672613 0.2016528871104305 0
2984 0.2704532930390438 0.2027850329922037 0
2985 0.2506103898800863 0.2002772858913457 0
2986 0.2397278537709965 0.2014026006528691 0
2987 0.5745459382739373 0.4122108200290648 0
2988 0.2506569261713407 0.07061930611338216 0
2989 0.2468688077857362 0.06094508167957075 0
2990 0.4547209294270325 0.3861182284159964 0
2991 0.4712248481045122 0.2831788246381117 0
2992 0.4906374351562459 0.1690188025830499 0
2993 0.4886278443756127 0.4265125987403993 0
2994 0.4948570618773658 0.4188063136010036 0
2995 0.4910024314875889 0.4093620067817023 0
2996 0.4980648825690565 0.4281422168424454 0
2997 0.2957977416078049 0.1979582761896044 0
2998 0.3001434858970478 0.2066704573312672 0
2999 0.3100203967057258 0.2077525022685328 0
3000 0.2902911510494619 0.205335314222062 0
3001 0.5007127544161072 0.2393012175054118 0
3002 0.5409399326500113 0.3991499350907841 0
3003 0.4712083256419685 0.3268098834864961 0
3004 0.1255833338428969 0.2278101199868766 0
3005 0.3137881465165874 0.1739510797288273 0
3006 0.293930780191628 0.1715667161437102 0
3007 0.5141724403084187 0.3780464916684641 0
3008 0.4766880044794812 0.1586700427104898 0
3009 0.4765764516403219 0.2492666979461588 0
3010 0.23268969648051 0.09443352178264515 0
3011 0.2366215766571678 0.1036281027016647 0
3012 0.2266928959158162 0.1024359203597775 0
3013 0.2167642151744643 0.1012437380178903 0
3014 0.2206960953511227 0.1104383189369102 0
3015 0.2107674146097708 0.109246136595023 0
3016 0.2068355344331124 0.1000515556760031 0
3017 0.3581337636483097 0.2303114781717749 0
3018 0.3439697147891186 0.09035379797943466 0
3019 0.3401495580973433 0.08049505264291187 0
3020 0.349810594983441 0.08193813588349784 0
3021 0.3352863794045959 0.07027889874584389 0
3022 0.3298555718799313 0.08010921243860614 0
3023 0.4928847531651799 0.4622807972603646 0
3024 0.2860670197645147 0.1531775543224284 0
3025 0.433416635910764 0.233448643914527 0
3026 0.4272497742994733 0.2412270115129745 0
3027 0.3257817427299223 0.1579462836899779 0
3028 0.1911080137264803 0.0632732319999231 0
3029 0.1871461255338236 0.05432856252486536 0
3030 0.1772075967029529 0.05321839661058964 0
3031 0.1971048142911748 0.05527083342279096 0
3032 0.2070334950325267 0.05646301576467936 0
3033 0.5572941919662824 0.3145823383596666 0
3034 0.3590135212094784 0.2565076612343355 0
3035 0.3532598412903312 0.2644274205229695 0
3036 0.09182075300472158 0.1874745042818596 0
3037 0.09884060570542863 0.18036957853299 0
3038 0.4232016131165753 0.1434765178956933 0
3039 0.2163675031727933 0.1884274037701163 0
3040 0.2203001741522928 0.1976153987595331 0
3041 0.1157092442357535 0.2262296689010874 0
3042 0.1121468101614781 0.2168898684423952 0
3043 0.2306247760924743 0.1116305012787974 0
3044 0.2941287407172442 0.1279781762491434 0
3045 0.3100542220232902 0.1211679600138983 0
3046 -0.0928894276696477 0.03790236294537471 0
3047 0.3834870218328278 0.1387077338744196 0
3048 0.3696264609148179 0.1283209706135113 0
3049 -0.1489139348914586 0.1271262038085589 0
3050 -0.1448108499769525 0.1356750398503943 0
3051 -0.1389660754825245 0.128202015286678 0
3052 -0.1329969508536897 0.1202856593003917 0
3053 -0.1290641489637106 0.1294773724890428 0
3054 0.09929743362125285 0.1568477923868584 0
3055 0.1747878313428782 0.157250366697315 0
3056 0.04217816307449772 0.04538749483534287 0
3057 0.04611038198783515 0.05457925470239278 0
3058 0.1453287106461937 0.2309811553476909 0
3059 0.424933444069555 0.3817899109053421 0
3060 0.4208016945800606 0.3722298022931136 0
3061 0.4409940315365018 0.1630578907635183 0
3062 0.1350734186128614 0.1524790536409776 0
3063 -0.1127492090787705 0.03551016032043298 0
3064 -0.1226694307541259 0.03432029262934295 0
3065 -0.1266113307488323 0.02522128549887794 0
3066 0.1265419848636651 0.1770481588984801 0
3067 -0.1369651094767858 0.1551584212826277 0
3068 -0.2063816885205483 0.1027819848414532 0
3069 -0.2161585249148262 0.1015531774047172 0
3070 0.4726470958566534 0.1930294416829634 0
3071 0.4765778239041772 0.2022239369454443 0
3072 0.1948419333037252 0.116056352830268 0
3073 0.1909100531270668 0.1068617719112483 0
3074 0.1809813723857147 0.1056695895693607 0
3075 0.1869781729504085 0.09766719099222818 0
3076 0.1770494922090565 0.09647500865034084 0
3077 -0.07303707876029822 0.04030048165658492 0
3078 0.2343586956697215 0.164413622109119 0
3079 0.1513932907610722 0.05850450263237357 0
3080 0.1474427817479302 0.04946506557308934 0
3081 0.1573678062293535 0.05068769781870884 0
3082 0.4779557991813717 0.3984949235196983 0
3083 0.4842307452792056 0.3907094817806641 0
3084 0.4934589109537675 0.3920603129457566 0
3085 0.1015519264549001 0.09613213083426056 0
3086 0.01386279931930053 0.1553825905078 0
3087 0.196363801838664 0.1861477242838332 0
3088 0.1990564831813567 0.195040042051763 0
3089 0.1318947986609807 0.2200528564653521 0
3090 -0.08915792301845261 0.09067764238004224 0
3091 0.1731176120323985 0.08728042773132062 0
3092 0.1671208114677044 0.09528282630845283 0
3093 0.1571921307263528 0.09409064396656491 0
3094 0.1611240109030103 0.103285224885585 0
3095 0.1511953301616591 0.1020930425436977 0
3096 0.06370416327810452 0.1177549618818753 0
3097 0.313986102199948 0.1303625409329195 0
3098 0.3199829027646424 0.122360142355787 0
3099 0.3259797033293363 0.1143577437786531 0
3100 0.4154747535537618 0.2831761134935628 0
3101 0.4675969805693382 0.2739944020085536 0
3102 0.1022717901505825 0.2153137900970166 0
3103 0.009222116626535892 0.2330213712247791 0
3104 -0.003438768827633811 0.2199597374842918 0
3105 0.04758265983076141 0.1681375742260928 0
3106 0.04158392080796315 0.1761561166055838 0
3107 0.03164854355446703 0.1751980469383617 0
3108 -0.05317778854020261 0.04266878351412549 0
3109 0.3535034751124002 0.178719671684423 0
3110 0.1234742083256394 0.08131951602188336 0
3111 0.1274060885022976 0.09051409694090316 0
3112 0.1214092879376038 0.09851649551803551 0
3113 0.3437721444240041 0.1339390879585822 0
3114 0.349768944988698 0.1259366893814487 0
3115 0.3398402642473462 0.1247445070395614 0
3116 -0.1326054208424833 0.03314249615168133 0
3117 -0.136576402475926 0.02426581035185744 0
3118 -0.1425413835694307 0.03199216205292917 0
3119 -0.1461857004895835 0.0233789538557088 0
3120 -0.1302850165915123 0.0165797238080214 0
3121 -0.1505969710521659 0.05713299198691509 0
3122 -0.1605256158648015 0.05594082937711584 0
3123 0.3061223418466323 0.1119733790948764 0
3124 0.3336455612829072 0.1763354323230418 0
3125 0.07376429977655152 0.2368621342191269 0
3126 0.3557657455533909 0.117934290804315 0
3127 0.214699294786429 0.1184407175140429 0
3128 0.05564244232519992 0.142954339955039 0
3129 0.05957432250187085 0.1521489208740676 0
3130 0.06557112306671221 0.1441465222970369 0
3131 -0.1268077306356503 0.06871193690448682 0
3132 -0.1228758495547671 0.07790651741727633 0
3133 -0.1805516605236773 0.09714828487874184 0
3134 0.2264949353164032 0.1460244602711027 0
3135 0.01819060034742674 0.07740009118014128 0
3136 0.2270117766662056 0.2719635525130693 0
3137 -0.0829645093131374 0.03909958771145489 0
3138 0.1056812289100338 0.0617426550627987 0
3139 0.4213749462421162 0.1172117823874628 0
3140 -0.09721963159098185 0.1158770143314803 0
3141 -0.08729074669955846 0.1170691068434286 0
3142 0.073632844019465 0.1189471442237687 0
3143 0.05977228310145523 0.1085603809628616 0
3144 0.2742713792345403 0.125593811565368 0
3145 -0.01945920222699957 0.05543438229190645 0
3146 -0.1880246531231548 0.03527527231778403 0
3147 0.06576908366615045 0.1005579823857303 0
3148 0.06183720348949251 0.09136340146671071 0
3149 -0.1168790498600391 0.06990411905238894 0
3150 0.1969068536917606 0.09885937333411551 0
3151 0.1409484814706846 0.1955709626793718 0
3152 0.1385602064245481 0.1867559676011901 0
3153 -0.1017366880548996 0.1499185599511982 0
3154 -0.03331976314763912 0.04504761905289756 0
3155 0.3240467364253672 0.08804116449773952 0
3156 0.2398208431740072 0.2112022955661389 0
3157 0.2301499402442517 0.1994647946266527 0
3158 0.1713875824769761 0.2263864421896755 0
3159 -0.09888824483954387 0.0458982299036459 0
3160 0.2988947264374774 0.2207972623616326 0
3161 -0.04157933419860092 0.1138354898158033 0
3162 -0.03558261273374524 0.1058331284006236 0
3163 -0.02565395227779198 0.107025320808798 0
3164 -0.03951450716425967 0.09663855413461081 0
3165 -0.02958582962684332 0.09783073902073376 0
3166 -0.01965715499063564 0.09902292462406406 0
3167 -0.0235890373614142 0.0898283426841873 0
3168 -0.1187445997991219 0.04351294467261906 0
3169 0.06390212387752807 0.07416642197055873 0
3170 0.05397344313617619 0.07297423962867131 0
3171 -0.06743296663304568 0.1194532796375943 0
3172 0.04984360236009617 0.1073681986209692 0
3173 0.0955551258902064 0.1041345294113929 0
3174 0.1470654893855887 0.1364870015359996 0
3175 0.1669228508682925 0.1388713662197749 0
3176 -0.03744960246933449 0.0794415785727557 0
3177 -0.0434463979986543 0.08744397734856003 0
3178 -0.04324855454047624 0.043856358233861 0
3179 0.3096999893923862 0.2485892154427747 0
3180 0.3038952568111938 0.256517937960738 0
3181 0.2791810919692788 0.2174186317928394 0
3182 0.2594347187106754 0.2142436131894432 0
3183 0.1799220456629825 0.201585293569804 0
3184 0.1768874557456254 0.1921993536877289 0
3185 0.02212248052408459 0.08659467209916077 0
3186 0.02811928108877846 0.07859227352202858 0
3187 0.0380479618301304 0.07978445586391603 0
3188 0.04197984200678779 0.08897903678293521 0
3189 0.0519085227481401 0.09017121912482293 0
3190 0.03411608165347224 0.07058987494489631 0
3191 0.0440447623948242 0.07178205728678379 0
3192 0.05584040292479653 0.09936580004384149 0
3193 0.1516417889509631 0.2232260568334548 0
3194 -0.00766356084650122 0.0830181258271071 0
3195 0.1606654817244283 0.1986009394901499 0
3196 0.1579722736598905 0.1896591263611509 0
3197 -0.1528434753683897 0.1179338094918915 0
3198 0.1867802123509962 0.1412557309035504 0
3199 0.2544140177518365 0.123209446881593 0
3200 0.2145013341870182 0.16202925742534 0
3201 -0.0631079156958715 0.04148864713657492 0
3202 -0.07903175514162682 0.04828539210312485 0
3203 0.006394959817452044 0.04981634842308204 0
3204 0.02418740091212036 0.06939769260300892 0
3205 0.5585597989621824 0.4188806893638293 0
3206 0.02585640015466422 0.1393777929035182 0
3207 0.01592772044560196 0.1381856106704735 0
3208 0.1272081279028849 0.1341026368522228 0
3209 -0.07716432652712368 0.0746728476511973 0
3210 -0.07323244108564686 0.08386742768751049 0
3211 0.08975628592492552 0.06854838807720126 0
3212 -0.02529190397263521 0.02013228472387149 0
3213 0.09742208567882896 0.1305260898265648 0
3214 -0.03931658215315531 0.05305017120808013 0
3215 0.1334028890669913 0.08251169836377069 0
3216 0.1373347692436495 0.09170627928279046 0
3217 0.1313379686789557 0.0997086778599231 0
3218 0.0361811786537197 0.0533914245946596 0
3219 0.03824672815567306 0.03618920573954316 0
3220 0.03432881278201481 0.02773162082764204 0
3221 -0.0054586217251089 0.02271514746821818 0
3222 -0.01019544424884533 0.01493775062551294 0
3223 0.02192452059089388 0.1301832118162381 0
3224 0.03185320078550129 0.1313753943153581 0
3225 0.3456391042126259 0.160330648373753 0
3226 -0.05917438756172492 0.0506695036082495 0
3227 0.09968487694612116 0.06974131762256242 0
3228 0.004521999140231667 0.02394941082880294 0
3229 0.08791049450606793 0.0422205509803764 0
3230 0.0560391191853003 0.05577096686895195 0
3231 0.02831724168819125 0.03500373361070475 0
3232 0.2128323349978062 0.09204915709887043 0
3233 -0.04511540367793014 0.0174638762984731 0
3234 0.455618578065188 0.411826548927514 0
3235 0.0002002000175272432 0.1014072892556589 0
3236 -0.003533720923726466 0.04862416607975076 0
3237 0.05004180543719527 0.06377763931768379 0
3238 0.2799932151318854 0.2438636777555289 0
3239 -0.04963970382299809 0.1390342430669904 0
3240 -0.03971217132639646 0.1402269554732486 0
3241 -0.0357805483301783 0.1494216548028827 0
3242 -0.04570897890235284 0.1482293563284289 0
3243 -0.02585191052916475 0.1506138576178665 0
3244 -0.03184871204197602 0.1586162555617774 0
3245 0.03516926354180591 0.2282010004372203 0
3246 -0.09702168826300074 0.07228848297967161 0
3247 -0.1824472780834432 0.0707538898674463 0
3248 -0.0233910824061648 0.04623980139376527 0
3249 0.2202811296306571 0.2078236476717177 0
3250 -0.1191408348414099 0.1306862794602362 0
3251 -0.1230716230373894 0.121488277216167 0
3252 0.1352698488556138 0.108903258778943 0
3253 0.1549303218608364 0.1548672345751406 0
3254 0.2463522967991073 0.148408824954877 0
3255 -0.1138307647611191 0.1660048581823335 0
3256 0.1154124873729102 0.1065188940951679 0
3257 0.000398159252960661 0.05781874699852988 0
3258 0.04011306860064343 0.06258592414538214 0
3259 0.2476886953957189 0.2732611058616716 0
3260 0.02398944031270448 0.1129862325143306 0
3261 -0.01346240166448535 0.04743198373292477 0
3262 0.01941124845949548 0.1912347788936229 0
3263 0.04364916426651723 0.1589564464716924 0
3264 0.3239147829412998 0.1315547232748077 0
3265 0.06950300324336255 0.1533411032160512 0
3266 0.08189252557160911 0.05015922623916176 0
3267 0.1712440095595233 0.06094418862807738 0
3268 0.04797664257148216 0.08097663820580338 0
3269 0.1073507664201773 0.1317182721684488 0
3270 0.111480607196252 0.09732431317614805 0
3271 -0.2142988886493303 0.08437384114003586 0
3272 0.06783400405418624 0.08336100288957846 0
3273 0.05377548253672118 0.1165627795399662 0
3274 -0.01985511574557147 0.1426114626952325 0
3275 -0.09328735476801013 0.1250714192548737 0
3276 0.09162324571354823 0.09493994849237312 0
3277 0.2345566562691326 0.1208250821978174 0
3278 0.06350814113904731 0.1613273579923894 0
3279 0.4673352424519092 0.3705422207910301 0
3280 -0.1884439559542873 0.0787562127380535 0
3281 0.1672652501173062 0.0521400255543566 0
3282 0.03924450256581206 0.2371246805970711 0
3283 0.1551272103383173 0.1112876234627178 0
3284 0.2922617809286217 0.101586615833969 0
3285 0.0579053233128342 0.08216882054769091 0
3286 0.4407082941512533 0.2521502597518265 0
3287 0.4505805551408138 0.2537356513952121 0
3288 0.4160961884700686 0.4067205216646207 0
3289 -0.1785154111394704 0.07994829433333026 0
3290 0.0914252851141349 0.1385284884036968 0
3291 0.3358040636692208 0.2025801303521531 0
3292 0.3401427849120647 0.2115532768856416 0
3293 0.3499435193656838 0.2128652584692672 0
3294 0.01799264059790912 0.1209886311099357 0
3295 -0.1745787774303656 0.08914333191233749 0
3296 0.1315309246144684 0.0561618175712003 0
3297 -0.1706479271681606 0.09833643959518953 0
3298 0.2066375738336996 0.1436400955873263 0
3299 0.1912604863723806 0.229663284154052 0
3300 0.05358016039572001 0.1601293459435886 0
3301 0.001869197842555528 0.171387387238034 0
3302 -0.1386042014109437 0.04114073586409821 0
3303 -0.1485332086473158 0.03994785805040394 0
3304 0.4110942880808351 0.2474004378030449 0
3305 0.1013539658554833 0.1397206707455816 0
3306 0.4965596543842513 0.3749889770475685 0
3307 -0.1150120827190296 0.09629567511135546 0
3308 0.08715847760964968 0.1719183539890908 0
3309 0.388628510236099 0.2613089142668596 0
3310 -0.02172207459034223 0.11621990282551 0
3311 0.09182262765459706 0.05137957422722858 0
3312 0.09575287929360884 0.06055111665955439 0
3313 0.4954824697941268 0.4451000519024674 0
3314 0.2542160571525179 0.1667979867928777 0
3315 0.1058350981862454 0.2246483602265734 0
3316 0.3186113424364558 0.2241573304175049 0
3317 0.3244233895922009 0.2173854170183376 0
3318 -0.01572527598968608 0.1082175060281456 0
3319 0.2308146006656847 0.06810971946439262 0
3320 0.2268908565152289 0.05884738044845352 0
3321 0.4428796235591532 0.1894893681913818 0
3322 0.3787669693239893 0.2596777748411725 0
3323 0.3141462147059931 0.08686362880221102 0
3324 0.4347821757746023 0.3835908195195473 0
3325 0.2662096582818106 0.1507931896386523 0
3326 0.3059243812472183 0.1555619190062027 0
3327 0.2008387338684189 0.1080539542531356 0
3328 -0.102806999553844 0.03667230672365428 0
3329 0.411907506640056 0.2738432245390177 0
3330 0.3383761122267466 0.2272177776184633 0
3331 0.5801130857255715 0.301141481402792 0
3332 -0.1657997298221306 0.01849594469557461 0
3333 0.1749845718210211 0.1136719881464929 0
3334 0.2044880493842981 0.258907829650786 0
3335 0.416438275496861 0.2132252215654662 0
3336 0.1374973986422102 0.04841198313027904 0
3337 0.1929749735151024 0.08966479241509534 0
3338 0.4707652620479277 0.166640771796262 0
3339 0.3299115835059945 0.1235523246976744 0
3340 0.5706890518064833 0.4029795376295425 0
3341 0.4209626218585703 0.2489872371371903 0
3342 0.4874667807142888 0.399877933714453 0
3343 0.2804674806320125 0.2039250838258142 0
3344 0.07865354398562989 0.2027384696723824 0
3345 0.07982057886324463 0.2292027785881291 0
3346 -0.134898732044584 0.1373177538308596 0
3347 0.3636295316472766 0.1363234387337378 0
3348 -0.1251387275141056 0.1386920302330166 0
3349 0.2760719186141232 0.1953793063502091 0
3350 0.153260250549695 0.08489606304754518 0
3351 0.4752454939001572 0.1324749090383478 0
3352 0.2903394689697835 0.07565603693738879 0
3353 0.2866951089367659 0.06604327961593132 0
3354 0.2361386972992615 0.1911667802446602 0
3355 0.1946440449515272 0.1596442910554947 0
3356 0.466158882338116 0.4404819396994494 0
3357 0.3754271487729973 0.1639076634921179 0
3358 0.3654988017543648 0.1627155591656801 0
3359 0.1161910292679128 0.2530610067318907 0
3360 -0.07342668307696328 0.1274542937222744 0
3361 0.3993817020280718 0.1753855983472206 0
3362 0.2740734186413606 0.1691823514752652 0
3363 0.1710526916443622 0.1044774072274728 0
3364 0.4411919920488994 0.1194693509622802 0
3365 0.04707033421507607 0.2143147856342146 0
3366 0.4370570064839358 0.2427276567062536 0
3367 0.2704982927685597 0.07313687870159459 0
3368 0.266732458805142 0.06342644429085097 0
3369 0.4697032698315991 0.4497787739044654 0
3370 0.5665695958541077 0.3498893856173854 0
3371 0.3555809506669503 0.2050400379838475 0
3372 0.5003616671776994 0.2137956275919779 0
3373 0.3934155852005946 0.1398999714257086 0
3374 0.3973474283074204 0.149094580587033 0
3375 0.4316543633051585 0.2770171148590865 0
3376 0.1052873678472581 0.1489025777506658 0
3377 -0.002234108473555417 0.2057141721850908 0
3378 0.3994137082840091 0.1318964523638065 0
3379 0.1650807257820392 0.2341312242544082 0
3380 0.210965375209184 0.06565759668369883 0
3381 0.4509227122114167 0.1642500731894613 0
3382 0.2525470579632134 0.09681788646641948 0
3383 0.4191119497693876 0.1778266967457463 0
3384 0.1472634499850011 0.09289846162467787 0
3385 0.4173991143040524 0.2396432877623218 0
3386 -0.07736130113332465 0.1182609454116943 0
3387 0.4992729099433762 0.3050791095492414 0
3388 0.3156261890297504 0.2001249327450768 0
3389 0.5863473077537568 0.3198414653329796 0
3390 0.4650647295909055 0.1315588954164512 0
3391 0.2169621757738778 0.05765519810656675 0
3392 0.1412666494203074 0.1009008602018104 0
3393 0.5668358469557497 0.3937508755745334 0
3394 0.3634714090832289 0.1799150520343678 0
3395 0.4190529514798467 0.2924301848714949 0
3396 0.4813944077095395 0.407793518731877 0
3397 0.509452006923785 0.412591262141069 0
3398 -0.08129395628744546 0.1090667128565237 0
3399 0.510166427339881 0.2150679211527302 0
3400 -0.004127623116534643 0.1793897721647076 0
3401 0.3756303757935863 0.120315422397608 0
3402 0.4415282379204762 0.2786014172943952 0
3403 -0.08132578219828746 0.1521466188847953 0
3404 0.4253468508611195 0.2847564055249051 0
3405 0.4231477752012029 0.3018566560571381 0
3406 0.335908384070688 0.1155499261205406 0
3407 0.2405534568338251 0.1128226836206849 0
3408 -0.07529731331678492 0.1010643864780367 0
3409 0.5751198622291983 0.3686260256274286 0
3410 0.246550257398519 0.1048202850435513 0
3411 0.5326657026408699 0.42428056778071 0
3412 0.4271334747759493 0.1526711222426292 0
3413 0.3595088025305231 0.1707184575709398 0
3414 0.3596976557607135 0.1271288554966139 0
3415 0.3495709843892843 0.1695252292927712 0
3416 0.2764630675125341 0.2786828439982412 0
3417 0.3396424139895209 0.1683330219153926 0
3418 -0.05563099385838674 0.1470335616469557 0
3419 0.439060538312561 0.3389301805034957 0
3420 0.3297136229065817 0.1671408646089946 0
3421 0.5355227173459196 0.3635713058027532 0
3422 0.3197849471264501 0.1659486811414509 0
3423 0.3098562618856183 0.1647564998204529 0
3424 0.536523419439051 0.4335083368526399 0
3425 0.2999275808993946 0.1635643175341236 0
3426 0.5304683361256752 0.4414633935571912 0
3427 0.2800702192061116 0.1611799528981262 0
3428 0.2899988999802761 0.1623721352325692 0
3429 0.2701415384590552 0.1599877705575316 0
3430 0.2602128577173926 0.1587955882157139 0
3431 0.5453783175374711 0.3648022134711336 0
3432 0.2502841769758147 0.1576034058738768 0
3433 0.2403554962344144 0.1564112235319988 0
3434 0.2304268154930625 0.1552190411901103 0
3435 0.220498134751711 0.1540268588482216 0
3436 0.2105694540103592 0.1528346765063332 0
3437 0.2006407853102095 0.1516423938834334 0
3438 0.1907121788229378 0.150449593141971 0
3439 0.1807837017696083 0.1492557144544198 0
3440 0.1708551071009188 0.1480628152859567 0
3441 0.1609262369030163 0.1468722107678174 0
3442 0.1509976151997416 0.1456795367475977 0
3443 0.1410689960384857 0.1444868415570526 0
3444 0.1311401649348253 0.1432959114559607 0
3445 0.1212117735830817 0.1421013190321802 0
3446 0.1112830983963172 0.1409090904308331 0
3447 0.1092202470029199 0.1580888390165606 0
3448 0.1032519105359318 0.1655412781463132 0
3449 -0.01233675852870471 0.2041777143221087 0
3450 -0.01405631586935724 0.1781975813963375 0
3451 0.534341441516391 0.4506941273551142 0
3452 0.4188324212333703 0.3356445428926323 0
3453 0.3007616844749391 0.2908610220394594 0
3454 0.5282346993134127 0.4586359222961687 0
3455 -0.05170763177242338 0.1562221424396405 0
3456 -0.04177740310796393 0.1574240774640842 0
3457 -0.03784876720612937 0.1666149639509776 0
3458 -0.03202682565902377 0.2020339794653717 0
3459 0.5180394952823334 0.3085482123430974 0
3460 0.3181426671245741 0.2678700611763316 0
3461 -0.04387697964821388 0.1745878921581109 0
3462 0.5564421853988644 0.288315092423121 0
3463 0.59353751845159 0.4749846349880406 0
3464 0.5982403776970425 0.4838667857262032 0
3465 0.5999291106350191 0.4668943955336613 0
3466 0.5947941375314377 0.4576690289898008 0
3467 -0.03392034124124627 0.1758068343483899 0
3468 0.3196376571685714 0.2938550696827436 0
3469 -0.1129471671307906 0.07909869820156787 0
3470 -0.02791771897384971 0.1678099608645252 0
3471 -0.04194011976447746 0.2006377337313557 0
3472 -0.01798837480795853 0.169002831951011 0
3473 -0.01759224145742055 0.08182594236364096 0
3474 -0.1288726511054984 0.08590891520461615 0
3475 -0.008059526791741198 0.170195167999138 0
3476 0.009930919689861083 0.1461880105947719 0
3477 -0.03351771630053006 0.08863615869176192 0
3478 -0.002062689224850634 0.1621928016601247 0
3479 -0.0494431778163958 0.09544636628696382 0
3480 0.00393411828023929 0.1541904105859847 0
3481 0.01199584063157722 0.1289910308720379 0
3482 0.5320997286887771 0.4678663291853024 0
3483 0.005999040810861133 0.1369934302983218 0
3484 -0.00186471875678761 0.1186042702144874 0
3485 -0.0573069642050414 0.07705721086093525 0
3486 -0.005796598746265367 0.1094096897635911 0
3487 -0.07922923272312485 0.09186982150429142 0
3488 0.5221966495807968 0.4665735275745726 0
3489 -0.009728478307323211 0.1002151082655139 0
3490 -0.08316112308772851 0.08267524417139024 0
3491 -0.1725190323412555 0.07194572821236056 0
3492 -0.01366035879623444 0.09102052621809363 0
3493 -0.05337507407617968 0.08625179098036009 0
3494 -0.0930898065477781 0.08148306088263771 0
3495 -0.1030184862844284 0.0802908796611902 0
3496 -0.170453680006634 0.05474910087750107 0
3497 -0.1189439664924149 0.08710109604790581 0
3498 -0.1545290040441037 0.04794040880671026 0
3499 -0.1348694449426022 0.09391131285476895 0
3500 -0.1584608592058872 0.03874619512126363 0
3501 -0.144798127383087 0.09271912680283517 0
3502 -0.1487300108759088 0.08352454604794476 0
3503 -0.1555063348808696 0.02190722569616337 0
3504 -0.1586586899924704 0.08233236354946971 0
3505 -0.1685863279773618 0.08114037682593078 0
3506 -0.1665222987638907 0.06394330745993212 0
3507 -0.1522700038748513 0.03092028046481558 0
3508 0.5528769262381641 0.2789777022795528 0
3509 0.3418948003738927 0.280602732058974 0
3510 0.2050138912131972 0.2771395209513162 0
3511 0.378677538487969 0.3039623287752398 0
3512 0.8660751756028456 0.2710236111004513 0
3513 -0.04792981600472512 0.2081450807482558 0
3514 0.5922252924677482 0.4918514563000744 0
3515 0.5039064357740544 0.174318754745268 0
3516 0.9401237780581373 0.2750120505895782 0
3517 0.9339525971185105 0.2824643123607032 0
3518 0.9370508497141348 0.2917568952297377 0
3519 0.9310412500495863 0.2991944770575676 0
3520 0.5106281072384419 0.1329930938077574 0
3521 0.4920796531014212 0.126317033079559 0
3522 0.4810658395904731 0.1236504610943533 0
3523 0.6069464141840465 0.3138953032164366 0
3524 -0.3746306106186026 0.7588370877106698 0
3525 0.5744324684040922 0.2388954016216647 0
3526 0.992133401053034 0.2857952926340173 0
3527 0.9904974465685303 0.2660743261522929 0
3528 0.4362216125361903 0.1045081416519175 0
3529 0.4186796531016445 0.09737703307960956 0
3530 0.6325823386469567 0.2742169289637485 0
3531 -0.09215453595126274 0.2001195267763578 0
3532 -0.08845181115647112 0.2092825672092734 0
3533 0.9206965039505011 0.2717580409867215 0
3534 0.6061259494644027 0.2273290271019797 0
3535 0.8099759749197386 0.2233959770909951 0
3536 0.2092863850540121 0.04501070574748343 0
3537 0.189614125246886 0.04159289788387898 0
3538 0.1501816476487078 0.03473027438003459 0
3539 0.1698753865108159 0.03801686698073738 0
3540 0.9615610547272884 0.2361234913856948 0
3541 0.3589260419900791 0.3007866803093587 0
3542 0.6074369973647216 0.483955472281181 0
3543 0.6086485568284168 0.4135667683618652 0
3544 0.8506744989302444 0.223619851552026 0
3545 0.6603549487366018 0.227544002998258 0
3546 0.6515568284581539 0.2774824067897983 0
3547 0.8749632254925592 0.2467894133829986 0
3548 0.8944091060846666 0.2496789141450979 0
3549 0.6259134922528858 0.2561660343651849 0
3550 0.8495819194699117 0.251003370143752 0
3551 0.9000724089364663 0.2224449040464088 0
3552 0.6095887774075559 0.236418805904914 0
3553 0.5591510160952997 0.2712157589989901 0
3554 0.1793047108361331 0.2845907396217398 0
3555 0.6315071527260927 0.2230095516766658 0
3556 0.7085932971634998 0.236688623339352 0
3557 0.8198101433965409 0.2231507620130521 0
3558 0.9390174101780513 0.2231678145503332 0
3559 0.5751406059734069 0.2649061851903279 0
3560 0.5859361236402192 0.5348894869449459 0
3561 -0.2061628248635928 0.05894881332799669 0
3562 0.3651721119960977 0.2929717481343112 0
3563 -0.03918668426783767 0.2333459234992092 0
3564 -0.04899637327853566 0.2315738768208 0
3565 0.6377531627527911 0.2154939246940004 0
3566 0.2567507049574519 0.4714929002923433 0
3567 0.9395698148755953 0.2491912159796829 0
3568 0.6094305446295266 0.503878738332352 0
3569 0.3814748746108771 0.5090555943563967 0
3570 0.22932101540401 0.04932312939693692 0
3571 0.8931254940838738 0.2930520608001402 0
3572 0.6054272124351723 0.2011773035453059 0
3573 0.907852634900936 0.3022063954508268 0
3574 -0.3491308038504851 0.7082879315808525 0
3575 -0.1723591960999268 0.008735739366794941 0
3576 -0.1528924758310497 0.008206564834512535 0
3577 -0.03497983994530628 0.009001307123118928 0
3578 -0.1143524843767396 0.00884239294593662 0
3579 0.5199644052209674 0.4837461804659034 0
3580 0.6034581959739269 0.2439048053525515 0
3581 0.6016696614023311 0.1923579764699926 0
3582 0.209949779316193 0.1964247239960234 0
3583 0.1298908972493251 0.263565915897739 0
3584 0.6002969839110111 0.3307224586036471 0
3585 0.374890916709702 0.2943915602116137 0
3586 0.8399115087827609 0.2493893985763591 0
3587 0.5015314765226637 0.5084054803788259 0
3588 0.5555707210797823 0.2618915587287093 0
3589 0.5832773751442983 0.2149747484764049 0
3590 0.211253906440612 0.2329236449593296 0
3591 0.4061419291451317 0.4046196441978552 0
3592 -0.3782651943207621 0.0979374084967039 0
3593 -0.3277386208869872 0.0873258614611217 0
3594 0.5161543361806132 0.474524574462188 0
3595 0.6507306258676738 0.2261806224118514 0
3596 0.5787814455824458 0.2743124968473527 0
3597 0.6041352664390303 0.2694191056659554 0
3598 0.1306143131325006 0.7207771378462904 0
3599 -0.2001820580256738 0.05114920056204738 0
3600 0.220935748118036 0.2343792318668368 0
3601 -0.05850762743861666 0.2260258281782171 0
3602 0.657067409812633 0.2186809561102175 0
3603 0.2261107407250517 0.2447624831974634 0
3604 -0.213709318229665 0.03998560453511524 0
3605 0.456758681663567 0.1123879760119088 0
3606 0.9296830181667475 0.2474933844229371 0
3607 0.8368637629728247 0.2404464337640847 0
3608 0.2406689942400429 0.2375277526288732 0
3609 0.0411879996091384 0.263333196428231 0
3610 0.04458641447966812 0.2728275742163622 0
3611 -0.4192336722544299 0.207937587563423 0
3612 0.5851257745718674 0.517193587324231 0
3613 -0.03613301369771574 0.2540541169758739 0
3614 -0.2305133304565919 0.556675854750081 0
3615 0.2458602277324713 0.247918149412988 0
3616 0.5944914623375896 0.267998948681455 0
3617 0.5117037907810462 0.5088886390884837 0
3618 0.2604183447066538 0.2406842440688235 0
3619 -0.09366825476130221 0.008466828744701602 0
3620 0.3876580074986944 0.234958561239154 0
3621 0.2656097140219993 0.2510738201527359 0
3622 0.194576942548729 0.2940396612582155 0
3623 0.03125714433795608 0.2621033913535363 0
3624 0.2753192385103864 0.252535171431556 0
3625 0.9267270099185991 0.2386764911267351 0
3626 -0.01978420486034633 0.2905606116185068 0
3627 -0.01168769567372703 0.2801877528734703 0
3628 0.5063102580222374 0.4731598384257466 0
3629 0.05361271460618439 0.4328572772426817 0
3630 0.2900037853170003 0.2453455523653282 0
3631 0.4789566581114038 0.7308956277925659 0
3632 0.4559833419584842 0.4396930024604467 0
3633 0.4994684566136018 0.3316310208834123 0
3634 0.2985706808649984 0.2647876991636555 0
3635 0.2779082920237225 0.29835724306295 0
3636 0.2099518617837972 0.2687449695536699 0
3637 0.3138022968824377 0.2581384629242448 0
3638 0.4839104032073243 0.240952199548636 0
3639 0.2177089721181433 0.5148769665667199 0
3640 0.45637034188402 0.3682124637534638 0
3641 0.3045733746536121 0.3993372600322332 0
3642 0.282055658682783 0.3950915419255142 0
3643 0.3298377381916385 0.2519150573973077 0
3644 -0.168104710838311 0.1440211214809687 0
3645 -0.1769371892582693 0.6234043139194266 0
3646 -0.1867258032319423 0.5603394196064738 0
3647 0.6594494735575243 0.2023902421993522 0
3648 0.3429710479832753 0.4412487101214778 0
3649 0.3397754145238477 0.2534117010344011 0
3650 0.4582683190264618 0.5714897246262836 0
3651 0.3777705296900654 0.2334566947906741 0
3652 0.4982999887526816 0.1874940065001953 0
3653 0.6000175856697336 0.2348298069679153 0
3654 0.3479429733588041 0.2726598703129379 0
3655 0.6387431415465999 0.2668893222543743 0
3656 -0.3878771617783405 0.3852772362885409 0
3657 -0.3346741630232052 0.04758713713266478 0
3658 -0.1241128053182178 0.407068249103725 0
3659 0.3630308670554533 0.2659572127044704 0
3660 0.3939742657045261 0.7606372257080375 0
3661 0.3729543981900164 0.2674844724321752 0
3662 -0.199754458530762 0.1792941225578193 0
3663 -0.2144100092024273 0.1762643741213923 0
3664 0.4805250206783938 0.3549348952868793 0
3665 0.4706884804008962 0.4761516114823348 0
3666 0.4740784982217099 0.4855435875709213 0
3667 0.5859854238035422 0.1722777191267121 0
3668 0.2275130762493823 0.6310396694520314 0
3669 0.2006809445307936 0.2046864430790333 0
3670 -0.2123100022240333 0.1106627751504285 0
3671 0.09443422825869038 0.03424765913993745 0
3672 0.4939038241011998 0.5171413763534485 0
3673 0.3881260511405792 0.4832485610749832 0
3674 0.5438638496295095 0.4956930363441758 0
3675 -0.1870279965028437 0.4910127946922598 0
3676 0.5026132471572551 0.4637847156380016 0
3677 0.4636603250793979 0.3614265113097221 0
3678 -0.008387855641510298 0.6476985160063196 0
3679 -0.2599380618439617 0.1641118917317732 0
3680 -0.1276911923707844 0.2013098349728092 0
3681 -0.1350339643022655 0.2080807989128795 0
3682 0.3844679774668039 0.2956689026907754 0
3683 0.009807118598618145 0.01654311382004827 0
3684 0.5903349457830533 0.2332150908026794 0
3685 0.4938017916225251 0.5464338481960387 0
3686 0.4133478666527644 0.1858229613872241 0
3687 0.2364614620636336 0.06017457187443765 0
3688 0.4157095396924034 0.630593537630516 0
3689 0.5604449253469777 0.4451833473031205 0
3690 -0.06402278389820443 0.4744442962096418 0
3691 0.2809245427320149 0.4561670181807179 0
3692 0.6612534847532205 0.2790029896801931 0
3693 -0.03678491601521262 0.6038205502451677 0
3694 0.4577156766432238 0.4219080152425725 0
3695 -0.4171694239171127 0.6005345443164576 0
3696 0.3586973725017781 0.6773890812335498 0
3697 0.6483237980403114 0.2685228598474434 0
3698 0.2848491396357562 0.3319515792130165 0
3699 0.2708501467795482 0.3377358168282514 0
3700 -0.4556795145637971 0.1788867427385956 0
3701 -0.01339456716033997 0.2292881464182275 0
3702 0.3983062378742361 0.3071312000063262 0
3703 -0.3426695746909959 0.5789777427580614 0
3704 0.07317170615278321 0.6142044966818375 0
3705 0.5401803066248798 0.652256796525125 0
3706 0.4787012972820708 0.2328532531780816 0
3707 -0.4179723335876721 0.4901546229069235 0
3708 0.1306758065528263 0.03130690285927352 0
3709 0.6801746557245656 0.2822411969160202 0
3710 -0.1968130064830601 0.2225046300273306 0
3711 0.1361698569908362 0.255640860882303 0
3712 0.6897925733738447 0.2837456302754134 0
3713 0.01309372000617791 0.2420501420600568 0
3714 -0.1697229541796584 0.3684007012761035 0
3715 0.31900678906033 0.3849867644512796 0
3716 0.4134758264642775 0.3004427208625358 0
3717 0.08267715055199766 0.720755596258155 0
3718 -0.08157318512593979 0.1762002686437025 0
3719 0.6962146527255284 0.2764407196751518 0
3720 0.1323198427380832 0.4432268993507374 0
3721 0.5806720260665703 0.2315599255432767 0
3722 -0.1976855259401756 0.03389631735415205 0
3723 -0.2768630605516486 0.444121738073145 0
3724 -0.09239697733294941 0.2936456829956415 0
3725 -0.1097803590378381 0.1743162753406218 0
3726 0.6675622761564158 0.2716995422295302 0
3727 0.4990126678673522 0.4545218482688303 0
3728 0.4175904707431626 0.3098702358214325 0
3729 0.708828127715567 0.286902465186609 0
3730 -0.2040139612820205 0.04153841370378265 0
3731 0.4509127674514984 0.3772519755433664 0
3732 0.1021331550182173 0.366543675235143 0
3733 -0.03055690296538576 0.4206567862740621 0
3734 0.5982210075929222 0.2772853736789747 0
3735 0.1908790998316822 0.19304179141613 0
3736 0.352277748995739 0.5604190889308784 0
3737 0.4331747428538707 0.3035277726576616 0
3738 -0.4133362484591049 0.08830152743502498 0
3739 -0.4423811857352972 0.1130718680618142 0
3740 0.7153092913829836 0.2796295821060377 0
3741 -0.125841067399823 0.5599242154978107 0
3742 0.5745303642485011 0.4554132175734978 0
3743 0.6089931091043344 0.3943446558813202 0
3744 0.8395958230198983 0.2228703272581443 0
3745 -0.09908608460963997 0.261601480832697 0
3746 0.5145763648729367 0.351842074156724 0
3747 0.5214046354536428 0.1956034772321238 0
3748 0.1463077221486727 0.2569923429384414 0
3749 -0.3001725335550998 0.3733171239827257 0
3750 -0.04465025195886749 0.007074411420248544 0
3751 0.1819672963632293 0.379306836246324 0
3752 -0.4133268889277475 0.3584053354937587 0
3753 0.3327169491724761 0.3049253843923274 0
3754 0.7278534681480933 0.2900985454696933 0
3755 0.57038145526811 0.4463964430126213 0
3756 0.1010876550452481 0.02653912441461096 0
3757 0.4039341710080862 0.1847514036950051 0
3758 -0.4241076678023504 0.7623634401588021 0
3759 0.08920311818366222 0.2595315116747328 0
3760 0.1535129841098639 0.2919649960924333 0
3761 0.6090174267338271 0.4636753572757165 0
3762 0.5433630686829165 0.1812861806951282 0
3763 -0.2300014529689855 0.7596097444697992 0
3764 0.9919239334095244 0.2950790667508818 0
3765 0.4373465866394615 0.3128643824858643 0
3766 -0.1204659247276944 0.01734033734954249 0
3767 -0.3161098387204623 0.4339023998344905 0
3768 0.4590668949625631 0.2986088096933281 0
3769 0.450772611973723 0.4730675217166038 0
3770 -0.05674937131808906 0.2377596955354075 0
3771 0.2847782853242783 0.6097739590496604 0
3772 0.538746386656618 0.1448170991015324 0
3773 -0.1307752889338352 0.2300674013981237 0
3774 -0.2335328387642374 0.1055190818607685 0
3775 0.5533246057348934 0.1833983176648377 0
3776 0.7344291869876862 0.2829001341040989 0
3777 0.5050365418822196 0.4466115300353187 0
3778 0.4753302525028911 0.2924576948077402 0
3779 -0.191923690395089 0.008124548091662867 0
3780 -0.3013255868679646 0.2791050630094188 0
3781 -0.2403438848823297 0.04440533847669846 0
3782 -0.22335221324281 0.3195206795961434 0
3783 0.2488076128607433 0.05088909375294699 0
3784 -0.1521955072283156 0.4937228986058508 0
3785 0.5569034245568499 0.1927939115500543 0
3786 0.4911849665907126 0.2861432542415964 0
3787 0.07835387653283904 0.3401208661836937 0
3788 0.5971111468161642 0.3204478990151055 0
3789 0.1430025278749137 0.2917557084209292 0
3790 0.1477440437575882 0.3015678321008027 0
3791 0.784839349379594 0.2490786009579457 0
3792 0.4392634838056334 0.2253084303012288 0
3793 -0.3200495278397964 0.2181374328049002 0
3794 -0.3466736849732239 0.1971956861347696 0
3795 0.03909267448397424 0.02031360510194576 0
3796 0.7565746898784349 0.2446422471209552 0
3797 0.5011807769074158 0.2878816866049896 0
3798 0.5771818903499738 0.2223330584230898 0
3799 0.8506150009361615 0.3020441096048245 0
3800 0.560441980456907 0.202133182276476 0
3801 0.9292726052872695 0.2222937485998197 0
3802 0.3594466494261436 0.08366345287784856 0
3803 0.7467074657898294 0.2934672936461346 0
3804 0.8241634846327113 0.2810502434448013 0
3805 0.2990968652744508 0.5048790547707377 0
3806 0.8802103816651209 0.2388407746931392 0
3807 0.3740856239766703 0.2245726935152652 0
3808 -0.1416331289219142 0.145481971431573 0
3809 0.5845748024637198 0.4565376139157912 0
3810 0.9470409497779503 0.2925487725967681 0
3811 0.8665521696343629 0.2963329640937135 0
3812 -0.2813895762010642 0.09452119886844454 0
3813 -0.3037373171707982 0.08188825259816505 0
3814 0.5735213656156632 0.2130592496808168 0
3815 0.5262826734813333 0.2036348553872558 0
3816 0.5638250727686128 0.2112044998195333 0
3817 0.9760114813998644 0.2296114596720137 0
3818 0.08016079593539598 0.2868161511036637 0
3819 0.50153252149514 0.4374275908110455 0
3820 0.5485026580904506 0.5052560020416148 0
3821 -0.220182878782561 0.09278648575776706 0
3822 0.2149882495734359 0.3154024458005782 0
3823 0.7565244697108775 0.2949229933144931 0
3824 0.4432417699918874 0.5954883666000441 0
3825 -0.1915649695687251 0.02584009989348645 0
3826 0.1750549377606344 0.1835745126957159 0
3827 0.05504862598084197 0.2737244590624894 0
3828 0.3818218199937325 0.5589155659134164 0
3829 0.7632190496987488 0.2877683776144995 0
3830 0.5339621133554415 0.3287464886458473 0
3831 0.4026852861506535 0.3409093357176565 0
3832 0.1143344616139349 0.03696796455123208 0
3833 0.1225687194628703 0.2896085076714563 0
3834 0.05126198095429862 0.309203843693271 0
3835 0.4688164776962248 0.6987242719159759 0
3836 0.7753242056722514 0.2982531548520874 0
3837 -0.002887963257982336 0.4242257112787249 0
3838 0.3194053578881951 0.2089526110009597 0
3839 0.2227068698761588 0.3087708873426257 0
3840 0.7850619310314417 0.2996432797022837 0
3841 0.3884110081333136 0.1915261991131802 0
3842 0.7928106249264594 0.2922042528389268 0
3843 0.4353547647998193 0.2158241312901587 0
3844 0.4134971071514718 0.366532540154726 0
3845 -0.07761493136383349 0.1608248060959571 0
3846 0.4630921259182915 0.5473875351807814 0
3847 0.1116693336542585 0.2889181449522641 0
3848 0.5998952665099498 0.4073435160841803 0
3849 0.07124552120500584 0.02207372737552943 0
3850 0.2407137729851844 0.665919557044728 0
3851 0.01954073372882301 0.3568752910564901 0
3852 0.08007469251402347 0.4331565265193056 0
3853 0.5073905787266177 0.4296787937081269 0
3854 0.3642152199302152 0.223194329054112 0
3855 0.8984242475380761 0.3022414579145664 0
3856 0.6092496130297627 0.513671068918058 0
3857 0.2566393246714779 0.06422360749609261 0
3858 0.6000003229834001 0.4505921846365618 0
3859 -0.3146354517696382 0.037979456799155 0
3860 0.5940480249817673 0.564064464216987 0
3861 0.5186316681481881 0.2170350675585966 0
3862 0.037569008852799 0.6090725822750567 0
3863 0.3560221030679385 0.07338534053462781 0
3864 0.1506184821842175 0.2656743915819325 0
3865 -0.046327960450451 0.2404054247271112 0
3866 -0.2330721296399208 0.009418209852712264 0
3867 0.1606682436399315 0.266580701207337 0
3868 0.1677784140781212 0.1909952479777089 0
3869 0.2710483675136099 0.2857408290113702 0
3870 0.550054173830276 0.5671651912900421 0
3871 0.3231828660786299 0.3026111477837158 0
3872 0.3897262693914683 0.5315036027101295 0
3873 0.2092319203751163 0.359171029628448 0
3874 0.4280896726942887 0.1101813872530355 0
3875 0.02938876934525362 0.1932599558345625 0
3876 0.5086145467274071 0.3067233999215293 0
3877 0.5390538227791002 0.7674257394327331 0
3878 0.5049768208776315 0.2972982780689292 0
3879 0.09091833036750632 0.2871883437129384 0
3880 0.02562604955304391 0.2703698871743416 0
3881 0.5515645390041908 0.3208122753937167 0
3882 -0.1861944490702759 0.01744731093820047 0
3883 0.5955428374615868 0.3977891958062231 0
3884 -0.2529762983313331 0.09034586598422964 0
3885 -0.2650951270805605 0.08054757441922801 0
3886 -0.3856435382426332 0.5710034622087827 0
3887 0.3940806466726586 0.2973293434725304 0
3888 -0.1520234092921404 0.164183511069667 0
3889 0.2531874432362827 0.320851867856615 0
3890 0.5038136111441969 0.4206272470226426 0
3891 0.2944160968633802 0.2547710304793109 0
3892 0.4937449308197101 0.7661575777025366 0
3893 0.3438241529494457 0.262834074218351 0
3894 0.7706523711549789 0.2233227290015364 0
3895 0.7665305694933111 0.2314798982123237 0
3896 0.5057937784518027 0.3241089309457833 0
3897 -0.1770001978326349 0.3410899085623049 0
3898 0.3769526501078931 0.2765557094700213 0
3899 0.5025825738590115 0.3145320115010423 0
3900 0.1627940215033511 0.3754321977682548 0
3901 0.1208748055533649 0.02967745150330399 0
3902 0.3805800573150446 0.2860380899139414 0
3903 0.5454921906710508 0.543036667749204 0
3904 0.4943992972717458 0.135379633688684 0
3905 0.1948304989958438 0.2571236064837031 0
3906 0.4901711644518236 0.3294183126730927 0
3907 0.1837223397600648 0.2929465072893404 0
3908 0.421864938776072 0.2056639844577972 0
3909 0.7754890635339576 0.2481643980308596 0
3910 0.3543500101986596 0.2218290059739167 0
3911 0.6753934893941556 0.2222464699998946 0
3912 -0.2658667242138629 0.03583809756569195 0
3913 0.2427512710029079 0.3166915778635832 0
3914 0.5424612260404894 0.1554810820652774 0
3915 0.4839594013911097 0.3377407356653782 0
3916 0.6309268895167923 0.1791033332262812 0
3917 0.1159733655496688 0.3480432782349665 0
3918 0.8337158662816038 0.2313589385951804 0
3919 -0.1341223935002587 0.008236070223973883 0
3920 0.5895664399657563 0.5258905687238469 0
3921 0.6000829752296173 0.5259839711072134 0
3922 -0.1102513952834586 0.2888969476834685 0
3923 -0.05534227530067313 0.01832548629839314 0
3924 0.5334069490895804 0.2221286269044024 0
3925 0.1553329239591448 0.1807095074563754 0
3926 0.4868691274009701 0.3471552941767128 0
3927 0.04254546962986884 0.360129801356714 0
3928 0.4007088143343266 0.08936354629872269 0
3929 0.2091434271634878 0.2858620520962732 0
3930 0.4709835926904507 0.353271322103394 0
3931 0.5921217078914693 0.3885484554896408 0
3932 0.1364234914832775 0.3021735954236466 0
3933 0.1996263131635744 0.5370545732548526 0
3934 0.2684692319535507 0.05415425516409837 0
3935 0.5589041430770423 0.3334968887020678 0
3936 0.500257033925865 0.4108965176608251 0
3937 -0.2850300697065515 0.014050564711864 0
3938 0.595784781829003 0.1753296413060982 0
3939 -0.4606845203089676 0.4833516767797984 0
3940 0.9935590681113968 0.2475300121794554 0
3941 0.2746083797108756 0.3265101224244472 0
3942 0.5302167521976151 0.5670099990485796 0
3943 -0.2533124585371145 0.1317306914532127 0
3944 0.0274094649610996 0.2102848046052412 0
3945 0.3986267785060298 0.4587188041304321 0
3946 0.3950139683467795 0.6540047726497298 0
3947 0.4179394359084705 0.1958972360686535 0
3948 0.344431988944117 0.2204060405929445 0
3949 -0.3831036110212078 0.2248369508676827 0
3950 -0.07246645806120851 0.2405764219029007 0
3951 0.3135795018983757 0.3522580170035063 0
3952 0.6850595407400932 0.2012038156522671 0
3953 0.9836582429589364 0.2732258010704001 0
3954 0.610009861925442 0.3656331512506172 0
3955 0.1338015870157888 0.04013547434268078 0
3956 0.4967531189971234 0.4016404036706641 0
3957 0.765194763033437 0.2144185429456265 0
3958 0.4764464425171632 0.6168030532590213 0
3959 0.3616021718356393 0.4417050652851744 0
3960 -0.4613892736620684 0.4168757397354189 0
3961 -0.241321423903783 0.1634132472746005 0
3962 -0.1944525555360658 0.1480078401049047 0
3963 0.5804731303268396 0.599690862138137 0
3964 0.5260358226117647 0.2350929570979159 0
3965 0.3990418456326136 0.3323271377070899 0
3966 0.3601272560434118 0.403559080236367 0
3967 0.1428714572487111 0.6868130780129376 0
3968 0.1482225688077335 0.188129844096744 0
3969 0.3893739993818331 0.3308896876860721 0
3970 0.8022681173339949 0.3035472304153395 0
3971 0.9237116852755438 0.2304789959740081 0
3972 0.4425031233674157 0.3473767730370848 0
3973 -0.1777630944902183 0.1245782616006764 0
3974 0.1650858347172323 0.3255407692816227 0
3975 -0.01869884011977357 0.2112991938422116 0
3976 -0.00895943793476562 0.213511698728827 0
3977 -0.0704541547684947 0.1790210544761517 0
3978 -0.1733934050034934 0.1351141542558503 0
3979 0.00582208153282768 0.3034798285051697 0
3980 0.4651861666820667 0.1133983229930921 0
3981 0.4037010518816068 0.5150923771709308 0
3982 0.3573930112098667 0.4724844049805234 0
3983 -0.1424913577076553 0.2143877944940181 0
3984 0.259834673884805 0.3679616495283011 0
3985 -0.1716928681426187 0.5245389488297075 0
3986 -0.2265586230585627 0.1267838184187438 0
3987 0.03712951961683798 0.2122679884914523 0
3988 0.1667674142239326 0.2590018154677086 0
3989 0.7437322869798495 0.2138906028374514 0
3990 -0.1114328273847864 0.2570695886875078 0
3991 -0.1888963003164159 0.2043539346571999 0
3992 -0.2047752249288706 0.204049389959459 0
3993 -0.2126323918459417 0.1603983704956192 0
3994 -0.2321490618352582 0.1784707909433354 0
3995 0.4800202654633657 0.5051900035209458 0
3996 0.2764641505233074 0.06693586279494228 0
3997 0.3345301671297146 0.218827823492791 0
3998 0.6893609259551833 0.2342333633107155 0
3999 0.856538085530323 0.2945476161483703 0
4000 0.502454153898779 0.3935892656431965 0
4001 0.3824010808601557 0.3379492913921824 0
4002 0.001764112011773386 0.2142084083854303 0
4003 -0.1640425489716707 0.2046388652570162 0
4004 0.699748275113994 0.2253484634823906 0
4005 0.1929909007186552 0.3611106638446518 0
4006 -0.2374417290897455 0.07232303480064327 0
4007 -0.2017877630046031 0.007601787382108613 0
4008 -0.014842037577909 0.007317507888102742 0
4009 0.8753171467516379 0.2298717960262044 0
4010 0.03567811248123363 0.2699086373107856 0
4011 0.1360099657682993 0.1780607202598396 0
4012 0.581105866423321 0.3626702733353657 0
4013 -0.208002152526865 0.1899858290810856 0
4014 0.1912573993237917 0.3049346119321032 0
4015 0.1435553820256146 0.04164665019907646 0
4016 0.9569105592714916 0.3038274582924817 0
4017 0.9668600274581538 0.228963350496773 0
4018 0.4992355555141867 0.3837376531022517 0
4019 -0.208476240725809 0.7207440089956774 0
4020 0.2202482459557509 0.5989249402488148 0
4021 0.3305453972666834 0.2100780441462681 0
4022 0.4301036302881108 0.4724562957395695 0
4023 -0.2432819840512764 0.03538212083803104 0
4024 0.9130941266487254 0.2950016544327133 0
4025 0.3752364335053979 0.4720039133635552 0
4026 0.9386203707228538 0.3024677175248697 0
4027 -0.02844365793129389 0.2098680973708532 0
4028 0.181538949675172 0.5623413483981619 0
4029 0.6092510509120853 0.3329760099392285 0
4030 0.218530361499102 0.2684727010852697 0
4031 0.5196109685351675 0.5265557587907441 0
4032 0.2631870333561964 0.6387360306112924 0
4033 0.3671911871325898 0.4157984301546171 0
4034 0.1770394504759284 0.2594167857120866 0
4035 0.04677661876659869 0.2826476775890238 0
4036 0.04081429607845101 0.2210464438324371 0
4037 0.5917963532139924 0.3526168323975533 0
4038 0.4804179859051526 0.5391540468222465 0
4039 -0.3190212169129348 0.1918661097565064 0
4040 0.5052998422632532 0.3761146448496712 0
4041 -0.06439352778863167 0.006406926259738418 0
4042 0.2881495490334466 0.05742011733948953 0
4043 0.385783051638124 0.4018173715728112 0
4044 -0.04386382306060837 0.2487493252378867 0
4045 0.1583897567643854 0.3001778119548211 0
4046 0.6075060369253218 0.3478454743074649 0
4047 0.4122296810239823 0.3426728636838154 0
4048 0.3843013172108714 0.3630006626046537 0
4049 0.4029916103687862 0.09887252812764422 0
4050 0.6102311485297571 0.3045755357662686 0
4051 -0.1398515961445475 0.01591736178894843 0
4052 0.5845123471156767 0.7677992208087758 0
4053 0.7715872768983212 0.2397879342957774 0
4054 0.400358874581577 0.4122949585888305 0
4055 0.3148049558018574 0.2163345083335075 0
4056 0.1536261901286081 0.04295818472611766 0
4057 0.2548675569375853 0.6988857054870037 0
4058 0.5046296756442656 0.5180634083667306 0
4059 -0.1841335454792549 0.2172080493047034 0
4060 -0.420799138345369 0.693725415736997 0
4061 0.3720193798432784 0.3359446219291825 0
4062 0.8273191814222268 0.2399518485430636 0
4063 0.6103436203763057 0.4341532704430295 0
4064 0.01266501249908219 0.336592735110475 0
4065 0.1211255921930404 0.193802400622698 0
4066 0.05118680666641929 0.2229654302223039 0
4067 0.5111153623249035 0.3685126750135035 0
4068 0.2064125912299764 0.7671941560224941 0
4069 -0.147006405656211 0.1703321986267918 0
4070 -0.0881728195884065 0.159232619625369 0
4071 -0.03794228431258988 0.2083535205618502 0
4072 0.1449791436882808 0.3137306195071532 0
4073 0.60550671541149 0.5894807247228618 0
4074 0.5125999525224549 0.1414914853079861 0
4075 0.06170903255653317 0.2252620557447921 0
4076 0.7136573645405662 0.2299585282663061 0
4077 0.3744549148376106 0.07802957720034065 0
4078 0.9931925364736334 0.2288125037366412 0
4079 0.317067275700598 0.3091600188092312 0
4080 0.5034990834813839 0.1485027024675941 0
4081 0.4223864638620201 0.3438123513607376 0
4082 0.4642489761042685 0.4837305846764184 0
4083 0.4525708525870135 0.4311664426695724 0
4084 0.4479556614801757 0.7220549547099397 0
4085 0.6193161649516065 0.1876144904628788 0
4086 0.557041247358926 0.1491873911019713 0
4087 0.5083919047359009 0.3594161138157102 0
4088 0.2959185550336875 0.06975200877923508 0
4089 0.1288721551547091 0.1858458723846585 0
4090 0.3047868932452769 0.2148460867985866 0
4091 0.2617003072798466 0.2839241251806874 0
4092 0.1634208540369608 0.04449546637343316 0
4093 -0.2416809658788195 0.09113412705744207 0
4094 -0.08182553824826566 0.2146299739304077 0
4095 0.605217195402123 0.1788667851313622 0
4096 -0.1058099639601614 0.3043864195487919 0
4097 0.1117578629260668 0.1920626198120838 0
4098 0.4561679387585926 0.3576324107267986 0
4099 -0.1463971284642087 0.1553257623791617 0
4100 0.3719019121939184 0.3279565592604653 0
4101 -0.4556384978132619 0.04459543441856586 0
4102 -0.2381006099530332 0.1932345414347184 0
4103 0.5234484260719494 0.3539547810159639 0
4104 0.2342961020048093 0.7307976753541398 0
4105 0.6005725402882462 0.4916390573757735 0
4106 0.0657334281883432 0.2345684922791277 0
4107 -0.004960820544351877 0.006901416152578162 0
4108 0.5999612159712495 0.3549109830195742 0
4109 0.2573722441552468 0.2749259951318145 0
4110 0.2599956726471533 0.4487691065299102 0
4111 0.499268672144032 0.1571556560584995 0
4112 -0.1077077731100766 0.3601441277323106 0
4113 -0.09902400685271748 0.1581344403408417 0
4114 0.4325730467922145 0.3454524961348709 0
4115 0.6369388492298662 0.1921300658463489 0
4116 0.4678167472972788 0.4917452861981008 0
4117 0.5531316104668847 0.7346952031846277 0
4118 0.6101319423985778 0.2859353732388186 0
4119 0.4022824238662465 0.5493034974411524 0
4120 0.8123473193855393 0.2940770569123281 0
4121 -0.3209883024741533 0.3999061404622515 0
4122 -0.47045923528131 0.3250000000008963 0
4123 0.9188748816956775 0.2374663995201307 0
4124 0.4369762642530407 0.1126386973480134 0
4125 -0.04429204728660649 0.2161070429764244 0
4126 0.820748315316296 0.247844836817255 0
4127 0.2947874506683837 0.2132813699813524 0
4128 0.6611571308067653 0.2112264899553862 0
4129 0.5033822187468473 0.1380392445771337 0
4130 0.3580690808813792 0.3260818852176497 0
4131 0.1805420225747787 0.2525969016609499 0
4132 -0.0001250956189665506 0.01589292465258763 0
4133 -0.2637147648684859 0.1470635240725502 0
4134 0.3140835282062276 0.3008164837756109 0
4135 -0.02164267877141361 0.4482524569122766 0
4136 0.3089373572618507 0.06182871209911897 0
4137 -0.4655803534237793 0.1402895678470474 0
4138 0.5294812131846793 0.3460701877465943 0
4139 0.1733045983993966 0.04600466398738569 0
4140 -0.0750622876671026 0.01643437237544551 0
4141 0.06950262552415266 0.2438336112221009 0
4142 0.7621877657077956 0.2382208302312809 0
4143 0.6753328315400149 0.1978838160545506 0
4144 0.09720879322325501 0.1720531848597284 0
4145 0.1649046479433712 0.723409407000019 0
4146 0.8686087914698639 0.3037810418302236 0
4147 0.3924326195621478 0.5888543723048604 0
4148 -0.35301180188077 0.0204310004146949 0
4149 0.8674933095929174 0.2308194577556567 0
4150 0.4463113394783371 0.3553584385539054 0
4151 -0.1563307865113205 0.5531883288789603 0
4152 -0.1488693153943836 0.01517852198191631 0
4153 0.34668794843342 0.3443720824301687 0
4154 0.9230061152078358 0.2966057205828835 0
4155 -0.4641367819393107 0.7643295978517851 0
4156 0.484357515784501 0.5138180678939867 0
4157 0.4957659558135963 0.5288716127176663 0
4158 0.9666066787706401 0.2938949398755132 0
4159 0.4406352857888224 0.3774305575428924 0
4160 0.2848255977552004 0.2116370306308688 0
4161 0.5860729892096975 0.5558319292363838 0
4162 -0.004603334812790234 0.3304469321212415 0
4163 -0.2142086368899828 0.01598813725351036 0
4164 -0.2391548297310847 0.01782185375797642 0
4165 -0.2228168270983683 0.1089481669485643 0
4166 0.5268000134370484 0.3368105771331982 0
4167 0.446624721856689 0.4384329220094477 0
4168 0.992649806960693 0.2113380546304343 0
4169 -0.1556772060295331 0.1808246072809787 0
4170 -0.001398038236670012 0.2773518779248754 0
4171 0.5097976541519638 0.5280031420289641 0
4172 0.521469532187288 0.2506569956946786 0
4173 0.4553181020616058 0.4822981345151576 0
4174 0.6028705462453824 0.5181397296848484 0
4175 0.9929183854272121 0.3029264668755702 0
4176 -0.1511538906041218 0.2652518999758462 0
4177 -0.09458837555421798 0.2143391268438365 0
4178 -0.04998661686534894 0.2233500033847381 0
4179 -0.08415591363521596 0.2005223197720377 0
4180 -0.143061922834843 0.2047027301239138 0
4181 0.01476780442094539 0.009518175468318084 0
4182 0.5307330197767764 0.2409258238869267 0
4183 0.5417506760453848 0.3310788109944701 0
4184 -0.2245875079156741 0.1003242073328215 0
4185 0.9857331423621837 0.2813723170042383 0
4186 0.2155266226582855 0.4520999695639688 0
4187 0.3051189472214607 0.2992483395374895 0
4188 0.1832033505870766 0.0474635407067587 0
4189 0.3175340919356837 0.06187320247829025 0
4190 0.07299081130404035 0.2529109822650765 0
4191 -0.02000751860118555 0.0143063324813613 0
4192 0.2749167743794346 0.2101790725759519 0
4193 -0.1042585306180309 0.1660888965684159 0
4194 0.7213745873981993 0.2305454346056803 0
4195 -0.1397042666560459 0.69809886346122 0
4196 0.9627726317381148 0.2206407843178658 0
4197 0.31087292734506 0.3147199444224968 0
4198 0.5640040892266477 0.7077411011185717 0
4199 0.0583935122174656 0.3209980930320955 0
4200 -0.2106156623399863 0.2367840248375305 0
4201 0.5131426661540388 0.2485424986846245 0
4202 0.4307654958371746 0.3759128837553134 0
4203 -0.2286015162115567 0.1158148465148915 0
4204 0.5507120386840232 0.5529991571810231 0
4205 0.4372445980130525 0.4377566812017486 0
4206 -0.3258534834229158 0.06741059903827644 0
4207 0.5622097211214608 0.1613260339490152 0
4208 0.6013727483512913 0.4769178564533548 0
4209 -0.4002842835204752 0.7250580544321172 0
4210 0.5076598226251154 0.1910316374912897 0
4211 0.5669522065513406 0.3326770789447894 0
4212 0.3036700390148198 0.3615966851462724 0
4213 -0.1069865954430352 0.2132861615859692 0
4214 -0.07938465957265756 0.3352535914190862 0
4215 -0.422249804717317 0.5634890364252889 0
4216 0.4707310371473247 0.1258514784362287 0
4217 0.6028520264406503 0.4591236308480219 0
4218 0.2853756903011418 0.2955685051025804 0
4219 0.2300551747267678 0.4700591031871116 0
4220 0.2674316801250903 0.7287590844856036 0
4221 0.9099923125740558 0.2466653654574665 0
4222 0.09028037655497662 0.1798468023638902 0
4223 0.09148403883246102 0.4546201098957584 0
4224 0.2649881652719993 0.2087986640480874 0
4225 0.4540810104980399 0.6121205514004515 0
4226 0.2424116400114228 0.2803081512678976 0
4227 0.1930958057371392 0.04889091385460728 0
4228 0.5193232387326793 0.1445879430403296 0
4229 0.6015245305624918 0.4171255869219144 0
4230 0.2026825586678634 0.2930987568458514 0
4231 -0.1452904999638337 0.278277037389384 0
4232 0.3529643805173072 0.4552191744991261 0
4233 0.02352828289044579 0.009759757909233712 0
4234 -0.1575361802913802 0.01428393954837253 0
4235 0.2569875677439974 0.3331469356810665 0
4236 0.4348696452513189 0.4807354693339476 0
4237 0.5025945638275305 0.2473750863021575 0
4238 0.4120351770361111 0.1007853543723578 0
4239 0.2949236025971965 0.2971823551574009 0
4240 0.4272417318490641 0.3671475524077575 0
4241 0.2348696175233816 0.3224491122438721 0
4242 0.07454220617660721 0.2602114468139964 0
4243 -0.4174808363389886 0.176488429387844 0
4244 0.06883909484019807 0.2040334827196077 0
4245 -0.166195579787229 0.26133352091738 0
4246 -0.06975916598219403 0.1992844423695151 0
4247 0.8816278949352974 0.3030467792714435 0
4248 -0.08380843847063793 0.005431469550880523 0
4249 0.01866466349015163 0.6328378590554599 0
4250 0.570614636103183 0.3421271018428119 0
4251 0.1543517512110123 0.3361690991945071 0
4252 -0.1052585374521589 0.1810384858858944 0
4253 -0.2037161766482428 0.6442945096664817 0
4254 0.08372286587261199 0.1876882855294625 0
4255 0.1528852365057515 0.3229771293102093 0
4256 0.9849196143025578 0.2584564024316142 0
4257 0.9551372410399066 0.2106130514650952 0
4258 0.7061352938942229 0.2291471719398341 0
4259 0.2550839947751568 0.2073920751530534 0
4260 -0.1297173111645198 0.284245078642106 0
4261 0.3254329755879684 0.07340450218775656 0
4262 -0.3179425449654519 0.1026767749026274 0
4263 0.4351727663114187 0.6153409401342518 0
4264 0.2031011869307239 0.05021748351217565 0
4265 -0.0291796052214184 0.01396407545601237 0
4266 0.5904667559254095 0.3130625431507952 0
4267 0.4930484862430866 0.2455582636444658 0
4268 0.1936538797523861 0.590420658744041 0
4269 0.1790851940809673 0.4425357206244044 0
4270 0.859992823061364 0.2200398449751689 0
4271 0.1447797793636696 0.3677481787826172 0
4272 0.5746524247862864 0.35093472439687 0
4273 0.4112750007513556 0.3734158055384973 0
4274 0.3897894154453315 0.4686078730031226 0
4275 0.7270162734712446 0.2420415776654063 0
4276 -0.2511873383472484 0.02940492347166286 0
4277 -0.4258331635342425 0.389170795091124 0
4278 0.6061906147713955 0.1862315012021137 0
4279 0.9253107407165763 0.3037043796311569 0
4280 -0.1398273144736653 0.2253151768293211 0
4281 0.02997400044826807 0.02120598789992972 0
4282 0.2253732668156758 0.3196255668125091 0
4283 -0.3743382389422725 0.3530494492550934 0
4284 0.6117880386905568 0.374481036723177 0
4285 0.7591373138539076 0.2299598841225701 0
4286 0.07807722847655837 0.1955986812271372 0
4287 -0.05174983560175276 0.2805447849150776 0
4288 0.4497777520691381 0.4170463936365721 0
4289 0.2454511503395454 0.2067238967912687 0
4290 0.1841472993550441 0.1949909048389642 0
4291 0.3013279271860078 0.7755669519807531 0
4292 0.4938430802901813 0.1624131656441809 0
4293 0.5185012217719418 0.5801445310893757 0
4294 0.5904496936382065 0.5417456408757081 0
4295 0.4319687992318653 0.4446400283286409 0
4296 -0.03998962325575665 0.469949543286957 0
4297 0.05591196887720862 0.1836535360819701 0
4298 0.3832339883145675 0.0797256853042074 0
4299 0.7043701351185262 0.2070552427246735 0
4300 0.6489646869106407 0.1850451807059431 0
4301 0.7350546948221491 0.2119441357862549 0
4302 0.2331663686989238 0.2784919973857963 0
4303 -0.01002900485310135 0.2229670202582941 0
4304 0.9754711991968354 0.3043729425589923 0
4305 0.2740300244737117 0.2917188526479739 0
4306 -0.1505701857733518 0.1407897170599435 0
4307 -0.1600883237725301 0.1398236320999267 0
4308 0.1006434624594578 0.2965034922014935 0
4309 0.4789536833078419 0.225465080364654 0
4310 0.2126027486422704 0.05202129500375424 0
4311 0.6033688001391651 0.3990249526575819 0
4312 -0.1034861808643647 0.226099497057562 0
4313 0.4972502259983755 0.1716289594772921 0
4314 -0.0308529903803936 0.2847963828752632 0
4315 -0.2728434736132672 0.02332611336917318 0
4316 0.244240033309726 0.3763158874452737 0
4317 0.04262265582820837 0.01317123049939528 0
4318 0.8133672938544858 0.2467265597901424 0
4319 0.60314522843412 0.4998143804571676 0
4320 -0.1918697888211677 0.6837432785349286 0
$EndNodes
$Elements
8638
1 1 2 99 1 1 12
2 1 2 99 1 12 2
3 1 2 99 2 2 13
4 1 2 99 2 13 14
5 1 2 99 2 14 15
6 1 2 99 2 15 16
7 1 2 99 2 16 17
8 1 2 99 2 17 18
9 1 2 99 2 18 19
10 1 2 99 2 19 20
11 1 2 99 2 20 21
12 1 2 99 2 21 22
13 1 2 99 2 22 23
14 1 2 99 2 23 24
15 1 2 99 2 24 25
16 1 2 99 2 25 26
17 1 2 99 2 26 27
18 1 2 99 2 27 28
19 1 2 99 2 28 29
20 1 2 99 2 29 30
21 1 2 99 2 30 31
22 1 2 99 2 31 32
23 1 2 99 2 32 33
24 1 2 99 2 33 34
25 1 2 99 2 34 35
26 1 2 99 2 35 36
27 1 2 99 2 36 37
28 1 2 99 2 37 38
29 1 2 99 2 38 39
30 1 2 99 2 39 40
31 1 2 99 2 40 41
32 1 2 99 2 41 42
33 1 2 99 2 42 43
34 1 2 99 2 43 44
35 1 2 99 2 44 3
36 1 2 99 3 3 45
37 1 2 99 3 45 46
38 1 2 99 3 46 47
39 1 2 99 3 47 48
40 1 2 99 3 48 49
41 1 2 99 3 49 50
42 1 2 99 3 50 51
43 1 2 99 3 51 52
44 1 2 99 3 52 53
45 1 2 99 3 53 54
46 1 2 99 3 54 55
47 1 2 99 3 55 56
48 1 2 99 3 56 57
49 1 2 99 3 57 58
50 1 2 99 3 58 59
51 1 2 99 3 59 60
52 1 2 99 3 60 61
53 1 2 99 3 61 62
54 1 2 99 3 62 63
55 1 2 99 3 63 64
56 1 2 99 3 64 65
57 1 2 99 3 65 66
58 1 2 99 3 66 67
59 1 2 99 3 67 68
60 1 2 99 3 68 69
61 1 2 99 3 69 70
62 1 2 99 3 70 71
63 1 2 99 3 71 72
64 1 2 99 3 72 73
65 1 2 99 3 73 74
66 1 2 99 3 74 75
67 1 2 99 3 75 76
68 1 2 99 3 76 77
69 1 2 99 3 77 78
70 1 2 99 3 78 79
71 1 2 99 3 79 4
72 1 2 99 4 4 80
73 1 2 99 4 80 81
74 1 2 99 4 81 82
75 1 2 99 4 82 83
76 1 2 99 4 83 84
77 1 2 99 4 84 85
78 1 2 99 4 85 86
79 1 2 99 4 86 87
80 1 2 99 4 87 88
81 1 2 99 4 88 89
82 1 2 99 4 89 90
83 1 2 99 4 90 91
84 1 2 99 4 91 92
85 1 2 99 4 92 93
86 1 2 99 4 93 94
87 1 2 99 4 94 95
88 1 2 99 4 95 96
89 1 2 99 4 96 97
90 1 2 99 4 97 98
91 1 2 99 4 98 99
92 1 2 99 4 99 100
93 1 2 99 4 100 101
94 1 2 99 4 101 102
95 1 2 99 4 102 103
96 1 2 99 4 103 104
97 1 2 99 4 104 105
98 1 2 99 4 105 106
99 1 2 99 4 106 107
100 1 2 99 4 107 108
101 1 2 99 4 108 109
102 1 2 99 4 109 110
103 1 2 99 4 110 111
104 1 2 99 4 111 112
105 1 2 99 4 112 113
106 1 2 99 4 113 114
107 1 2 99 4 114 115
108 1 2 99 4 115 116
109 1 2 99 4 116 117
110 1 2 99 4 117 118
111 1 2 99 4 118 5
112 1 2 99 5 5 119
113 1 2 99 5 119 120
114 1 2 99 5 120 121
115 1 2 99 5 121 122
116 1 2 99 5 122 123
117 1 2 99 5 123 124
118 1 2 99 5 124 125
119 1 2 99 5 125 126
120 1 2 99 5 126 127
121 1 2 99 5 127 128
122 1 2 99 5 128 129
123 1 2 99 5 129 130
124 1 2 99 5 130 131
125 1 2 99 5 131 132
126 1 2 99 5 132 133
127 1 2 99 5 133 134
128 1 2 99 5 134 135
129 1 2 99 5 135 136
130 1 2 99 5 136 137
131 1 2 99 5 137 138
132 1 2 99 5 138 139
133 1 2 99 5 139 140
134 1 2 99 5 140 141
135 1 2 99 5 141 142
136 1 2 99 5 142 143
137 1 2 99 5 143 144
138 1 2 99 5 144 145
139 1 2 99 5 145 6
140 1 2 3 6 6 146
141 1 2 3 6 146 147
142 1 2 3 6 147 148
143 1 2 3 6 148 149
144 1 2 3 6 149 150
145 1 2 3 6 150 151
146 1 2 3 6 151 152
147 1 2 3 6 152 153
148 1 2 3 6 153 154
149 1 2 3 6 154 155
150 1 2 3 6 155 7
151 1 2 99 7 7 156
152 1 2 99 7 156 157
153 1 2 99 7 157 158
154 1 2 99 7 158 159
155 1 2 99 7 159 160
156 1 2 99 7 160 161
157 1 2 99 7 161 162
158 1 2 99 7 162 163
159 1 2 99 7 163 164
160 1 2 99 7 164 165
161 1 2 99 7 165 166
162 1 2 99 7 166 167
163 1 2 99 7 167 168
164 1 2 99 7 168 169
165 1 2 99 7 169 170
166 1 2 99 7 170 171
167 1 2 99 7 171 172
168 1 2 99 7 172 173
169 1 2 99 7 173 174
170 1 2 99 7 174 175
171 1 2 99 7 175 8
172 1 2 99 8 8 176
173 1 2 99 8 176 177
174 1 2 99 8 177 178
175 1 2 99 8 178 179
176 1 2 99 8 179 180
177 1 2 99 8 180 181
178 1 2 99 8 181 182
179 1 2 99 8 182 183
180 1 2 99 8 183 184
181 1 2 99 8 184 185
182 1 2 99 8 185 186
183 1 2 99 8 186 187
184 1 2 99 8 187 188
185 1 2 99 8 188 189
186 1 2 99 8 189 190
187 1 2 99 8 190 191
188 1 2 99 8 191 192
189 1 2 99 8 192 193
190 1 2 99 8 193 9
191 1 2 3 9 9 194
192 1 2 3 9 194 195
193 1 2 3 9 195 196
194 1 2 3 9 196 197
195 1 2 3 9 197 198
196 1 2 3 9 198 199
197 1 2 3 9 199 200
198 1 2 3 9 200 201
199 1 2 3 9 201 202
200 1 2 3 9 202 203
201 1 2 3 9 203 204
202 1 2 3 9 204 205
203 1 2 3 9 205 206
204 1 2 3 9 206 207
205 1 2 3 9 207 208
206 1 2 3 9 208 209
207 1 2 3 9 209 210
208 1 2 3 9 210 211
209 1 2 3 9 211 212
210 1 2 3 9 212 213
211 1 2 3 9 213 214
212 1 2 3 9 214 215
213 1 2 3 9 215 216
214 1 2 3 9 216 217
215 1 2 3 9 217 218
216 1 2 3 9 218 219
217 1 2 3 9 219 220
218 1 2 3 9 220 221
219 1 2 3 9 221 222
220 1 2 3 9 222 223
221 1 2 3 9 223 224
222 1 2 3 9 224 225
223 1 2 3 9 225 226
224 1 2 3 9 226 227
225 1 2 3 9 227 228
226 1 2 3 9 228 10
227 1 2 99 10 10 229
228 1 2 99 10 229 230
229 1 2 99 10 230 231
230 1 2 99 10 231 232
231 1 2 99 10 232 233
232 1 2 99 10 233 234
233 1 2 99 10 234 235
234 1 2 99 10 235 236
235 1 2 99 10 236 237
236 1 2 99 10 237 238
237 1 2 99 10 238 239
238 1 2 99 10 239 240
239 1 2 99 10 240 241
240 1 2 99 10 241 242
241 1 2 99 10 242 243
242 1 2 99 10 243 244
243 1 2 99 10 244 245
244 1 2 99 10 245 246
245 1 2 99 10 246 247
246 1 2 99 10 247 248
247 1 2 99 10 248 249
248 1 2 99 10 249 250
249 1 2 99 10 250 11
250 1 2 2 11 11 251
251 1 2 2 11 251 252
252 1 2 2 11 252 253
253 1 2 2 11 253 254
254 1 2 2 11 254 255
255 1 2 2 11 255 256
256 1 2 2 11 256 257
257 1 2 2 11 257 258
258 1 2 2 11 258 259
259 1 2 2 11 259 260
260 1 2 2 11 260 261
261 1 2 2 11 261 262
262 1 2 2 11 262 263
263 1 2 2 11 263 264
264 1 2 2 11 264 265
265 1 2 2 11 265 1
266 2 2 1 1 261 315 2449
267 2 2 1 1 2434 601 2547
268 2 2 1 1 2538 1119 3983
269 2 2 1 1 2755 2411 4251
270 2 2 1 1 1210 2986 3156
271 2 2 1 1 2686 981 3037
272 2 2 1 1 331 2419 2559
273 2 2 1 1 2533 3769 4173
274 2 2 1 1 2370 2686 3037
275 2 2 1 1 616 614 2690
276 2 2 1 1 2616 2615 4004
277 2 2 1 1 3523 298 3788
278 2 2 1 1 3973 744 3978
279 2 2 1 1 3601 3564 3770
280 2 2 1 1 719 2460 2592
281 2 2 1 1 2902 1109 3515
282 2 2 1 1 1109 2902 3652
283 2 2 1 1 2603 2423 2694
284 2 2 1 1 3019 1671 3020
285 2 2 1 1 243 244 2673
286 2 2 1 1 2040 2495 3106
287 2 2 1 1 2986 1210 3157
288 2 2 1 1 1476 2349 2683
289 2 2 1 1 1285 3650 3846
290 2 2 1 1 2683 2349 4035
291 2 2 1 1 3710 3991 4059
292 2 2 1 1 334 2464 2600
293 2 2 1 1 78 79 3021
294 2 2 1 1 299 2437 3364
295 2 2 1 1 2710 2511 3860
296 2 2 1 1 1271 1448 2624
297 2 2 1 1 1682 1680 3613
298 2 2 1 1 2304 2302 2886
299 2 2 1 1 1674 2403 4093
300 2 2 1 1 1265 3332 3575
301 2 2 1 1 2302 2310 2886
302 2 2 1 1 2367 2588 3619
303 2 2 1 1 2533 1561 3769
304 2 2 1 1 2545 522 4054
305 2 2 1 1 1143 706 2672
306 2 2 1 1 334 2600 2605
307 2 2 1 1 2689 2079 3658
308 2 2 1 1 2554 3973 3978
309 2 2 1 1 2474 852 3873
310 2 2 1 1 1438 1366 3905
311 2 2 1 1 2495 2651 3106
312 2 2 1 1 1706 2132 2557
313 2 2 1 1 2386 3233 3577
314 2 2 1 1 2656 755 3103
315 2 2 1 1 1395 3626 3627
316 2 2 1 1 2144 2812 3646
317 2 2 1 1 3577 3233 3750
318 2 2 1 1 270 3320 3391
319 2 2 1 1 292 2494 2535
320 2 2 1 1 2207 1702 3813
321 2 2 1 1 2622 1448 3545
322 2 2 1 1 1899 1494 2524
323 2 2 1 1 2875 2456 4207
324 2 2 1 1 22 23 2671
325 2 2 1 1 2486 1831 3782
326 2 2 1 1 2600 2504 2605
327 2 2 1 1 3320 270 3570
328 2 2 1 1 1675 3566 3691
329 2 2 1 1 2419 331 3574
330 2 2 1 1 2555 1859 4162
331 2 2 1 1 2511 2294 3860
332 2 2 1 1 1285 996 3650
333 2 2 1 1 3991 3710 3992
334 2 2 1 1 2654 2656 3103
335 2 2 1 1 2873 3523 3788
336 2 2 1 1 1350 1348 2838
337 2 2 1 1 719 2592 3288
338 2 2 1 1 23 275 2671
339 2 2 1 1 2478 1483 3927
340 2 2 1 1 728 529 2567
341 2 2 1 1 1119 2538 2539
342 2 2 1 1 3320 3570 3687
343 2 2 1 1 834 868 4153
344 2 2 1 1 3570 1255 3687
345 2 2 1 1 2087 2520 3593
346 2 2 1 1 1859 2555 3979
347 2 2 1 1 50 302 2556
348 2 2 1 1 1899 2524 2551
349 2 2 1 1 3106 2651 3107
350 2 2 1 1 1470 1837 2527
351 2 2 1 1 2460 719 2697
352 2 2 1 1 871 945 2655
353 2 2 1 1 1875 329 2357
354 2 2 1 1 3518 3810 4026
355 2 2 1 1 1702 2213 3813
356 2 2 1 1 2135 2433 4121
357 2 2 1 1 1845 2613 2746
358 2 2 1 1 2 13 2515
359 2 2 1 1 2565 834 4153
360 2 2 1 1 2509 327 2645
361 2 2 1 1 2298 3696 3946
362 2 2 1 1 3332 2500 3575
363 2 2 1 1 2177 2629 2652
364 2 2 1 1 1310 1706 2557
365 2 2 1 1 2547 601 3950
366 2 2 1 1 2215 1450 2493
367 2 2 1 1 2428 257 3960
368 2 2 1 1 2654 3103 3713
369 2 2 1 1 2711 2576 2744
370 2 2 1 1 257 2428 3939
371 2 2 1 1 2527 1837 2528
372 2 2 1 1 2520 2087 3592
373 2 2 1 1 2856 1396 3548
374 2 2 1 1 13 333 2515
375 2 2 1 1 49 50 2556
376 2 2 1 1 345 2498 2874
377 2 2 1 1 1685 1682 3613
378 2 2 1 1 210 304 2980
379 2 2 1 1 2604 243 2673
380 2 2 1 1 333 14 4148
381 2 2 1 1 2439 1088 4102
382 2 2 1 1 339 2466 2743
383 2 2 1 1 288 2875 4207
384 2 2 1 1 2655 2654 3713
385 2 2 1 1 2812 2144 3645
386 2 2 1 1 3650 2322 3846
387 2 2 1 1 945 1110 2655
388 2 2 1 1 2095 2872 3331
389 2 2 1 1 2594 2545 4054
390 2 2 1 1 2553 1643 2554
391 2 2 1 1 260 261 2449
392 2 2 1 1 458 3040 3249
393 2 2 1 1 2606 2456 2875
394 2 2 1 1 2709 3920 3921
395 2 2 1 1 1395 2555 3626
396 2 2 1 1 2476 2328 3984
397 2 2 1 1 3810 307 4026
398 2 2 1 1 577 575 3720
399 2 2 1 1 2321 3569 3673
400 2 2 1 1 2524 1853 2551
401 2 2 1 1 1356 2541 3745
402 2 2 1 1 1273 1271 2624
403 2 2 1 1 1554 2461 2697
404 2 2 1 1 2433 2135 3656
405 2 2 1 1 327 2509 3989
406 2 2 1 1 247 331 2559
407 2 2 1 1 209 210 2980
408 2 2 1 1 2310 2885 2886
409 2 2 1 1 2588 306 3619
410 2 2 1 1 2403 1674 4006
411 2 2 1 1 2519 333 4148
412 2 2 1 1 2506 2755 4251
413 2 2 1 1 1675 2721 3566
414 2 2 1 1 1793 2444 2976
415 2 2 1 1 1853 1854 2551
416 2 2 1 1 1450 1112 2493
417 2 2 1 1 2873 2871 3523
418 2 2 1 1 289 2989 3783
419 2 2 1 1 852 2474 2663
420 2 2 1 1 2989 289 3857
421 2 2 1 1 2629 2177 2634
422 2 2 1 1 3040 458 3582
423 2 2 1 1 3745 2541 3990
424 2 2 1 1 302 2481 2556
425 2 2 1 1 2423 2603 3678
426 2 2 1 1 3696 1646 3946
427 2 2 1 1 2207 3813 4206
428 2 2 1 1 98 99 2546
429 2 2 1 1 3582 458 3669
430 2 2 1 1 599 601 2434
431 2 2 1 1 2565 1666 2712
432 2 2 1 1 1700 1501 3885
433 2 2 1 1 2444 1793 2977
434 2 2 1 1 1811 1644 3696
435 2 2 1 1 2483 1713 2503
436 2 2 1 1 1733 2545 2594
437 2 2 1 1 2613 1845 3820
438 2 2 1 1 282 98 2546
439 2 2 1 1 2585 2586 3640
440 2 2 1 1 3088 3582 3669
441 2 2 1 1 2515 333 2516
442 2 2 1 1 1550 1548 3841
443 2 2 1 1 2437 299 3605
444 2 2 1 1 2621 324 4143
445 2 2 1 1 1004 2447 3815
446 2 2 1 1 2585 3640 3731
447 2 2 1 1 244 296 2673
448 2 2 1 1 246 247 2559
449 2 2 1 1 1093 3961 3994
450 2 2 1 1 2447 1004 3861
451 2 2 1 1 2804 2435 3613
452 2 2 1 1 3040 3157 3249
453 2 2 1 1 2464 334 2601
454 2 2 1 1 1671 3019 3021
455 2 2 1 1 1483 2448 3732
456 2 2 1 1 3833 2727 3847
457 2 2 1 1 3574 3524 4209
458 2 2 1 1 3678 2865 3693
459 2 2 1 1 2447 2427 3747
460 2 2 1 1 1663 2443 3642
461 2 2 1 1 1679 1393 3627
462 2 2 1 1 2498 345 3940
463 2 2 1 1 2079 2689 4112
464 2 2 1 1 2447 3747 3815
465 2 2 1 1 2615 2359 4004
466 2 2 1 1 1296 3601 3770
467 2 2 1 1 3334 1438 3905
468 2 2 1 1 3157 1210 3249
469 2 2 1 1 1396 2856 4221
470 2 2 1 1 5 329 1875
471 2 2 1 1 624 616 2690
472 2 2 1 1 3569 2321 3981
473 2 2 1 1 2551 1854 2939
474 2 2 1 1 1096 1084 2438
475 2 2 1 1 513 511 2697
476 2 2 1 1 1623 2508 2510
477 2 2 1 1 2507 337 3660
478 2 2 1 1 2085 2084 3574
479 2 2 1 1 2651 1228 3107
480 2 2 1 1 2427 1749 3747
481 2 2 1 1 2150 2804 3613
482 2 2 1 1 2592 2593 3288
483 2 2 1 1 340 2455 4085
484 2 2 1 1 146 147 2750
485 2 2 1 1 140 141 2706
486 2 2 1 1 3925 3196 3968
487 2 2 1 1 1643 1143 2672
488 2 2 1 1 2576 2711 2745
489 2 2 1 1 2554 1643 2672
490 2 2 1 1 484 3830 4166
491 2 2 1 1 2455 340 3916
492 2 2 1 1 1749 2427 4210
493 2 2 1 1 2239 3925 3968
494 2 2 1 1 291 3657 4148
495 2 2 1 1 1315 2718 2719
496 2 2 1 1 710 2469 2664
497 2 2 1 1 2206 2529 2542
498 2 2 1 1 1850 2612 2725
499 2 2 1 1 3826 3184 3868
500 2 2 1 1 522 2545 4043
501 2 2 1 1 2138 2735 3759
502 2 2 1 1 2226 2715 3875
503 2 2 1 1 1459 1410 2688
504 2 2 1 1 2209 3826 3868
505 2 2 1 1 1096 2438 4200
506 2 2 1 1 564 1663 3642
507 2 2 1 1 3694 947 4083
508 2 2 1 1 3522 3351 4216
509 2 2 1 1 242 243 2604
510 2 2 1 1 1088 1093 4102
511 2 2 1 1 1614 2923 3905
512 2 2 1 1 173 174 2739
513 2 2 1 1 1854 2250 2939
514 2 2 1 1 2469 710 4269
515 2 2 1 1 301 78 3021
516 2 2 1 1 3830 2936 4166
517 2 2 1 1 1255 2989 3687
518 2 2 1 1 1831 2486 3897
519 2 2 1 1 1098 2497 2665
520 2 2 1 1 2418 3774 4093
521 2 2 1 1 2201 1552 2707
522 2 2 1 1 287 2425 3752
523 2 2 1 1 79 1671 3021
524 2 2 1 1 2310 2866 2885
525 2 2 1 1 4 80 3863
526 2 2 1 1 2709 3560 3920
527 2 2 1 1 199 2480 4029
528 2 2 1 1 2480 199 4046
529 2 2 1 1 1483 582 3927
530 2 2 1 1 2407 3718 3977
531 2 2 1 1 2484 279 2871
532 2 2 1 1 529 543 2567
533 2 2 1 1 2690 614 4246
534 2 2 1 1 2989 1255 3783
535 2 2 1 1 2449 315 2730
536 2 2 1 1 2808 309 4247
537 2 2 1 1 2721 1675 3805
538 2 2 1 1 1469 2539 4059
539 2 2 1 1 706 704 2672
540 2 2 1 1 319 2847 3544
541 2 2 1 1 2612 1850 2746
542 2 2 1 1 265 2395 4101
543 2 2 1 1 3699 1049 3941
544 2 2 1 1 1802 2421 3638
545 2 2 1 1 2675 2721 3805
546 2 2 1 1 2470 2722 3639
547 2 2 1 1 1714 1306 2634
548 2 2 1 1 285 242 2604
549 2 2 1 1 2549 2923 2924
550 2 2 1 1 2328 2476 3699
551 2 2 1 1 1421 3678 3693
552 2 2 1 1 978 2499 2611
553 2 2 1 1 951 884 2633
554 2 2 1 1 1802 3638 3706
555 2 2 1 1 2548 2549 2924
556 2 2 1 1 1713 1321 2503
557 2 2 1 1 1315 2719 3793
558 2 2 1 1 2528 1837 3710
559 2 2 1 1 1501 1674 3885
560 2 2 1 1 443 2548 2924
561 2 2 1 1 1438 3334 3636
562 2 2 1 1 3569 1056 3673
563 2 2 1 1 1086 1088 2439
564 2 2 1 1 1348 1357 2838
565 2 2 1 1 264 2287 3739
566 2 2 1 1 277 2477 3980
567 2 2 1 1 3523 2871 4050
568 2 2 1 1 2563 3460 3637
569 2 2 1 1 324 2621 3647
570 2 2 1 1 2517 2520 3592
571 2 2 1 1 2479 4046 4108
572 2 2 1 1 1831 1012 3782
573 2 2 1 1 3544 2847 4270
574 2 2 1 1 593 2129 2496
575 2 2 1 1 2425 287 4122
576 2 2 1 1 2217 3351 3522
577 2 2 1 1 2177 2652 2664
578 2 2 1 1 2934 1904 3843
579 2 2 1 1 2496 2555 4162
580 2 2 1 1 1504 1476 2683
581 2 2 1 1 2500 305 3575
582 2 2 1 1 2499 978 2598
583 2 2 1 1 1205 3088 3669
584 2 2 1 1 2613 2612 2746
585 2 2 1 1 2477 277 4216
586 2 2 1 1 2483 2503 3870
587 2 2 1 1 2496 2129 2555
588 2 2 1 1 306 2588 2590
589 2 2 1 1 2451 955 4197
590 2 2 1 1 2168 1679 3627
591 2 2 1 1 3779 2699 4007
592 2 2 1 1 2607 552 3995
593 2 2 1 1 3088 1205 3735
594 2 2 1 1 1370 1350 2838
595 2 2 1 1 146 2750 4168
596 2 2 1 1 979 1036 2598
597 2 2 1 1 1252 2501 3529
598 2 2 1 1 2442 758 3881
599 2 2 1 1 3870 2503 3942
600 2 2 1 1 2542 2529 3937
601 2 2 1 1 897 955 2451
602 2 2 1 1 2694 2423 2704
603 2 2 1 1 1893 2468 3924
604 2 2 1 1 337 232 3660
605 2 2 1 1 2468 1893 3964
606 2 2 1 1 2872 1668 3331
607 2 2 1 1 2494 292 2530
608 2 2 1 1 1644 1646 3696
609 2 2 1 1 2450 897 2451
610 2 2 1 1 2208 2545 4033
611 2 2 1 1 1207 2563 3637
612 2 2 1 1 3334 2371 3636
613 2 2 1 1 2151 1713 2502
614 2 2 1 1 2221 2738 2805
615 2 2 1 1 2664 2652 3720
616 2 2 1 1 758 2442 4183
617 2 2 1 1 293 2511 4073
618 2 2 1 1 2867 2727 3833
619 2 2 1 1 51 52 3849
620 2 2 1 1 264 3739 4137
621 2 2 1 1 2557 2132 2558
622 2 2 1 1 2855 2856 3548
623 2 2 1 1 3976 3377 4002
624 2 2 1 1 2699 2698 4007
625 2 2 1 1 601 603 3950
626 2 2 1 1 3020 1671 3863
627 2 2 1 1 1448 2622 3911
628 2 2 1 1 2441 3663 4013
629 2 2 1 1 53 281 2762
630 2 2 1 1 2466 339 3695
631 2 2 1 1 2923 2549 3905
632 2 2 1 1 331 3524 3574
633 2 2 1 1 2467 3574 4209
634 2 2 1 1 2596 300 2931
635 2 2 1 1 4046 276 4108
636 2 2 1 1 2481 302 2753
637 2 2 1 1 3808 3067 4099
638 2 2 1 1 2622 3545 3602
639 2 2 1 1 1298 951 2633
640 2 2 1 1 1845 1459 2688
641 2 2 1 1 2151 2502 2504
642 2 2 1 1 2804 2168 4314
643 2 2 1 1 3233 1266 3750
644 2 2 1 1 2435 2434 2436
645 2 2 1 1 2438 2439 2440
646 2 2 1 1 1845 2688 3820
647 2 2 1 1 1434 2689 3658
648 2 2 1 1 2167 1545 2649
649 2 2 1 1 2493 1112 4014
650 2 2 1 1 1072 599 2434
651 2 2 1 1 1770 1498 3768
652 2 2 1 1 309 2808 3571
653 2 2 1 1 2497 1098 2735
654 2 2 1 1 3564 3601 4178
655 2 2 1 1 2475 2476 3984
656 2 2 1 1 978 979 2598
657 2 2 1 1 2129 595 2485
658 2 2 1 1 312 2505 2736
659 2 2 1 1 4074 4080 4129
660 2 2 1 1 1266 3233 3923
661 2 2 1 1 16 17 2529
662 2 2 1 1 2608 2607 3995
663 2 2 1 1 2505 312 2737
664 2 2 1 1 2707 1550 3841
665 2 2 1 1 1835 2347 2348
666 2 2 1 1 1256 3368 3934
667 2 2 1 1 2495 2040 4297
668 2 2 1 1 1666 2565 4153
669 2 2 1 1 1128 1129 1835
670 2 2 1 1 2463 3694 4083
671 2 2 1 1 2179 2442 3881
672 2 2 1 1 967 1073 2531
673 2 2 1 1 2512 2367 3619
674 2 2 1 1 279 2484 2870
675 2 2 1 1 4038 2610 4157
676 2 2 1 1 3368 1256 3996
677 2 2 1 1 277 3522 4216
678 2 2 1 1 1862 2526 3764
679 2 2 1 1 591 2496 2521
680 2 2 1 1 1729 2471 3688
681 2 2 1 1 2442 2179 3935
682 2 2 1 1 2156 1771 3778
683 2 2 1 1 2177 1714 2634
684 2 2 1 1 2919 2050 4012
685 2 2 1 1 2578 3060 3844
686 2 2 1 1 3686 2078 3947
687 2 2 1 1 2050 2919 4037
688 2 2 1 1 1787 2171 3136
689 2 2 1 1 2743 2466 4060
690 2 2 1 1 1713 2483 2502
691 2 2 1 1 2265 3811 3999
692 2 2 1 1 2461 1554 4288
693 2 2 1 1 2440 2439 2441
694 2 2 1 1 2443 1663 3984
695 2 2 1 1 2737 2380 3804
696 2 2 1 1 593 594 595
697 2 2 1 1 3840 2759 3842
698 2 2 1 1 898 896 905
699 2 2 1 1 2755 877 3917
700 2 2 1 1 1049 3699 4235
701 2 2 1 1 1866 1851 2725
702 2 2 1 1 3884 1674 4093
703 2 2 1 1 896 897 2450
704 2 2 1 1 311 3840 3842
705 2 2 1 1 595 596 597
706 2 2 1 1 2095 2484 2872
707 2 2 1 1 3872 3569 3981
708 2 2 1 1 1320 4001 4061
709 2 2 1 1 2658 1620 2662
710 2 2 1 1 316 140 2706
711 2 2 1 1 3813 3593 4206
712 2 2 1 1 2317 2533 2534
713 2 2 1 1 2438 1086 2439
714 2 2 1 1 2526 1862 2696
715 2 2 1 1 877 3732 3917
716 2 2 1 1 1083 1084 1096
717 2 2 1 1 597 598 599
718 2 2 1 1 4024 2409 4154
719 2 2 1 1 1470 2527 4245
720 2 2 1 1 1470 1096 1837
721 2 2 1 1 1084 1086 2438
722 2 2 1 1 2503 1321 4293
723 2 2 1 1 2508 1623 2714
724 2 2 1 1 2824 3894 3957
725 2 2 1 1 281 2641 2762
726 2 2 1 1 3838 1816 4021
727 2 2 1 1 2624 1448 3911
728 2 2 1 1 599 600 601
729 2 2 1 1 3466 2283 3809
730 2 2 1 1 868 869 896
731 2 2 1 1 2562 1266 3923
732 2 2 1 1 2866 2310 3680
733 2 2 1 1 2533 2311 4236
734 2 2 1 1 2715 2041 3875
735 2 2 1 1 1088 1090 1093
736 2 2 1 1 923 2522 3759
737 2 2 1 1 1730 1887 1888
738 2 2 1 1 3663 2441 3994
739 2 2 1 1 2176 2470 3639
740 2 2 1 1 112 113 2726
741 2 2 1 1 3873 852 4005
742 2 2 1 1 2405 3772 3914
743 2 2 1 1 1623 2510 2720
744 2 2 1 1 2501 1252 3874
745 2 2 1 1 3060 2578 4240
746 2 2 1 1 601 602 603
747 2 2 1 1 834 835 868
748 2 2 1 1 719 513 2697
749 2 2 1 1 511 1554 2697
750 2 2 1 1 2281 2625 2626
751 2 2 1 1 2531 1073 2532
752 2 2 1 1 2620 2621 4143
753 2 2 1 1 1483 2478 3787
754 2 2 1 1 2545 2208 4043
755 2 2 1 1 3907 3622 4014
756 2 2 1 1 603 604 605
757 2 2 1 1 1057 3870 3942
758 2 2 1 1 2923 1614 4131
759 2 2 1 1 591 592 593
760 2 2 1 1 2705 707 2732
761 2 2 1 1 1072 2434 2435
762 2 2 1 1 1092 1095 1128
763 2 2 1 1 3718 1101 3977
764 2 2 1 1 2084 2419 3574
765 2 2 1 1 575 710 3720
766 2 2 1 1 2666 961 3635
767 2 2 1 1 2318 2607 2608
768 2 2 1 1 174 1606 2739
769 2 2 1 1 1266 2562 4041
770 2 2 1 1 2564 834 2565
771 2 2 1 1 868 896 898
772 2 2 1 1 3419 3972 4114
773 2 2 1 1 115 3952 4143
774 2 2 1 1 1434 826 2635
775 2 2 1 1 1004 2468 3861
776 2 2 1 1 2666 3635 4218
777 2 2 1 1 597 599 1072
778 2 2 1 1 871 2655 3713
779 2 2 1 1 1123 1310 2557
780 2 2 1 1 289 3368 3857
781 2 2 1 1 2530 336 4220
782 2 2 1 1 608 2642 2643
783 2 2 1 1 3823 2786 3829
784 2 2 1 1 580 1483 3732
785 2 2 1 1 1564 1730 2458
786 2 2 1 1 342 2606 2875
787 2 2 1 1 308 4024 4154
788 2 2 1 1 1410 1104 2688
789 2 2 1 1 1990 1992 2946
790 2 2 1 1 292 2535 3660
791 2 2 1 1 1681 1882 2653
792 2 2 1 1 3104 3976 4002
793 2 2 1 1 2558 851 4169
794 2 2 1 1 2468 1004 3924
795 2 2 1 1 2521 2496 4162
796 2 2 1 1 1310 1475 1706
797 2 2 1 1 306 2590 3578
798 2 2 1 1 336 2530 4291
799 2 2 1 1 3770 3564 3865
800 2 2 1 1 1881 3544 4270
801 2 2 1 1 2568 2569 2570
802 2 2 1 1 2471 1729 4147
803 2 2 1 1 2693 2694 2704
804 2 2 1 1 285 2602 2694
805 2 2 1 1 22 2671 3866
806 2 2 1 1 1090 1092 3679
807 2 2 1 1 266 2454 4233
808 2 2 1 1 2454 266 4281
809 2 2 1 1 593 595 2129
810 2 2 1 1 1552 1550 2707
811 2 2 1 1 2649 2201 2707
812 2 2 1 1 1837 1096 4200
813 2 2 1 1 3368 289 3934
814 2 2 1 1 996 1071 3650
815 2 2 1 1 1545 1741 2649
816 2 2 1 1 728 2567 4048
817 2 2 1 1 1419 2087 2680
818 2 2 1 1 3961 2196 3994
819 2 2 1 1 2665 2497 3359
820 2 2 1 1 3883 1897 3931
821 2 2 1 1 2738 2737 3804
822 2 2 1 1 2514 3808 4099
823 2 2 1 1 1394 1681 2653
824 2 2 1 1 2681 1770 3768
825 2 2 1 1 309 3571 3855
826 2 2 1 1 2568 2566 2569
827 2 2 1 1 2566 2565 2712
828 2 2 1 1 2171 3510 3636
829 2 2 1 1 1127 2665 3359
830 2 2 1 1 1306 1304 2634
831 2 2 1 1 2856 2858 4221
832 2 2 1 1 2383 2338 2867
833 2 2 1 1 1835 1129 2347
834 2 2 1 1 2529 17 3937
835 2 2 1 1 2317 2313 2533
836 2 2 1 1 2313 2311 2533
837 2 2 1 1 1693 2627 2628
838 2 2 1 1 851 2558 4069
839 2 2 1 1 2602 285 2604
840 2 2 1 1 955 957 958
841 2 2 1 1 2526 3526 3764
842 2 2 1 1 262 263 3700
843 2 2 1 1 1828 1829 1830
844 2 2 1 1 3679 1092 4133
845 2 2 1 1 2522 2138 3759
846 2 2 1 1 2809 2808 4247
847 2 2 1 1 3686 2267 3757
848 2 2 1 1 2286 2934 3843
849 2 2 1 1 1314 577 3720
850 2 2 1 1 226 227 2601
851 2 2 1 1 604 1114 2642
852 2 2 1 1 1458 551 3966
853 2 2 1 1 293 2504 3963
854 2 2 1 1 1458 3966 4033
855 2 2 1 1 2127 3598 3717
856 2 2 1 1 1128 1095 1129
857 2 2 1 1 1671 4 3863
858 2 2 1 1 225 334 2605
859 2 2 1 1 300 2596 4284
860 2 2 1 1 591 593 2496
861 2 2 1 1 603 605 606
862 2 2 1 1 2662 1620 2754
863 2 2 1 1 717 3677 3930
864 2 2 1 1 312 173 2739
865 2 2 1 1 314 3823 3829
866 2 2 1 1 3723 2869 3767
867 2 2 1 1 744 2194 3978
868 2 2 1 1 2623 2616 4004
869 2 2 1 1 2467 2085 3574
870 2 2 1 1 1103 1096 1470
871 2 2 1 1 2567 2566 2568
872 2 2 1 1 1626 1461 2746
873 2 2 1 1 4031 990 4171
874 2 2 1 1 1869 1870 2735
875 2 2 1 1 2267 2974 3757
876 2 2 1 1 3657 2519 4148
877 2 2 1 1 549 834 2564
878 2 2 1 1 3952 2620 4143
879 2 2 1 1 3634 2101 3891
880 2 2 1 1 2172 3184 3826
881 2 2 1 1 2755 2506 4271
882 2 2 1 1 2899 2156 3778
883 2 2 1 1 288 2916 4086
884 2 2 1 1 3685 4038 4157
885 2 2 1 1 2461 2460 2697
886 2 2 1 1 2215 2493 3822
887 2 2 1 1 2819 307 3810
888 2 2 1 1 2738 1678 2805
889 2 2 1 1 3598 2691 3717
890 2 2 1 1 2561 1741 2650
891 2 2 1 1 2150 2168 2804
892 2 2 1 1 4001 2569 4061
893 2 2 1 1 2692 1509 3560
894 2 2 1 1 1680 2150 3613
895 2 2 1 1 3972 2582 4114
896 2 2 1 1 3944 2715 3987
897 2 2 1 1 1731 1733 2594
898 2 2 1 1 298 3584 3788
899 2 2 1 1 2318 2317 2607
900 2 2 1 1 3332 1265 4234
901 2 2 1 1 2684 657 2685
902 2 2 1 1 2450 2451 2452
903 2 2 1 1 1110 2653 2655
904 2 2 1 1 852 3751 4005
905 2 2 1 1 3654 2083 3893
906 2 2 1 1 2349 3880 4010
907 2 2 1 1 2284 2598 2599
908 2 2 1 1 1693 1302 2627
909 2 2 1 1 543 2564 2567
910 2 2 1 1 965 967 2531
911 2 2 1 1 958 959 999
912 2 2 1 1 297 2455 3916
913 2 2 1 1 1114 1495 1828
914 2 2 1 1 745 3944 3987
915 2 2 1 1 2511 293 3963
916 2 2 1 1 898 905 906
917 2 2 1 1 1083 1082 1084
918 2 2 1 1 3578 2590 3766
919 2 2 1 1 299 3364 4124
920 2 2 1 1 2436 2434 2547
921 2 2 1 1 3136 2171 4030
922 2 2 1 1 334 226 2601
923 2 2 1 1 2598 1036 2599
924 2 2 1 1 1741 2561 2649
925 2 2 1 1 593 592 594
926 2 2 1 1 2296 2692 3560
927 2 2 1 1 1810 3794 3949
928 2 2 1 1 595 594 596
929 2 2 1 1 1366 1614 3905
930 2 2 1 1 2380 2737 2739
931 2 2 1 1 1126 2866 3680
932 2 2 1 1 2587 295 3707
933 2 2 1 1 4062 1417 4126
934 2 2 1 1 2639 2550 4136
935 2 2 1 1 2517 333 2519
936 2 2 1 1 1835 2348 2716
937 2 2 1 1 2373 3600 3603
938 2 2 1 1 3794 2719 3949
939 2 2 1 1 2916 288 4207
940 2 2 1 1 2194 3644 3978
941 2 2 1 1 3600 1174 3603
942 2 2 1 1 574 576 3900
943 2 2 1 1 2540 3608 3615
944 2 2 1 1 338 2693 2704
945 2 2 1 1 3608 432 3615
946 2 2 1 1 2349 1324 3880
947 2 2 1 1 2543 3618 3621
948 2 2 1 1 3618 1211 3621
949 2 2 1 1 52 2762 3849
950 2 2 1 1 2518 1155 4172
951 2 2 1 1 2639 4136 4189
952 2 2 1 1 2494 1811 3696
953 2 2 1 1 3571 2340 3855
954 2 2 1 1 1280 3723 3767
955 2 2 1 1 3811 310 3999
956 2 2 1 1 1104 891 2657
957 2 2 1 1 2167 2649 2707
958 2 2 1 1 597 596 598
959 2 2 1 1 3774 2348 4093
960 2 2 1 1 2819 1253 4016
961 2 2 1 1 2539 2528 4059
962 2 2 1 1 2751 345 2874
963 2 2 1 1 2488 1471 2552
964 2 2 1 1 328 2615 2616
965 2 2 1 1 3682 3585 3902
966 2 2 1 1 554 1458 3648
967 2 2 1 1 2373 2548 3590
968 2 2 1 1 305 2500 3882
969 2 2 1 1 2397 2398 4080
970 2 2 1 1 2633 884 3690
971 2 2 1 1 2373 3590 3600
972 2 2 1 1 1155 2518 4182
973 2 2 1 1 935 905 2723
974 2 2 1 1 2706 141 4257
975 2 2 1 1 52 53 2762
976 2 2 1 1 307 2819 4016
977 2 2 1 1 2478 2334 3787
978 2 2 1 1 2221 2505 2738
979 2 2 1 1 2448 1483 3787
980 2 2 1 1 2489 2488 2492
981 2 2 1 1 958 957 959
982 2 2 1 1 1888 1887 2592
983 2 2 1 1 1706 1475 1707
984 2 2 1 1 2525 1101 3718
985 2 2 1 1 2548 443 3590
986 2 2 1 1 826 904 2635
987 2 2 1 1 2485 595 4287
988 2 2 1 1 2397 4080 4111
989 2 2 1 1 905 896 2450
990 2 2 1 1 1443 3716 3728
991 2 2 1 1 549 566 834
992 2 2 1 1 2729 3674 3820
993 2 2 1 1 2687 4065 4097
994 2 2 1 1 2711 728 2745
995 2 2 1 1 2315 2313 2317
996 2 2 1 1 2417 3960 4277
997 2 2 1 1 3716 3405 3728
998 2 2 1 1 1471 1470 2552
999 2 2 1 1 896 869 897
1000 2 2 1 1 599 598 600
1001 2 2 1 1 3894 2646 3957
1002 2 2 1 1 963 982 3635
1003 2 2 1 1 3621 1211 3624
1004 2 2 1 1 3510 2171 3929
1005 2 2 1 1 595 597 4287
1006 2 2 1 1 1084 1085 1086
1007 2 2 1 1 2812 3614 3646
1008 2 2 1 1 1211 3238 3624
1009 2 2 1 1 2277 992 3685
1010 2 2 1 1 113 324 2726
1011 2 2 1 1 2555 1395 3979
1012 2 2 1 1 976 885 3736
1013 2 2 1 1 2564 2565 2566
1014 2 2 1 1 2415 3877 3892
1015 2 2 1 1 2735 1098 3759
1016 2 2 1 1 2849 1881 4270
1017 2 2 1 1 868 835 869
1018 2 2 1 1 1253 2819 4158
1019 2 2 1 1 2631 1840 2632
1020 2 2 1 1 2686 2687 4097
1021 2 2 1 1 1174 2540 3603
1022 2 2 1 1 895 888 2611
1023 2 2 1 1 888 978 2611
1024 2 2 1 1 3317 3838 4021
1025 2 2 1 1 2540 1174 3608
1026 2 2 1 1 2455 297 4115
1027 2 2 1 1 2636 2709 2816
1028 2 2 1 1 3938 294 4095
1029 2 2 1 1 971 1787 2638
1030 2 2 1 1 2383 2867 3932
1031 2 2 1 1 1357 2833 2838
1032 2 2 1 1 2597 1309 3715
1033 2 2 1 1 1394 1680 1681
1034 2 2 1 1 3702 1473 3887
1035 2 2 1 1 3460 2117 3637
1036 2 2 1 1 2267 3686 3947
1037 2 2 1 1 561 564 3642
1038 2 2 1 1 2539 1469 4003
1039 2 2 1 1 601 600 602
1040 2 2 1 1 2213 1700 3885
1041 2 2 1 1 1851 1850 2725
1042 2 2 1 1 2499 1866 2725
1043 2 2 1 1 3919 3120 4051
1044 2 2 1 1 2115 2116 3673
1045 2 2 1 1 2485 2804 4314
1046 2 2 1 1 432 2543 3615
1047 2 2 1 1 2945 1251 2946
1048 2 2 1 1 2543 432 3618
1049 2 2 1 1 2524 1494 4309
1050 2 2 1 1 3184 2172 4290
1051 2 2 1 1 3614 2214 3646
1052 2 2 1 1 1876 1877 2753
1053 2 2 1 1 2222 2563 3643
1054 2 2 1 1 2602 2603 2694
1055 2 2 1 1 2025 4070 4113
1056 2 2 1 1 2222 3643 3649
1057 2 2 1 1 1110 1394 2653
1058 2 2 1 1 269 3353 4042
1059 2 2 1 1 1454 1287 2754
1060 2 2 1 1 2417 2428 3960
1061 2 2 1 1 2827 2828 2839
1062 2 2 1 1 3772 341 3914
1063 2 2 1 1 1408 2855 3548
1064 2 2 1 1 870 854 1056
1065 2 2 1 1 2712 1666 2713
1066 2 2 1 1 2322 2316 2700
1067 2 2 1 1 3353 269 4088
1068 2 2 1 1 2522 923 4242
1069 2 2 1 1 2182 2123 3659
1070 2 2 1 1 2836 4062 4126
1071 2 2 1 1 2182 3659 3661
1072 2 2 1 1 1730 1888 2458
1073 2 2 1 1 1101 2525 3845
1074 2 2 1 1 1881 2849 4149
1075 2 2 1 1 3900 576 4271
1076 2 2 1 1 2148 3466 3809
1077 2 2 1 1 603 602 604
1078 2 2 1 1 963 965 982
1079 2 2 1 1 3238 2219 3624
1080 2 2 1 1 2636 2708 2709
1081 2 2 1 1 2436 3770 3865
1082 2 2 1 1 3648 1458 3959
1083 2 2 1 1 2219 3238 3630
1084 2 2 1 1 2673 296 2674
1085 2 2 1 1 2535 2494 3696
1086 2 2 1 1 2547 1296 3770
1087 2 2 1 1 2509 2400 3989
1088 2 2 1 1 3644 2194 4307
1089 2 2 1 1 1086 1087 1088
1090 2 2 1 1 2458 1888 2459
1091 2 2 1 1 2504 293 2605
1092 2 2 1 1 2858 1436 4221
1093 2 2 1 1 2545 2544 4033
1094 2 2 1 1 905 2450 2723
1095 2 2 1 1 1813 2212 2538
1096 2 2 1 1 834 566 835
1097 2 2 1 1 1310 1359 1475
1098 2 2 1 1 3180 2117 3634
1099 2 2 1 1 2680 2087 4262
1100 2 2 1 1 2117 3180 3637
1101 2 2 1 1 1093 3679 3961
1102 2 2 1 1 2477 2437 3605
1103 2 2 1 1 2487 1471 2488
1104 2 2 1 1 2298 2535 3696
1105 2 2 1 1 2760 2759 3836
1106 2 2 1 1 2287 2516 3738
1107 2 2 1 1 260 2449 4122
1108 2 2 1 1 955 958 4197
1109 2 2 1 1 1548 1909 3841
1110 2 2 1 1 1643 2553 2678
1111 2 2 1 1 2653 1882 2654
1112 2 2 1 1 941 3864 3867
1113 2 2 1 1 227 1756 2601
1114 2 2 1 1 2627 1840 2631
1115 2 2 1 1 3836 2759 3840
1116 2 2 1 1 2304 2886 4252
1117 2 2 1 1 755 2656 3104
1118 2 2 1 1 3700 263 4137
1119 2 2 1 1 2563 1207 3643
1120 2 2 1 1 2476 2473 2820
1121 2 2 1 1 959 961 2666
1122 2 2 1 1 1458 2544 3959
1123 2 2 1 1 2833 1357 2839
1124 2 2 1 1 1138 1145 2676
1125 2 2 1 1 1276 3578 3766
1126 2 2 1 1 1663 567 2663
1127 2 2 1 1 2546 99 3772
1128 2 2 1 1 2517 2519 2520
1129 2 2 1 1 1080 3907 4014
1130 2 2 1 1 1992 2945 2946
1131 2 2 1 1 1994 1990 2946
1132 2 2 1 1 246 2559 3763
1133 2 2 1 1 606 605 607
1134 2 2 1 1 1994 2946 2947
1135 2 2 1 1 891 731 2657
1136 2 2 1 1 1145 1148 2676
1137 2 2 1 1 168 2809 4247
1138 2 2 1 1 172 312 2736
1139 2 2 1 1 1701 2542 3912
1140 2 2 1 1 2557 2558 4169
1141 2 2 1 1 3035 2123 3654
1142 2 2 1 1 2347 3812 3885
1143 2 2 1 1 2123 3035 3659
1144 2 2 1 1 1730 1731 1887
1145 2 2 1 1 2560 1606 3970
1146 2 2 1 1 2336 2333 2679
1147 2 2 1 1 712 727 3658
1148 2 2 1 1 2568 2570 2571
1149 2 2 1 1 2281 1465 2678
1150 2 2 1 1 2631 2705 2732
1151 2 2 1 1 2718 1315 3780
1152 2 2 1 1 1088 1089 1090
1153 2 2 1 1 1119 2539 4003
1154 2 2 1 1 1436 2858 4123
1155 2 2 1 1 1875 2357 2359
1156 2 2 1 1 2816 2709 3921
1157 2 2 1 1 2517 3592 3738
1158 2 2 1 1 4067 548 4087
1159 2 2 1 1 1077 935 2723
1160 2 2 1 1 1564 2458 4295
1161 2 2 1 1 2277 3685 4157
1162 2 2 1 1 1412 1410 1459
1163 2 2 1 1 3626 2168 3627
1164 2 2 1 1 2606 342 3667
1165 2 2 1 1 1256 3353 3996
1166 2 2 1 1 3737 2662 3765
1167 2 2 1 1 2980 304 3858
1168 2 2 1 1 274 3919 4051
1169 2 2 1 1 341 2916 3914
1170 2 2 1 1 2603 2865 3678
1171 2 2 1 1 1828 1495 1829
1172 2 2 1 1 1994 2947 2948
1173 2 2 1 1 2357 329 2358
1174 2 2 1 1 2296 2290 2692
1175 2 2 1 1 1830 2299 2300
1176 2 2 1 1 2870 2329 3734
1177 2 2 1 1 523 728 2711
1178 2 2 1 1 1830 1829 2299
1179 2 2 1 1 885 886 3736
1180 2 2 1 1 2544 1458 4033
1181 2 2 1 1 2635 1831 3714
1182 2 2 1 1 2932 3883 3931
1183 2 2 1 1 2679 2120 3818
1184 2 2 1 1 1496 1813 3773
1185 2 2 1 1 3828 2324 4147
1186 2 2 1 1 2853 3806 4009
1187 2 2 1 1 1120 1123 2557
1188 2 2 1 1 291 16 2529
1189 2 2 1 1 887 977 2675
1190 2 2 1 1 1104 2657 2688
1191 2 2 1 1 4066 1791 4075
1192 2 2 1 1 3196 2209 3868
1193 2 2 1 1 2138 1869 2735
1194 2 2 1 1 1870 2497 2735
1195 2 2 1 1 1461 1845 2746
1196 2 2 1 1 4070 2453 4113
1197 2 2 1 1 2657 731 2729
1198 2 2 1 1 588 591 2521
1199 2 2 1 1 2535 2507 3660
1200 2 2 1 1 2671 275 4163
1201 2 2 1 1 631 4065 4089
1202 2 2 1 1 2384 2716 3986
1203 2 2 1 1 1693 2628 2629
1204 2 2 1 1 1850 1626 2746
1205 2 2 1 1 325 2498 3940
1206 2 2 1 1 336 4068 4104
1207 2 2 1 1 1903 2939 3792
1208 2 2 1 1 1729 1319 2695
1209 2 2 1 1 1606 2560 4120
1210 2 2 1 1 3671 281 3756
1211 2 2 1 1 969 971 2638
1212 2 2 1 1 3353 1256 4042
1213 2 2 1 1 906 905 935
1214 2 2 1 1 303 2816 3921
1215 2 2 1 1 1014 1082 1083
1216 2 2 1 1 1123 1125 1310
1217 2 2 1 1 2079 712 3658
1218 2 2 1 1 1409 1104 1410
1219 2 2 1 1 2809 168 4146
1220 2 2 1 1 1840 1298 2633
1221 2 2 1 1 3779 305 3882
1222 2 2 1 1 2473 2472 2820
1223 2 2 1 1 261 262 315
1224 2 2 1 1 2284 2599 3742
1225 2 2 1 1 1083 1096 1103
1226 2 2 1 1 1120 2557 4169
1227 2 2 1 1 1090 1091 1092
1228 2 2 1 1 2209 3196 3925
1229 2 2 1 1 958 999 1860
1230 2 2 1 1 2716 2384 3943
1231 2 2 1 1 2740 268 2979
1232 2 2 1 1 3989 2400 4301
1233 2 2 1 1 2974 1909 3757
1234 2 2 1 1 2479 2480 4046
1235 2 2 1 1 4080 2398 4129
1236 2 2 1 1 1415 3737 3765
1237 2 2 1 1 2269 2174 2730
1238 2 2 1 1 231 232 337
1239 2 2 1 1 1872 3825 3882
1240 2 2 1 1 1559 1635 2703
1241 2 2 1 1 2908 4067 4087
1242 2 2 1 1 3677 2955 3930
1243 2 2 1 1 2554 2672 3973
1244 2 2 1 1 608 2643 4177
1245 2 2 1 1 2629 2628 2630
1246 2 2 1 1 3754 2780 3776
1247 2 2 1 1 1903 3792 3843
1248 2 2 1 1 3157 2099 3354
1249 2 2 1 1 1681 1680 1682
1250 2 2 1 1 2734 2469 4269
1251 2 2 1 1 2571 2570 2572
1252 2 2 1 1 2282 2284 3742
1253 2 2 1 1 1089 1087 3793
1254 2 2 1 1 999 959 2666
1255 2 2 1 1 591 590 592
1256 2 2 1 1 1411 1410 1412
1257 2 2 1 1 2282 3742 3809
1258 2 2 1 1 2317 2534 2607
1259 2 2 1 1 965 966 967
1260 2 2 1 1 2511 2710 4073
1261 2 2 1 1 1010 1012 1831
1262 2 2 1 1 319 3544 3744
1263 2 2 1 1 322 3754 3776
1264 2 2 1 1 967 969 1073
1265 2 2 1 1 1564 1648 1730
1266 2 2 1 1 2751 2874 3817
1267 2 2 1 1 2457 2879 2915
1268 2 2 1 1 2380 2739 4120
1269 2 2 1 1 2176 2175 2469
1270 2 2 1 1 2470 4186 4219
1271 2 2 1 1 1561 2533 4236
1272 2 2 1 1 963 964 965
1273 2 2 1 1 2733 3671 3756
1274 2 2 1 1 3180 3634 3891
1275 2 2 1 1 2645 327 2646
1276 2 2 1 1 2472 2215 4282
1277 2 2 1 1 1127 2682 3583
1278 2 2 1 1 2651 2226 3875
1279 2 2 1 1 2322 2700 3846
1280 2 2 1 1 2518 4172 4201
1281 2 2 1 1 264 265 2287
1282 2 2 1 1 1148 1435 1767
1283 2 2 1 1 2255 1557 2703
1284 2 2 1 1 1890 2718 3780
1285 2 2 1 1 225 226 334
1286 2 2 1 1 1715 1714 2175
1287 2 2 1 1 3710 2440 3992
1288 2 2 1 1 316 2706 3558
1289 2 2 1 1 1302 1300 2627
1290 2 2 1 1 1706 1707 1728
1291 2 2 1 1 1416 3790 4045
1292 2 2 1 1 2216 2215 2472
1293 2 2 1 1 1434 2635 3714
1294 2 2 1 1 2679 3818 3879
1295 2 2 1 1 1498 1620 3768
1296 2 2 1 1 2879 1662 2915
1297 2 2 1 1 1557 1559 2703
1298 2 2 1 1 2334 2478 4199
1299 2 2 1 1 2695 3828 4147
1300 2 2 1 1 1319 1317 2695
1301 2 2 1 1 3668 2205 4032
1302 2 2 1 1 286 238 2691
1303 2 2 1 1 3022 1987 3155
1304 2 2 1 1 2316 2315 2700
1305 2 2 1 1 2682 1127 3359
1306 2 2 1 1 2641 281 3671
1307 2 2 1 1 3915 827 3926
1308 2 2 1 1 2315 2317 2318
1309 2 2 1 1 2560 311 3842
1310 2 2 1 1 233 234 292
1311 2 2 1 1 2401 2518 4201
1312 2 2 1 1 80 283 3863
1313 2 2 1 1 2628 2627 2631
1314 2 2 1 1 2470 2734 4186
1315 2 2 1 1 1413 2919 4012
1316 2 2 1 1 2939 2250 3792
1317 2 2 1 1 338 240 2693
1318 2 2 1 1 2614 1443 3702
1319 2 2 1 1 1153 3988 4034
1320 2 2 1 1 2652 2629 4223
1321 2 2 1 1 3729 2777 3740
1322 2 2 1 1 1092 1094 1095
1323 2 2 1 1 961 962 963
1324 2 2 1 1 286 2537 4068
1325 2 2 1 1 2958 3915 3926
1326 2 2 1 1 171 172 2736
1327 2 2 1 1 2484 2871 2872
1328 2 2 1 1 2629 2630 4223
1329 2 2 1 1 2832 2827 2839
1330 2 2 1 1 2828 2833 2839
1331 2 2 1 1 13 14 333
1332 2 2 1 1 2652 1314 3720
1333 2 2 1 1 3035 3654 3893
1334 2 2 1 1 2530 292 4291
1335 2 2 1 1 3635 982 4305
1336 2 2 1 1 1443 2614 3716
1337 2 2 1 1 3521 2217 3522
1338 2 2 1 1 2338 2336 2727
1339 2 2 1 1 1733 2544 2545
1340 2 2 1 1 1307 1392 2814
1341 2 2 1 1 925 923 3759
1342 2 2 1 1 2176 2469 2470
1343 2 2 1 1 2339 2338 2383
1344 2 2 1 1 3641 2597 3715
1345 2 2 1 1 1250 3729 3740
1346 2 2 1 1 1877 2481 2753
1347 2 2 1 1 2197 1876 2753
1348 2 2 1 1 2771 3938 4095
1349 2 2 1 1 1260 3465 3761
1350 2 2 1 1 977 1414 2675
1351 2 2 1 1 605 604 2642
1352 2 2 1 1 887 2675 3805
1353 2 2 1 1 1620 1454 2754
1354 2 2 1 1 1287 1066 2754
1355 2 2 1 1 2644 2690 4246
1356 2 2 1 1 2212 2528 2539
1357 2 2 1 1 1559 1562 1635
1358 2 2 1 1 1392 1306 1714
1359 2 2 1 1 1715 2175 2176
1360 2 2 1 1 2337 2336 2338
1361 2 2 1 1 877 2755 4271
1362 2 2 1 1 1828 1830 4213
1363 2 2 1 1 1904 1903 3843
1364 2 2 1 1 895 2611 2612
1365 2 2 1 1 2420 2536 4019
1366 2 2 1 1 1304 1302 1693
1367 2 2 1 1 1780 2374 2667
1368 2 2 1 1 3692 2801 3726
1369 2 2 1 1 988 891 1104
1370 2 2 1 1 2642 1114 4312
1371 2 2 1 1 990 2277 4171
1372 2 2 1 1 904 1010 2635
1373 2 2 1 1 2699 3779 3882
1374 2 2 1 1 982 2531 4091
1375 2 2 1 1 927 925 1098
1376 2 2 1 1 1771 1770 3778
1377 2 2 1 1 1103 1470 1471
1378 2 2 1 1 2129 2485 4314
1379 2 2 1 1 2569 2566 2712
1380 2 2 1 1 227 228 1756
1381 2 2 1 1 3832 1258 3901
1382 2 2 1 1 15 16 291
1383 2 2 1 1 2440 2441 3992
1384 2 2 1 1 2498 325 4256
1385 2 2 1 1 2718 2269 2719
1386 2 2 1 1 2611 2499 2725
1387 2 2 1 1 223 224 293
1388 2 2 1 1 2311 1649 4022
1389 2 2 1 1 1414 2237 2675
1390 2 2 1 1 2592 1887 2593
1391 2 2 1 1 967 968 969
1392 2 2 1 1 2800 2801 3697
1393 2 2 1 1 3711 2158 3748
1394 2 2 1 1 2512 267 4140
1395 2 2 1 1 1392 1714 1715
1396 2 2 1 1 1300 1298 1840
1397 2 2 1 1 961 963 3635
1398 2 2 1 1 1838 2870 3734
1399 2 2 1 1 2538 2212 2539
1400 2 2 1 1 3288 2593 3591
1401 2 2 1 1 2564 2566 2567
1402 2 2 1 1 1710 1321 1713
1403 2 2 1 1 3712 2792 3719
1404 2 2 1 1 1909 2974 3841
1405 2 2 1 1 3663 2196 3993
1406 2 2 1 1 586 588 2521
1407 2 2 1 1 4000 3084 4018
1408 2 2 1 1 2600 2464 3705
1409 2 2 1 1 2612 2611 2725
1410 2 2 1 1 3532 1351 4094
1411 2 2 1 1 2477 3605 3980
1412 2 2 1 1 927 1098 2665
1413 2 2 1 1 1414 2236 2237
1414 2 2 1 1 520 2711 2744
1415 2 2 1 1 3405 1415 3728
1416 2 2 1 1 982 965 2531
1417 2 2 1 1 2278 4091 4109
1418 2 2 1 1 326 3712 3719
1419 2 2 1 1 1300 1840 2627
1420 2 2 1 1 2175 2177 2664
1421 2 2 1 1 2730 3611 3949
1422 2 2 1 1 2475 2473 2476
1423 2 2 1 1 2215 3822 4282
1424 2 2 1 1 3222 4107 4132
1425 2 2 1 1 2631 2632 2705
1426 2 2 1 1 2401 4201 4237
1427 2 2 1 1 1415 3405 3737
1428 2 2 1 1 1259 3543 3848
1429 2 2 1 1 1152 1643 2678
1430 2 2 1 1 929 927 2665
1431 2 2 1 1 1304 1693 2634
1432 2 2 1 1 2459 1888 2460
1433 2 2 1 1 2445 4066 4075
1434 2 2 1 1 2760 314 3829
1435 2 2 1 1 2157 2156 3786
1436 2 2 1 1 112 2726 4300
1437 2 2 1 1 2287 265 4101
1438 2 2 1 1 567 570 2663
1439 2 2 1 1 2785 2786 3803
1440 2 2 1 1 570 852 2663
1441 2 2 1 1 302 51 3849
1442 2 2 1 1 1351 3532 4179
1443 2 2 1 1 1010 1011 1012
1444 2 2 1 1 2157 3786 3797
1445 2 2 1 1 3001 2401 4237
1446 2 2 1 1 1681 1682 1683
1447 2 2 1 1 2689 1434 3714
1448 2 2 1 1 2693 285 2694
1449 2 2 1 1 2981 3682 3902
1450 2 2 1 1 4065 2687 4089
1451 2 2 1 1 2625 2281 3962
1452 2 2 1 1 2369 3832 3901
1453 2 2 1 1 924 923 925
1454 2 2 1 1 2139 2466 3695
1455 2 2 1 1 1252 3528 3874
1456 2 2 1 1 2676 2677 3561
1457 2 2 1 1 969 970 971
1458 2 2 1 1 2614 3702 3887
1459 2 2 1 1 235 236 336
1460 2 2 1 1 1138 2676 3561
1461 2 2 1 1 2292 2290 2296
1462 2 2 1 1 2450 2452 2723
1463 2 2 1 1 1127 929 2665
1464 2 2 1 1 1457 3599 3730
1465 2 2 1 1 2630 2732 3629
1466 2 2 1 1 3526 2526 4185
1467 2 2 1 1 1711 1710 3705
1468 2 2 1 1 258 259 287
1469 2 2 1 1 2595 276 3954
1470 2 2 1 1 2623 1653 3998
1471 2 2 1 1 588 590 591
1472 2 2 1 1 2559 2420 3763
1473 2 2 1 1 580 582 1483
1474 2 2 1 1 2812 1672 3614
1475 2 2 1 1 971 1786 1787
1476 2 2 1 1 3561 2677 3599
1477 2 2 1 1 931 929 1127
1478 2 2 1 1 576 578 877
1479 2 2 1 1 3803 2786 3823
1480 2 2 1 1 959 960 961
1481 2 2 1 1 138 139 2864
1482 2 2 1 1 1476 1324 2349
1483 2 2 1 1 3066 4011 4089
1484 2 2 1 1 1707 1863 1884
1485 2 2 1 1 295 2587 4215
1486 2 2 1 1 2713 1018 4100
1487 2 2 1 1 267 2512 4248
1488 2 2 1 1 583 581 3629
1489 2 2 1 1 2630 2628 2732
1490 2 2 1 1 926 925 927
1491 2 2 1 1 1879 1450 2215
1492 2 2 1 1 2567 2568 4048
1493 2 2 1 1 2844 2846 3557
1494 2 2 1 1 1014 1081 1082
1495 2 2 1 1 3758 1861 4209
1496 2 2 1 1 2874 2141 3817
1497 2 2 1 1 1465 1152 2678
1498 2 2 1 1 2283 2282 3809
1499 2 2 1 1 2667 2374 2671
1500 2 2 1 1 2742 3517 3518
1501 2 2 1 1 2846 2837 3557
1502 2 2 1 1 2492 2488 4260
1503 2 2 1 1 2175 1714 2177
1504 2 2 1 1 2815 2817 3549
1505 2 2 1 1 564 567 1663
1506 2 2 1 1 3689 1234 3755
1507 2 2 1 1 1012 1013 1014
1508 2 2 1 1 1830 2300 2301
1509 2 2 1 1 1024 3965 3969
1510 2 2 1 1 3802 3020 3863
1511 2 2 1 1 2811 1672 2812
1512 2 2 1 1 3936 2995 3956
1513 2 2 1 1 1084 1082 1085
1514 2 2 1 1 570 572 852
1515 2 2 1 1 314 2760 3836
1516 2 2 1 1 1617 2799 2800
1517 2 2 1 1 3040 2099 3157
1518 2 2 1 1 2986 3157 3354
1519 2 2 1 1 2469 2175 2664
1520 2 2 1 1 2196 3663 3994
1521 2 2 1 1 1394 1679 1680
1522 2 2 1 1 928 927 929
1523 2 2 1 1 2487 2488 2489
1524 2 2 1 1 3752 3656 4277
1525 2 2 1 1 3864 2399 3867
1526 2 2 1 1 971 1612 1786
1527 2 2 1 1 1110 1393 1394
1528 2 2 1 1 2732 707 3629
1529 2 2 1 1 1887 1731 2594
1530 2 2 1 1 2742 2741 3517
1531 2 2 1 1 3986 2716 4203
1532 2 2 1 1 3762 2879 3775
1533 2 2 1 1 2414 1718 2464
1534 2 2 1 1 2628 2631 2732
1535 2 2 1 1 2436 2547 3770
1536 2 2 1 1 283 2944 3802
1537 2 2 1 1 2675 2237 2721
1538 2 2 1 1 2931 300 2932
1539 2 2 1 1 321 3692 3726
1540 2 2 1 1 3640 2586 4098
1541 2 2 1 1 2571 2573 2745
1542 2 2 1 1 2335 2333 2336
1543 2 2 1 1 1018 2713 4130
1544 2 2 1 1 1093 1090 3679
1545 2 2 1 1 2742 3518 3519
1546 2 2 1 1 1338 1336 2720
1547 2 2 1 1 2516 333 2517
1548 2 2 1 1 3001 4237 4267
1549 2 2 1 1 1620 2658 3768
1550 2 2 1 1 2773 3527 3953
1551 2 2 1 1 2640 3022 3155
1552 2 2 1 1 3019 1987 3022
1553 2 2 1 1 1712 2191 3958
1554 2 2 1 1 1295 3762 3775
1555 2 2 1 1 2555 2129 3626
1556 2 2 1 1 1336 1623 2720
1557 2 2 1 1 239 338 2691
1558 2 2 1 1 21 22 3866
1559 2 2 1 1 543 549 2564
1560 2 2 1 1 2764 2808 2809
1561 2 2 1 1 930 929 931
1562 2 2 1 1 241 285 2693
1563 2 2 1 1 2782 2784 2785
1564 2 2 1 1 2520 2519 3657
1565 2 2 1 1 1646 1319 1729
1566 2 2 1 1 4019 2536 4320
1567 2 2 1 1 922 880 923
1568 2 2 1 1 2116 2321 3673
1569 2 2 1 1 1500 2202 3781
1570 2 2 1 1 3021 3019 3022
1571 2 2 1 1 1892 2269 2718
1572 2 2 1 1 2573 2576 2745
1573 2 2 1 1 1750 2802 2803
1574 2 2 1 1 2737 312 2739
1575 2 2 1 1 1463 1352 2865
1576 2 2 1 1 1148 1767 2676
1577 2 2 1 1 3677 3640 4098
1578 2 2 1 1 1263 1268 2802
1579 2 2 1 1 1707 1475 1863
1580 2 2 1 1 3668 2130 4020
1581 2 2 1 1 1419 1652 2087
1582 2 2 1 1 328 2616 2617
1583 2 2 1 1 750 826 1434
1584 2 2 1 1 3869 982 4091
1585 2 2 1 1 2421 3001 4267
1586 2 2 1 1 2643 1828 4213
1587 2 2 1 1 1617 2798 2799
1588 2 2 1 1 520 523 2711
1589 2 2 1 1 1228 2651 3875
1590 2 2 1 1 3877 230 3892
1591 2 2 1 1 1412 1459 1460
1592 2 2 1 1 3674 2613 3820
1593 2 2 1 1 2785 322 3776
1594 2 2 1 1 4020 2130 4268
1595 2 2 1 1 1750 2803 2817
1596 2 2 1 1 1010 1831 2635
1597 2 2 1 1 286 2691 3598
1598 2 2 1 1 523 529 728
1599 2 2 1 1 2358 2508 2714
1600 2 2 1 1 139 316 2864
1601 2 2 1 1 2231 4000 4018
1602 2 2 1 1 3812 2213 3885
1603 2 2 1 1 2741 1604 3517
1604 2 2 1 1 2489 2492 2684
1605 2 2 1 1 931 1127 3583
1606 2 2 1 1 1105 1361 2869
1607 2 2 1 1 49 2556 4317
1608 2 2 1 1 932 931 937
1609 2 2 1 1 2505 2737 2738
1610 2 2 1 1 2764 2807 2808
1611 2 2 1 1 1307 1306 1392
1612 2 2 1 1 1299 1298 1300
1613 2 2 1 1 2534 2533 4173
1614 2 2 1 1 1341 1343 2788
1615 2 2 1 1 1768 1780 1781
1616 2 2 1 1 904 1009 1010
1617 2 2 1 1 3982 828 4232
1618 2 2 1 1 3825 2699 3882
1619 2 2 1 1 545 541 556
1620 2 2 1 1 1012 1014 3782
1621 2 2 1 1 731 724 2729
1622 2 2 1 1 2916 2915 3914
1623 2 2 1 1 1305 1304 1306
1624 2 2 1 1 939 937 1102
1625 2 2 1 1 162 3519 4026
1626 2 2 1 1 3912 2542 4315
1627 2 2 1 1 2510 2647 2720
1628 2 2 1 1 2430 2429 4319
1629 2 2 1 1 337 2507 4084
1630 2 2 1 1 237 238 286
1631 2 2 1 1 2657 2729 3820
1632 2 2 1 1 1339 1654 2783
1633 2 2 1 1 897 954 955
1634 2 2 1 1 886 870 3569
1635 2 2 1 1 1301 1300 1302
1636 2 2 1 1 1270 1272 2798
1637 2 2 1 1 2744 2576 4273
1638 2 2 1 1 239 240 338
1639 2 2 1 1 1767 1435 1768
1640 2 2 1 1 1861 4060 4209
1641 2 2 1 1 2445 4075 4106
1642 2 2 1 1 2595 2050 4108
1643 2 2 1 1 241 242 285
1644 2 2 1 1 2174 2449 2730
1645 2 2 1 1 2763 1472 2807
1646 2 2 1 1 209 2980 4063
1647 2 2 1 1 3568 2430 4319
1648 2 2 1 1 2761 2787 2788
1649 2 2 1 1 4113 2453 4193
1650 2 2 1 1 606 607 609
1651 2 2 1 1 315 262 3700
1652 2 2 1 1 3572 1627 3581
1653 2 2 1 1 554 551 1458
1654 2 2 1 1 2653 2654 2655
1655 2 2 1 1 2654 1882 2656
1656 2 2 1 1 2782 2783 2784
1657 2 2 1 1 2464 1718 3705
1658 2 2 1 1 339 254 2728
1659 2 2 1 1 938 937 939
1660 2 2 1 1 2224 2493 4014
1661 2 2 1 1 1770 2681 3778
1662 2 2 1 1 3889 2820 3913
1663 2 2 1 1 607 605 608
1664 2 2 1 1 1303 1302 1304
1665 2 2 1 1 3806 2082 4009
1666 2 2 1 1 2470 2469 2734
1667 2 2 1 1 269 2550 4088
1668 2 2 1 1 1086 1085 1087
1669 2 2 1 1 1673 1672 2811
1670 2 2 1 1 2650 1741 2877
1671 2 2 1 1 2359 2357 4076
1672 2 2 1 1 3519 3518 4026
1673 2 2 1 1 2788 1343 2813
1674 2 2 1 1 3714 1831 3897
1675 2 2 1 1 3152 2239 3968
1676 2 2 1 1 2266 4023 4276
1677 2 2 1 1 2817 2081 3549
1678 2 2 1 1 1412 1509 2692
1679 2 2 1 1 2716 2348 3774
1680 2 2 1 1 1875 2359 2615
1681 2 2 1 1 1156 3896 3899
1682 2 2 1 1 955 956 957
1683 2 2 1 1 724 746 2729
1684 2 2 1 1 898 906 1666
1685 2 2 1 1 1337 1339 2783
1686 2 2 1 1 2764 2763 2807
1687 2 2 1 1 2541 1356 3922
1688 2 2 1 1 1102 937 3583
1689 2 2 1 1 282 2546 4228
1690 2 2 1 1 1617 1270 2798
1691 2 2 1 1 1750 1263 2802
1692 2 2 1 1 2087 3593 4262
1693 2 2 1 1 1126 1115 2866
1694 2 2 1 1 2353 2445 4106
1695 2 2 1 1 18 19 280
1696 2 2 1 1 707 583 3629
1697 2 2 1 1 2863 138 2864
1698 2 2 1 1 2892 3876 3878
1699 2 2 1 1 2133 2134 2135
1700 2 2 1 1 1423 1307 2814
1701 2 2 1 1 906 935 936
1702 2 2 1 1 2466 2467 4060
1703 2 2 1 1 2861 317 2863
1704 2 2 1 1 2787 1654 2788
1705 2 2 1 1 2810 3814 3816
1706 2 2 1 1 940 939 941
1707 2 2 1 1 2793 2792 3709
1708 2 2 1 1 2783 1654 2784
1709 2 2 1 1 3732 2448 3917
1710 2 2 1 1 3657 291 3859
1711 2 2 1 1 2731 2266 4276
1712 2 2 1 1 1542 1539 2877
1713 2 2 1 1 2860 317 3551
1714 2 2 1 1 945 1078 1110
1715 2 2 1 1 2862 2861 2863
1716 2 2 1 1 2358 329 2400
1717 2 2 1 1 2784 1654 2787
1718 2 2 1 1 1726 1423 2130
1719 2 2 1 1 1073 969 2638
1720 2 2 1 1 727 750 3658
1721 2 2 1 1 2239 3152 4011
1722 2 2 1 1 2572 2570 2579
1723 2 2 1 1 2571 2572 2573
1724 2 2 1 1 937 931 3583
1725 2 2 1 1 584 586 3851
1726 2 2 1 1 1604 2741 3533
1727 2 2 1 1 584 3851 3927
1728 2 2 1 1 1884 1863 2553
1729 2 2 1 1 1083 1103 3782
1730 2 2 1 1 4068 2537 4104
1731 2 2 1 1 1317 976 3736
1732 2 2 1 1 557 556 563
1733 2 2 1 1 1268 1617 2802
1734 2 2 1 1 320 2844 3557
1735 2 2 1 1 3777 3313 3819
1736 2 2 1 1 238 239 2691
1737 2 2 1 1 1858 1463 2865
1738 2 2 1 1 2815 1750 2817
1739 2 2 1 1 1055 951 1298
1740 2 2 1 1 2255 2703 3632
1741 2 2 1 1 1835 2716 3943
1742 2 2 1 1 1706 1728 2132
1743 2 2 1 1 1361 1486 2869
1744 2 2 1 1 240 241 2693
1745 2 2 1 1 854 828 3982
1746 2 2 1 1 3709 2792 3712
1747 2 2 1 1 2550 269 4136
1748 2 2 1 1 1654 1341 2788
1749 2 2 1 1 2872 2871 2873
1750 2 2 1 1 1884 2553 2554
1751 2 2 1 1 1892 2174 2269
1752 2 2 1 1 2130 1423 2814
1753 2 2 1 1 1251 2945 4298
1754 2 2 1 1 2086 1673 2811
1755 2 2 1 1 518 520 2744
1756 2 2 1 1 556 541 2823
1757 2 2 1 1 1861 252 2743
1758 2 2 1 1 942 941 952
1759 2 2 1 1 1310 1125 1359
1760 2 2 1 1 2796 3559 3596
1761 2 2 1 1 255 295 2728
1762 2 2 1 1 2459 2460 2461
1763 2 2 1 1 895 2612 2613
1764 2 2 1 1 545 556 557
1765 2 2 1 1 2721 2237 2722
1766 2 2 1 1 255 256 295
1767 2 2 1 1 2721 2722 3566
1768 2 2 1 1 136 317 2860
1769 2 2 1 1 2203 2772 2773
1770 2 2 1 1 2156 2899 3786
1771 2 2 1 1 4008 44 4107
1772 2 2 1 1 2976 3344 4244
1773 2 2 1 1 2453 2391 4193
1774 2 2 1 1 558 518 2744
1775 2 2 1 1 3620 402 3651
1776 2 2 1 1 2170 3572 3581
1777 2 2 1 1 316 3558 3801
1778 2 2 1 1 2460 1888 2592
1779 2 2 1 1 2748 1871 2749
1780 2 2 1 1 1145 1147 1148
1781 2 2 1 1 1099 2724 3596
1782 2 2 1 1 1486 1847 2133
1783 2 2 1 1 1653 2623 4004
1784 2 2 1 1 1780 2266 2374
1785 2 2 1 1 1624 2789 2790
1786 2 2 1 1 2977 2495 4297
1787 2 2 1 1 2269 2730 3949
1788 2 2 1 1 1152 1143 1643
1789 2 2 1 1 2781 1337 2783
1790 2 2 1 1 3465 1260 4208
1791 2 2 1 1 2516 2517 3738
1792 2 2 1 1 1272 2797 2798
1793 2 2 1 1 2801 3546 3697
1794 2 2 1 1 144 1871 2748
1795 2 2 1 1 2749 1871 2750
1796 2 2 1 1 1335 1337 2781
1797 2 2 1 1 3599 2677 3730
1798 2 2 1 1 1148 1289 1435
1799 2 2 1 1 20 21 335
1800 2 2 1 1 1627 2770 3581
1801 2 2 1 1 2748 2749 2752
1802 2 2 1 1 1624 2790 2791
1803 2 2 1 1 2800 2799 2801
1804 2 2 1 1 1681 1683 1882
1805 2 2 1 1 1683 1682 1684
1806 2 2 1 1 2420 2086 2536
1807 2 2 1 1 3965 2579 3969
1808 2 2 1 1 1624 2791 2797
1809 2 2 1 1 2761 2788 2813
1810 2 2 1 1 2747 1293 3565
1811 2 2 1 1 2843 2829 2880
1812 2 2 1 1 2843 320 3535
1813 2 2 1 1 2791 2794 2797
1814 2 2 1 1 2203 1885 2772
1815 2 2 1 1 1627 1628 2770
1816 2 2 1 1 1400 1604 3533
1817 2 2 1 1 1823 3936 3956
1818 2 2 1 1 2536 2086 2811
1819 2 2 1 1 1624 1279 2789
1820 2 2 1 1 317 2861 3551
1821 2 2 1 1 1102 3711 3748
1822 2 2 1 1 1693 2629 2634
1823 2 2 1 1 1665 2757 2758
1824 2 2 1 1 3676 3023 3727
1825 2 2 1 1 658 2079 2717
1826 2 2 1 1 1665 2758 2813
1827 2 2 1 1 1787 1786 2171
1828 2 2 1 1 2457 2915 2916
1829 2 2 1 1 2615 328 4299
1830 2 2 1 1 2785 2784 2786
1831 2 2 1 1 2690 2407 3977
1832 2 2 1 1 1486 2133 2869
1833 2 2 1 1 1810 1651 3794
1834 2 2 1 1 2237 2236 3639
1835 2 2 1 1 1010 1009 1011
1836 2 2 1 1 2602 1858 2603
1837 2 2 1 1 1088 1087 1089
1838 2 2 1 1 2617 2616 2618
1839 2 2 1 1 2301 2300 2302
1840 2 2 1 1 2749 2750 2751
1841 2 2 1 1 2772 1885 2795
1842 2 2 1 1 2946 1251 2947
1843 2 2 1 1 2869 2133 3767
1844 2 2 1 1 1741 1542 2877
1845 2 2 1 1 1539 466 2877
1846 2 2 1 1 2676 1767 2677
1847 2 2 1 1 1665 2756 2757
1848 2 2 1 1 1762 2379 2756
1849 2 2 1 1 2758 2761 2813
1850 2 2 1 1 953 952 980
1851 2 2 1 1 5 119 329
1852 2 2 1 1 292 234 4291
1853 2 2 1 1 469 1510 2765
1854 2 2 1 1 1472 2763 3512
1855 2 2 1 1 3874 3528 4124
1856 2 2 1 1 1617 2800 2802
1857 2 2 1 1 135 136 2860
1858 2 2 1 1 2218 2934 3908
1859 2 2 1 1 1765 2768 2769
1860 2 2 1 1 253 339 2743
1861 2 2 1 1 2353 4106 4141
1862 2 2 1 1 2344 2747 3565
1863 2 2 1 1 223 293 4073
1864 2 2 1 1 1781 2669 3604
1865 2 2 1 1 1472 2806 2807
1866 2 2 1 1 4107 330 4132
1867 2 2 1 1 283 3802 3863
1868 2 2 1 1 2756 2379 2757
1869 2 2 1 1 1628 1765 2770
1870 2 2 1 1 253 254 339
1871 2 2 1 1 1407 1405 2795
1872 2 2 1 1 3988 2388 4034
1873 2 2 1 1 1737 2774 2775
1874 2 2 1 1 1460 1459 1461
1875 2 2 1 1 1412 1460 1509
1876 2 2 1 1 4218 2162 4239
1877 2 2 1 1 2780 1250 3740
1878 2 2 1 1 220 221 278
1879 2 2 1 1 3656 2417 4277
1880 2 2 1 1 332 2748 2752
1881 2 2 1 1 244 245 296
1882 2 2 1 1 2765 1510 2766
1883 2 2 1 1 2919 1413 4272
1884 2 2 1 1 1670 2221 2805
1885 2 2 1 1 1279 1327 2789
1886 2 2 1 1 1768 1769 1780
1887 2 2 1 1 1781 1780 2667
1888 2 2 1 1 1721 2122 2806
1889 2 2 1 1 1386 1721 2806
1890 2 2 1 1 1737 1331 2774
1891 2 2 1 1 2603 1858 2865
1892 2 2 1 1 1376 1670 2805
1893 2 2 1 1 1349 1762 2756
1894 2 2 1 1 3593 2520 4206
1895 2 2 1 1 144 145 1871
1896 2 2 1 1 1281 3579 3594
1897 2 2 1 1 2778 1734 2779
1898 2 2 1 1 3535 320 3557
1899 2 2 1 1 2096 556 2823
1900 2 2 1 1 992 994 3685
1901 2 2 1 1 604 638 1114
1902 2 2 1 1 1768 1781 3604
1903 2 2 1 1 609 607 610
1904 2 2 1 1 606 609 1296
1905 2 2 1 1 580 581 582
1906 2 2 1 1 1765 1766 2768
1907 2 2 1 1 2848 318 2849
1908 2 2 1 1 578 579 580
1909 2 2 1 1 2758 2757 2759
1910 2 2 1 1 2777 326 3719
1911 2 2 1 1 1001 3847 4308
1912 2 2 1 1 879 859 2881
1913 2 2 1 1 1604 1402 3516
1914 2 2 1 1 332 143 2748
1915 2 2 1 1 874 859 879
1916 2 2 1 1 903 825 3675
1917 2 2 1 1 126 2843 2880
1918 2 2 1 1 2765 2766 3525
1919 2 2 1 1 3545 3595 3602
1920 2 2 1 1 582 583 584
1921 2 2 1 1 254 255 2728
1922 2 2 1 1 1296 2547 3950
1923 2 2 1 1 251 252 1861
1924 2 2 1 1 3851 2360 3927
1925 2 2 1 1 2791 2790 2792
1926 2 2 1 1 134 135 2851
1927 2 2 1 1 2824 323 2825
1928 2 2 1 1 2774 1734 2778
1929 2 2 1 1 130 319 2845
1930 2 2 1 1 133 318 2848
1931 2 2 1 1 2770 2769 2771
1932 2 2 1 1 2599 1036 3689
1933 2 2 1 1 2001 1995 2948
1934 2 2 1 1 942 952 953
1935 2 2 1 1 1382 1472 3512
1936 2 2 1 1 1730 1648 1731
1937 2 2 1 1 2851 135 2860
1938 2 2 1 1 1405 1440 2795
1939 2 2 1 1 2154 2456 2606
1940 2 2 1 1 2806 2122 2807
1941 2 2 1 1 936 935 1016
1942 2 2 1 1 1885 1407 2795
1943 2 2 1 1 2778 2779 2780
1944 2 2 1 1 2358 2400 2508
1945 2 2 1 1 3559 1099 3596
1946 2 2 1 1 2691 338 3717
1947 2 2 1 1 1604 3516 3517
1948 2 2 1 1 1765 2769 2770
1949 2 2 1 1 1774 2140 2410
1950 2 2 1 1 1767 1768 3604
1951 2 2 1 1 219 220 2636
1952 2 2 1 1 2573 2572 2574
1953 2 2 1 1 2797 2794 2798
1954 2 2 1 1 980 952 1153
1955 2 2 1 1 124 323 2824
1956 2 2 1 1 710 2664 3720
1957 2 2 1 1 2379 2378 2560
1958 2 2 1 1 1012 1011 1013
1959 2 2 1 1 1634 1465 2281
1960 2 2 1 1 2829 2843 3535
1961 2 2 1 1 2831 2827 2832
1962 2 2 1 1 1889 1368 2840
1963 2 2 1 1 2724 1099 3616
1964 2 2 1 1 1440 1698 1774
1965 2 2 1 1 1734 1335 2781
1966 2 2 1 1 1368 1369 2840
1967 2 2 1 1 557 563 569
1968 2 2 1 1 563 556 2096
1969 2 2 1 1 2618 2616 2623
1970 2 2 1 1 2726 324 3647
1971 2 2 1 1 1737 2775 2776
1972 2 2 1 1 2609 2608 2610
1973 2 2 1 1 2132 1728 2387
1974 2 2 1 1 2825 2826 2827
1975 2 2 1 1 322 2785 3803
1976 2 2 1 1 2776 2775 2777
1977 2 2 1 1 1886 2408 2818
1978 2 2 1 1 362 360 3588
1979 2 2 1 1 1729 3688 3946
1980 2 2 1 1 2807 2122 2808
1981 2 2 1 1 2562 267 4041
1982 2 2 1 1 2833 2834 2838
1983 2 2 1 1 252 253 2743
1984 2 2 1 1 143 144 2748
1985 2 2 1 1 2459 2461 2462
1986 2 2 1 1 301 2639 4189
1987 2 2 1 1 267 2562 4140
1988 2 2 1 1 1339 1341 1654
1989 2 2 1 1 127 320 2843
1990 2 2 1 1 2758 2759 2760
1991 2 2 1 1 361 469 2765
1992 2 2 1 1 1345 1347 1665
1993 2 2 1 1 1331 1333 2774
1994 2 2 1 1 2235 2876 3533
1995 2 2 1 1 2844 2845 2846
1996 2 2 1 1 1774 1698 2140
1997 2 2 1 1 142 143 332
1998 2 2 1 1 2121 2200 2340
1999 2 2 1 1 2826 323 2880
2000 2 2 1 1 857 974 2815
2001 2 2 1 1 1721 1722 2121
2002 2 2 1 1 1778 1886 2818
2003 2 2 1 1 2410 2140 2498
2004 2 2 1 1 1384 1386 2806
2005 2 2 1 1 2828 2830 2833
2006 2 2 1 1 2825 2827 2831
2007 2 2 1 1 1670 1883 2220
2008 2 2 1 1 2853 2854 2855
2009 2 2 1 1 2775 2774 2778
2010 2 2 1 1 2618 2623 2624
2011 2 2 1 1 2825 323 2826
2012 2 2 1 1 1762 2378 2379
2013 2 2 1 1 2617 2618 2619
2014 2 2 1 1 2849 318 2850
2015 2 2 1 1 1440 1774 2795
2016 2 2 1 1 2802 2800 2803
2017 2 2 1 1 1343 1345 2813
2018 2 2 1 1 2772 2410 2773
2019 2 2 1 1 1333 1734 2774
2020 2 2 1 1 1333 1335 1734
2021 2 2 1 1 3848 3543 4229
2022 2 2 1 1 1400 1402 1604
2023 2 2 1 1 559 554 3648
2024 2 2 1 1 1374 1376 2805
2025 2 2 1 1 2221 2220 2280
2026 2 2 1 1 2829 2826 2880
2027 2 2 1 1 1386 1388 1721
2028 2 2 1 1 108 340 2821
2029 2 2 1 1 2741 2235 3533
2030 2 2 1 1 1382 1384 1472
2031 2 2 1 1 2154 2606 2768
2032 2 2 1 1 2881 2353 4141
2033 2 2 1 1 2505 2280 2736
2034 2 2 1 1 1404 1405 1407
2035 2 2 1 1 1402 1403 1404
2036 2 2 1 1 2850 2852 2853
2037 2 2 1 1 1376 1378 1670
2038 2 2 1 1 1683 1684 1820
2039 2 2 1 1 1684 1682 1685
2040 2 2 1 1 1400 1401 1402
2041 2 2 1 1 2791 2792 2793
2042 2 2 1 1 541 539 2823
2043 2 2 1 1 2235 1722 2876
2044 2 2 1 1 1762 1889 2378
2045 2 2 1 1 2121 1722 2200
2046 2 2 1 1 1372 1374 1678
2047 2 2 1 1 1327 1331 1737
2048 2 2 1 1 1398 1400 3533
2049 2 2 1 1 1345 1665 2813
2050 2 2 1 1 1721 1388 1722
2051 2 2 1 1 1277 1279 1624
2052 2 2 1 1 2827 2826 2828
2053 2 2 1 1 2220 1883 2265
2054 2 2 1 1 1472 1384 2806
2055 2 2 1 1 3595 2747 3602
2056 2 2 1 1 2803 2800 3697
2057 2 2 1 1 1727 2128 2422
2058 2 2 1 1 1777 1407 1778
2059 2 2 1 1 1347 1349 2756
2060 2 2 1 1 1272 1277 2797
2061 2 2 1 1 1670 1378 1883
2062 2 2 1 1 1665 1347 2756
2063 2 2 1 1 1414 1676 2236
2064 2 2 1 1 1349 1368 1762
2065 2 2 1 1 1722 1388 2876
2066 2 2 1 1 1404 1403 1405
2067 2 2 1 1 1277 1624 2797
2068 2 2 1 1 2465 2001 2948
2069 2 2 1 1 1995 1994 2948
2070 2 2 1 1 2855 2854 2856
2071 2 2 1 1 1402 1401 1403
2072 2 2 1 1 2833 2830 2834
2073 2 2 1 1 1886 2203 2279
2074 2 2 1 1 1678 1374 2805
2075 2 2 1 1 2170 2822 4085
2076 2 2 1 1 2229 1778 2818
2077 2 2 1 1 1778 1885 1886
2078 2 2 1 1 2301 2302 2303
2079 2 2 1 1 2302 2300 2310
2080 2 2 1 1 2853 2852 2854
2081 2 2 1 1 1268 1270 1617
2082 2 2 1 1 1774 2410 2772
2083 2 2 1 1 1369 1372 2840
2084 2 2 1 1 1794 2495 2977
2085 2 2 1 1 1793 1794 2977
2086 2 2 1 1 974 1261 2815
2087 2 2 1 1 2821 340 2822
2088 2 2 1 1 106 294 2842
2089 2 2 1 1 539 1613 2823
2090 2 2 1 1 1261 1263 1750
2091 2 2 1 1 2798 2794 2799
2092 2 2 1 1 1883 1378 3512
2093 2 2 1 1 2763 1883 3512
2094 2 2 1 1 578 580 3732
2095 2 2 1 1 123 124 2824
2096 2 2 1 1 857 2815 3549
2097 2 2 1 1 121 122 327
2098 2 2 1 1 1482 2796 3553
2099 2 2 1 1 2344 2346 2747
2100 2 2 1 1 320 128 2844
2101 2 2 1 1 1327 1737 2789
2102 2 2 1 1 2378 1889 2380
2103 2 2 1 1 2844 129 2845
2104 2 2 1 1 1886 1885 2203
2105 2 2 1 1 1670 2220 2221
2106 2 2 1 1 319 131 2847
2107 2 2 1 1 1721 2121 2122
2108 2 2 1 1 2847 132 2848
2109 2 2 1 1 124 125 323
2110 2 2 1 1 2621 2619 2622
2111 2 2 1 1 1404 1407 1777
2112 2 2 1 1 1261 1750 2815
2113 2 2 1 1 1777 1778 2229
2114 2 2 1 1 2221 2280 2505
2115 2 2 1 1 3699 2476 4235
2116 2 2 1 1 1762 1368 1889
2117 2 2 1 1 2229 2818 2819
2118 2 2 1 1 2862 2863 2864
2119 2 2 1 1 1778 1407 1885
2120 2 2 1 1 1461 1459 1845
2121 2 2 1 1 1460 1461 1625
2122 2 2 1 1 317 137 2863
2123 2 2 1 1 1774 2772 2795
2124 2 2 1 1 126 127 2843
2125 2 2 1 1 3517 2230 3518
2126 2 2 1 1 2789 2776 2790
2127 2 2 1 1 2766 1510 2767
2128 2 2 1 1 2200 2235 2409
2129 2 2 1 1 1781 2667 2668
2130 2 2 1 1 2409 2741 2742
2131 2 2 1 1 1283 1444 2868
2132 2 2 1 1 2632 1840 2633
2133 2 2 1 1 1628 1764 1765
2134 2 2 1 1 129 130 2845
2135 2 2 1 1 127 128 320
2136 2 2 1 1 132 133 2848
2137 2 2 1 1 130 131 319
2138 2 2 1 1 133 134 318
2139 2 2 1 1 136 137 317
2140 2 2 1 1 139 140 316
2141 2 2 1 1 2408 2279 2526
2142 2 2 1 1 318 134 2851
2143 2 2 1 1 294 107 2821
2144 2 2 1 1 609 610 611
2145 2 2 1 1 1372 1678 2840
2146 2 2 1 1 1886 2279 2408
2147 2 2 1 1 2599 3689 3755
2148 2 2 1 1 1398 1399 1400
2149 2 2 1 1 2801 2799 3726
2150 2 2 1 1 116 117 328
2151 2 2 1 1 475 907 2882
2152 2 2 1 1 2265 2763 2764
2153 2 2 1 1 2510 2645 2647
2154 2 2 1 1 2786 2784 2787
2155 2 2 1 1 1102 3583 3711
2156 2 2 1 1 1386 1387 1388
2157 2 2 1 1 1384 1385 1386
2158 2 2 1 1 113 114 324
2159 2 2 1 1 1400 1399 1401
2160 2 2 1 1 1727 2422 3704
2161 2 2 1 1 1382 1383 1384
2162 2 2 1 1 108 109 340
2163 2 2 1 1 106 107 294
2164 2 2 1 1 110 111 297
2165 2 2 1 1 1016 935 1077
2166 2 2 1 1 936 1016 1017
2167 2 2 1 1 1389 1397 1398
2168 2 2 1 1 1444 1720 2868
2169 2 2 1 1 940 941 942
2170 2 2 1 1 4091 2532 4109
2171 2 2 1 1 337 3631 3892
2172 2 2 1 1 128 129 2844
2173 2 2 1 1 1376 1377 1378
2174 2 2 1 1 1293 3555 3565
2175 2 2 1 1 2573 2574 2575
2176 2 2 1 1 980 1153 1154
2177 2 2 1 1 1343 1344 1345
2178 2 2 1 1 2218 3908 3947
2179 2 2 1 1 1374 1375 1376
2180 2 2 1 1 131 132 2847
2181 2 2 1 1 1341 1342 1343
2182 2 2 1 1 569 563 720
2183 2 2 1 1 2779 2781 2782
2184 2 2 1 1 2856 2857 2858
2185 2 2 1 1 2121 2340 3571
2186 2 2 1 1 2387 1728 2513
2187 2 2 1 1 2508 2509 2510
2188 2 2 1 1 2850 2851 2852
2189 2 2 1 1 342 105 2842
2190 2 2 1 1 137 138 2863
2191 2 2 1 1 1372 1373 1374
2192 2 2 1 1 1339 1340 1341
2193 2 2 1 1 2462 2461 2463
2194 2 2 1 1 1720 2342 2868
2195 2 2 1 1 2408 2526 2696
2196 2 2 1 1 1345 1346 1347
2197 2 2 1 1 1337 1338 1339
2198 2 2 1 1 2405 2404 2546
2199 2 2 1 1 1379 1381 1382
2200 2 2 1 1 1766 2154 2768
2201 2 2 1 1 3555 2868 3565
2202 2 2 1 1 107 108 2821
2203 2 2 1 1 874 879 880
2204 2 2 1 1 1710 2151 3705
2205 2 2 1 1 2342 2343 2344
2206 2 2 1 1 2834 2835 2836
2207 2 2 1 1 1820 1684 1834
2208 2 2 1 1 1389 1398 2876
2209 2 2 1 1 907 985 2882
2210 2 2 1 1 1510 475 2882
2211 2 2 1 1 1347 1348 1349
2212 2 2 1 1 1764 1763 2810
2213 2 2 1 1 1720 2341 2342
2214 2 2 1 1 105 106 2842
2215 2 2 1 1 2828 2829 2830
2216 2 2 1 1 1115 850 2866
2217 2 2 1 1 118 5 1875
2218 2 2 1 1 280 2701 2702
2219 2 2 1 1 2303 2302 2304
2220 2 2 1 1 2301 2303 2375
2221 2 2 1 1 1335 1336 1337
2222 2 2 1 1 1349 1350 1368
2223 2 2 1 1 1893 470 2878
2224 2 2 1 1 104 342 2875
2225 2 2 1 1 1369 1371 1372
2226 2 2 1 1 1728 1707 3644
2227 2 2 1 1 1737 2776 2789
2228 2 2 1 1 156 157 1862
2229 2 2 1 1 1625 1461 1626
2230 2 2 1 1 1261 1262 1263
2231 2 2 1 1 104 105 342
2232 2 2 1 1 1268 1269 1270
2233 2 2 1 1 1263 1264 1268
2234 2 2 1 1 1781 2668 2669
2235 2 2 1 1 1879 2216 3873
2236 2 2 1 1 1270 1271 1272
2237 2 2 1 1 2200 1722 2235
2238 2 2 1 1 1379 1382 3512
2239 2 2 1 1 2344 2345 2346
2240 2 2 1 1 611 610 612
2241 2 2 1 1 2630 3629 3852
2242 2 2 1 1 2866 850 2885
2243 2 2 1 1 2767 1510 2882
2244 2 2 1 1 1016 1077 1274
2245 2 2 1 1 936 1017 1018
2246 2 2 1 1 1293 2747 3595
2247 2 2 1 1 2409 2235 2741
2248 2 2 1 1 2573 2575 2576
2249 2 2 1 1 2575 2574 2577
2250 2 2 1 1 980 1154 1365
2251 2 2 1 1 1272 1273 1277
2252 2 2 1 1 569 720 724
2253 2 2 1 1 2387 2513 2514
2254 2 2 1 1 470 363 2878
2255 2 2 1 1 248 249 3524
2256 2 2 1 1 1621 1615 2100
2257 2 2 1 1 1820 1834 2392
2258 2 2 1 1 3527 2773 4256
2259 2 2 1 1 1440 1512 1698
2260 2 2 1 1 3579 2096 3594
2261 2 2 1 1 194 195 279
2262 2 2 1 1 2303 2304 2305
2263 2 2 1 1 1625 1626 1848
2264 2 2 1 1 2669 2668 2670
2265 2 2 1 1 323 125 2880
2266 2 2 1 1 1333 1334 1335
2267 2 2 1 1 611 612 613
2268 2 2 1 1 612 610 1351
2269 2 2 1 1 974 1075 1261
2270 2 2 1 1 2779 1734 2781
2271 2 2 1 1 1018 1017 1019
2272 2 2 1 1 1274 1077 1275
2273 2 2 1 1 1279 1326 1327
2274 2 2 1 1 2575 2577 2578
2275 2 2 1 1 2663 2474 4316
2276 2 2 1 1 1365 1154 1366
2277 2 2 1 1 1777 2229 2230
2278 2 2 1 1 724 720 746
2279 2 2 1 1 103 104 2875
2280 2 2 1 1 858 2353 2881
2281 2 2 1 1 859 858 2881
2282 2 2 1 1 364 1155 2878
2283 2 2 1 1 2392 1834 2394
2284 2 2 1 1 1820 2392 2393
2285 2 2 1 1 576 577 578
2286 2 2 1 1 2305 2304 2306
2287 2 2 1 1 1848 1626 1849
2288 2 2 1 1 1625 1848 1852
2289 2 2 1 1 2670 2668 2698
2290 2 2 1 1 611 613 894
2291 2 2 1 1 613 612 614
2292 2 2 1 1 2620 2619 2621
2293 2 2 1 1 1857 1607 2272
2294 2 2 1 1 1274 1275 1467
2295 2 2 1 1 1019 1017 1048
2296 2 2 1 1 1018 1019 1020
2297 2 2 1 1 2578 2577 2580
2298 2 2 1 1 1366 1154 1614
2299 2 2 1 1 1365 1366 1437
2300 2 2 1 1 746 720 747
2301 2 2 1 1 1277 1278 1279
2302 2 2 1 1 2265 1883 2763
2303 2 2 1 1 2394 1834 2416
2304 2 2 1 1 1327 1330 1331
2305 2 2 1 1 2305 2306 2308
2306 2 2 1 1 368 371 2884
2307 2 2 1 1 1849 1626 1850
2308 2 2 1 1 1852 1848 2429
2309 2 2 1 1 2670 2698 2699
2310 2 2 1 1 613 614 615
2311 2 2 1 1 1274 1467 2088
2312 2 2 1 1 1467 1275 1468
2313 2 2 1 1 1020 1019 1021
2314 2 2 1 1 371 1894 2884
2315 2 2 1 1 2578 2580 2581
2316 2 2 1 1 1365 1437 2178
2317 2 2 1 1 1437 1366 1438
2318 2 2 1 1 746 747 822
2319 2 2 1 1 3462 2888 3508
2320 2 2 1 1 366 368 2884
2321 2 2 1 1 2305 2308 2406
2322 2 2 1 1 2308 2306 2309
2323 2 2 1 1 467 369 2883
2324 2 2 1 1 1852 2429 2430
2325 2 2 1 1 1849 1850 1851
2326 2 2 1 1 2888 2883 3508
2327 2 2 1 1 615 614 616
2328 2 2 1 1 2240 3462 3508
2329 2 2 1 1 1020 1021 1022
2330 2 2 1 1 1468 1275 1636
2331 2 2 1 1 2088 1467 2089
2332 2 2 1 1 467 2883 2888
2333 2 2 1 1 2581 2580 2582
2334 2 2 1 1 2178 1437 2432
2335 2 2 1 1 822 747 823
2336 2 2 1 1 369 367 2883
2337 2 2 1 1 3177 3176 3477
2338 2 2 1 1 3474 3132 3497
2339 2 2 1 1 1204 2887 3210
2340 2 2 1 1 3289 3491 3505
2341 2 2 1 1 3164 3177 3477
2342 2 2 1 1 3498 2073 3500
2343 2 2 1 1 2887 2069 3210
2344 2 2 1 1 2309 2306 2391
2345 2 2 1 1 2406 2308 2407
2346 2 2 1 1 3303 3498 3500
2347 2 2 1 1 3473 3194 3492
2348 2 2 1 1 1429 3496 3506
2349 2 2 1 1 1852 2430 2431
2350 2 2 1 1 1849 1851 1864
2351 2 2 1 1 3454 3482 3488
2352 2 2 1 1 615 616 617
2353 2 2 1 1 2088 2089 2090
2354 2 2 1 1 1022 1021 1023
2355 2 2 1 1 1468 1636 1637
2356 2 2 1 1 1020 1022 1320
2357 2 2 1 1 3485 1479 3493
2358 2 2 1 1 3210 3487 3490
2359 2 2 1 1 2581 2582 2583
2360 2 2 1 1 3176 1238 3477
2361 2 2 1 1 822 823 888
2362 2 2 1 1 823 747 1281
2363 2 2 1 1 3487 3090 3490
2364 2 2 1 1 3476 3086 3480
2365 2 2 1 1 3167 1238 3473
2366 2 2 1 1 848 983 2885
2367 2 2 1 1 850 848 2885
2368 2 2 1 1 1238 3167 3477
2369 2 2 1 1 3481 3207 3483
2370 2 2 1 1 723 3474 3497
2371 2 2 1 1 2406 2407 2644
2372 2 2 1 1 2309 2391 2453
2373 2 2 1 1 1015 472 2888
2374 2 2 1 1 472 467 2888
2375 2 2 1 1 1864 1851 1865
2376 2 2 1 1 3167 3473 3492
2377 2 2 1 1 2885 983 2886
2378 2 2 1 1 617 616 623
2379 2 2 1 1 2264 3501 3502
2380 2 2 1 1 3177 3164 3479
2381 2 2 1 1 1468 1637 1638
2382 2 2 1 1 1023 1021 1473
2383 2 2 1 1 2090 2089 2123
2384 2 2 1 1 1022 1023 1024
2385 2 2 1 1 2581 2583 2584
2386 2 2 1 1 822 888 895
2387 2 2 1 1 888 823 889
2388 2 2 1 1 3501 737 3502
2389 2 2 1 1 2890 2891 2894
2390 2 2 1 1 2309 2453 2525
2391 2 2 1 1 2644 2407 2690
2392 2 2 1 1 464 1513 2890
2393 2 2 1 1 1061 1295 2893
2394 2 2 1 1 2890 1513 2891
2395 2 2 1 1 1865 1851 1866
2396 2 2 1 1 623 616 624
2397 2 2 1 1 617 623 625
2398 2 2 1 1 1015 2888 3462
2399 2 2 1 1 2090 2123 2182
2400 2 2 1 1 1024 1023 1025
2401 2 2 1 1 1638 1637 1639
2402 2 2 1 1 2584 2583 2585
2403 2 2 1 1 888 889 978
2404 2 2 1 1 623 627 3461
2405 2 2 1 1 984 1061 2893
2406 2 2 1 1 370 464 2890
2407 2 2 1 1 481 483 3459
2408 2 2 1 1 3490 3090 3494
2409 2 2 1 1 468 473 2895
2410 2 2 1 1 2891 1513 2892
2411 2 2 1 1 1865 1866 2282
2412 2 2 1 1 623 624 627
2413 2 2 1 1 617 625 626
2414 2 2 1 1 2895 481 3459
2415 2 2 1 1 2090 2182 2183
2416 2 2 1 1 1639 1637 1738
2417 2 2 1 1 1024 1025 1026
2418 2 2 1 1 1638 1639 1842
2419 2 2 1 1 473 481 2895
2420 2 2 1 1 2585 2583 2586
2421 2 2 1 1 1513 468 2895
2422 2 2 1 1 978 889 979
2423 2 2 1 1 483 1156 3459
2424 2 2 1 1 398 374 2894
2425 2 2 1 1 2282 1866 2284
2426 2 2 1 1 1865 2282 2283
2427 2 2 1 1 625 623 3461
2428 2 2 1 1 626 625 629
2429 2 2 1 1 627 624 628
2430 2 2 1 1 2892 1513 2895
2431 2 2 1 1 1026 1025 1027
2432 2 2 1 1 1639 1738 1739
2433 2 2 1 1 1638 1842 2083
2434 2 2 1 1 979 889 1034
2435 2 2 1 1 374 372 2894
2436 2 2 1 1 375 465 2896
2437 2 2 1 1 2284 1866 2499
2438 2 2 1 1 626 629 630
2439 2 2 1 1 627 628 632
2440 2 2 1 1 1027 1025 1443
2441 2 2 1 1 1739 1738 1758
2442 2 2 1 1 2083 1842 2222
2443 2 2 1 1 1026 1027 1028
2444 2 2 1 1 979 1034 1035
2445 2 2 1 1 373 375 2896
2446 2 2 1 1 3455 3242 3456
2447 2 2 1 1 2284 2499 2598
2448 2 2 1 1 630 629 634
2449 2 2 1 1 632 628 633
2450 2 2 1 1 627 632 1598
2451 2 2 1 1 1028 1027 1029
2452 2 2 1 1 1739 1758 1759
2453 2 2 1 1 1758 1738 2426
2454 2 2 1 1 2222 1842 2563
2455 2 2 1 1 1026 1028 1107
2456 2 2 1 1 979 1035 1036
2457 2 2 1 1 1038 1035 3451
2458 2 2 1 1 1035 1034 3451
2459 2 2 1 1 632 633 636
2460 2 2 1 1 630 634 635
2461 2 2 1 1 633 628 1101
2462 2 2 1 1 634 629 893
2463 2 2 1 1 1759 1758 1760
2464 2 2 1 1 1739 1759 2117
2465 2 2 1 1 1028 1029 1030
2466 2 2 1 1 1036 1035 1037
2467 2 2 1 1 758 478 2897
2468 2 2 1 1 1161 378 2898
2469 2 2 1 1 1161 2898 2899
2470 2 2 1 1 630 635 1053
2471 2 2 1 1 636 633 637
2472 2 2 1 1 635 634 639
2473 2 2 1 1 1030 1029 1031
2474 2 2 1 1 1759 1760 1761
2475 2 2 1 1 1037 1035 1038
2476 2 2 1 1 378 376 2898
2477 2 2 1 1 478 477 2897
2478 2 2 1 1 2905 2907 3421
2479 2 2 1 1 2907 2937 3421
2480 2 2 1 1 1166 1164 2952
2481 2 2 1 1 381 463 3009
2482 2 2 1 1 2146 1661 2901
2483 2 2 1 1 1169 2904 2909
2484 2 2 1 1 1232 2903 2992
2485 2 2 1 1 1161 2899 2991
2486 2 2 1 1 636 637 641
2487 2 2 1 1 635 639 640
2488 2 2 1 1 2903 1232 3008
2489 2 2 1 1 2910 3008 3338
2490 2 2 1 1 2256 3424 3426
2491 2 2 1 1 1354 1166 2952
2492 2 2 1 1 1164 1169 2952
2493 2 2 1 1 2960 2929 3061
2494 2 2 1 1 1031 1029 1415
2495 2 2 1 1 1030 1031 1065
2496 2 2 1 1 1761 1760 1826
2497 2 2 1 1 2910 1097 2928
2498 2 2 1 1 1097 2910 3338
2499 2 2 1 1 463 2204 3009
2500 2 2 1 1 379 381 3009
2501 2 2 1 1 3008 1232 3338
2502 2 2 1 1 2900 379 3009
2503 2 2 1 1 1037 1038 1039
2504 2 2 1 1 1661 1505 2901
2505 2 2 1 1 3038 2243 3412
2506 2 2 1 1 377 379 2900
2507 2 2 1 1 2904 1169 2911
2508 2 2 1 1 1169 2909 2952
2509 2 2 1 1 2241 2911 2925
2510 2 2 1 1 3424 1038 3426
2511 2 2 1 1 2909 2905 3421
2512 2 2 1 1 2218 2933 2934
2513 2 2 1 1 862 840 3374
2514 2 2 1 1 1000 3038 3412
2515 2 2 1 1 2909 3421 3431
2516 2 2 1 1 2917 3048 3401
2517 2 2 1 1 2920 862 3374
2518 2 2 1 1 1000 2912 3038
2519 2 2 1 1 913 915 3321
2520 2 2 1 1 3048 1998 3401
2521 2 2 1 1 910 2960 3061
2522 2 2 1 1 864 862 2920
2523 2 2 1 1 918 2917 3047
2524 2 2 1 1 2917 2244 3047
2525 2 2 1 1 2149 2979 2980
2526 2 2 1 1 3347 1227 3414
2527 2 2 1 1 1970 1972 3406
2528 2 2 1 1 2928 1097 3381
2529 2 2 1 1 1996 3114 3115
2530 2 2 1 1 2241 2904 2911
2531 2 2 1 1 3045 1997 3098
2532 2 2 1 1 916 914 3381
2533 2 2 1 1 1968 1970 3099
2534 2 2 1 1 2218 933 2933
2535 2 2 1 1 2952 2909 3431
2536 2 2 1 1 1974 1976 3126
2537 2 2 1 1 1000 864 2920
2538 2 2 1 1 1997 3045 3123
2539 2 2 1 1 2912 1000 2920
2540 2 2 1 1 1896 3340 3393
2541 2 2 1 1 2149 2978 2979
2542 2 2 1 1 3099 1970 3406
2543 2 2 1 1 842 2967 2968
2544 2 2 1 1 2942 2957 3003
2545 2 2 1 1 1751 1723 2978
2546 2 2 1 1 915 2950 3321
2547 2 2 1 1 2917 918 3048
2548 2 2 1 1 2925 2911 3002
2549 2 2 1 1 3098 1997 3099
2550 2 2 1 1 2897 1157 3033
2551 2 2 1 1 1514 2241 2925
2552 2 2 1 1 915 917 2950
2553 2 2 1 1 1795 2405 2914
2554 2 2 1 1 1039 1038 3424
2555 2 2 1 1 1997 1968 3099
2556 2 2 1 1 3045 2973 3123
2557 2 2 1 1 917 998 2950
2558 2 2 1 1 933 913 3321
2559 2 2 1 1 2921 1358 2922
2560 2 2 1 1 3082 3342 3396
2561 2 2 1 1 3342 2995 3396
2562 2 2 1 1 3114 1996 3126
2563 2 2 1 1 2228 2161 3379
2564 2 2 1 1 1358 2921 3158
2565 2 2 1 1 640 639 653
2566 2 2 1 1 3061 2929 3381
2567 2 2 1 1 445 442 3299
2568 2 2 1 1 1224 2971 3199
2569 2 2 1 1 641 637 642
2570 2 2 1 1 2933 933 3321
2571 2 2 1 1 2959 2929 2960
2572 2 2 1 1 2941 2942 3003
2573 2 2 1 1 1323 1896 3393
2574 2 2 1 1 2243 2960 3412
2575 2 2 1 1 998 2949 2950
2576 2 2 1 1 1976 1998 3126
2577 2 2 1 1 2926 2246 2987
2578 2 2 1 1 1172 2970 3044
2579 2 2 1 1 2149 1751 2978
2580 2 2 1 1 1975 2163 2943
2581 2 2 1 1 1826 1760 2162
2582 2 2 1 1 3340 1058 3393
2583 2 2 1 1 1030 1065 1235
2584 2 2 1 1 1761 1826 1827
2585 2 2 1 1 2918 2330 2919
2586 2 2 1 1 1097 916 3381
2587 2 2 1 1 1998 3048 3414
2588 2 2 1 1 1065 1031 1066
2589 2 2 1 1 2971 2967 3199
2590 2 2 1 1 2970 2973 3044
2591 2 2 1 1 1043 1046 3205
2592 2 2 1 1 1172 2969 2970
2593 2 2 1 1 1815 2330 2918
2594 2 2 1 1 1455 1499 2941
2595 2 2 1 1 1037 1039 1040
2596 2 2 1 1 2927 2247 2987
2597 2 2 1 1 840 839 3374
2598 2 2 1 1 1996 1974 3126
2599 2 2 1 1 2929 2928 3381
2600 2 2 1 1 2973 881 3044
2601 2 2 1 1 2987 2246 3340
2602 2 2 1 1 2968 2969 3144
2603 2 2 1 1 2949 998 2951
2604 2 2 1 1 914 3061 3381
2605 2 2 1 1 3264 3098 3339
2606 2 2 1 1 1046 2246 3205
2607 2 2 1 1 3047 2244 3373
2608 2 2 1 1 1999 2917 3401
2609 2 2 1 1 3373 2244 3378
2610 2 2 1 1 2967 2965 2968
2611 2 2 1 1 443 2924 3299
2612 2 2 1 1 1972 1996 3406
2613 2 2 1 1 2969 1172 3144
2614 2 2 1 1 842 2968 3144
2615 2 2 1 1 532 535 3369
2616 2 2 1 1 1723 2080 2978
2617 2 2 1 1 2922 1358 3299
2618 2 2 1 1 2911 1163 3002
2619 2 2 1 1 1977 1975 2943
2620 2 2 1 1 2967 842 3199
2621 2 2 1 1 718 536 3665
2622 2 2 1 1 2243 2010 2959
2623 2 2 1 1 2961 1282 3058
2624 2 2 1 1 3082 3083 3342
2625 2 2 1 1 456 2938 3193
2626 2 2 1 1 2953 2955 2956
2627 2 2 1 1 2286 1543 3335
2628 2 2 1 1 1965 2972 3284
2629 2 2 1 1 2910 2018 3008
2630 2 2 1 1 1724 1424 2926
2631 2 2 1 1 2965 2963 2968
2632 2 2 1 1 839 3047 3373
2633 2 2 1 1 2010 2012 2959
2634 2 2 1 1 1267 3100 3329
2635 2 2 1 1 881 2973 3045
2636 2 2 1 1 2246 1058 3340
2637 2 2 1 1 1358 445 3299
2638 2 2 1 1 1724 2926 2987
2639 2 2 1 1 2246 2926 3205
2640 2 2 1 1 2247 2927 2940
2641 2 2 1 1 3113 882 3115
2642 2 2 1 1 2018 2020 3008
2643 2 2 1 1 453 451 3193
2644 2 2 1 1 1455 2941 3003
2645 2 2 1 1 1898 1900 2951
2646 2 2 1 1 794 792 3277
2647 2 2 1 1 1901 2551 2939
2648 2 2 1 1 1613 537 3023
2649 2 2 1 1 442 443 3299
2650 2 2 1 1 2660 3375 3402
2651 2 2 1 1 2161 2938 3379
2652 2 2 1 1 471 391 3341
2653 2 2 1 1 3098 3099 3339
2654 2 2 1 1 2049 2596 2931
2655 2 2 1 1 2921 2228 3379
2656 2 2 1 1 1282 2961 3089
2657 2 2 1 1 3293 1806 3371
2658 2 2 1 1 2962 2963 2965
2659 2 2 1 1 503 510 2990
2660 2 2 1 1 535 1555 3369
2661 2 2 1 1 2256 1582 3411
2662 2 2 1 1 3372 2190 3399
2663 2 2 1 1 547 527 2993
2664 2 2 1 1 819 3095 3283
2665 2 2 1 1 2971 1224 3407
2666 2 2 1 1 3216 3384 3392
2667 2 2 1 1 2973 2972 3123
2668 2 2 1 1 3058 1282 3193
2669 2 2 1 1 3150 3075 3337
2670 2 2 1 1 882 3264 3339
2671 2 2 1 1 3082 500 3083
2672 2 2 1 1 2982 2983 2985
2673 2 2 1 1 2993 2994 2996
2674 2 2 1 1 537 534 3023
2675 2 2 1 1 1506 1488 3389
2676 2 2 1 1 1451 1659 2953
2677 2 2 1 1 1499 1772 2941
2678 2 2 1 1 502 500 3082
2679 2 2 1 1 2953 1659 2954
2680 2 2 1 1 3048 3347 3414
2681 2 2 1 1 1413 1355 3370
2682 2 2 1 1 831 3014 3043
2683 2 2 1 1 1958 1979 2962
2684 2 2 1 1 3018 3019 3020
2685 2 2 1 1 1844 1579 2997
2686 2 2 1 1 1984 3075 3076
2687 2 2 1 1 3100 2042 3329
2688 2 2 1 1 2243 2959 2960
2689 2 2 1 1 510 1170 2990
2690 2 2 1 1 527 525 2993
2691 2 2 1 1 1949 2193 2988
2692 2 2 1 1 1311 1514 2925
2693 2 2 1 1 987 1232 2992
2694 2 2 1 1 1660 1795 2914
2695 2 2 1 1 2271 2660 3402
2696 2 2 1 1 2997 2998 3000
2697 2 2 1 1 3095 3094 3283
2698 2 2 1 1 1909 934 3361
2699 2 2 1 1 3074 3333 3363
2700 2 2 1 1 2949 2245 2950
2701 2 2 1 1 3158 2921 3379
2702 2 2 1 1 2935 1709 2937
2703 2 2 1 1 1996 3115 3406
2704 2 2 1 1 1902 2245 2949
2705 2 2 1 1 1052 2925 3002
2706 2 2 1 1 1984 3076 3091
2707 2 2 1 1 684 3004 3041
2708 2 2 1 1 2913 3373 3378
2709 2 2 1 1 1900 2949 2951
2710 2 2 1 1 496 494 3306
2711 2 2 1 1 1355 1704 3370
2712 2 2 1 1 2938 456 3379
2713 2 2 1 1 1579 1577 2997
2714 2 2 1 1 2047 1578 3006
2715 2 2 1 1 3042 3041 3315
2716 2 2 1 1 841 821 3358
2717 2 2 1 1 3115 882 3339
2718 2 2 1 1 1826 2162 2424
2719 2 2 1 1 640 653 654
2720 2 2 1 1 641 642 643
2721 2 2 1 1 1224 794 3277
2722 2 2 1 1 1983 3150 3337
2723 2 2 1 1 547 2993 2996
2724 2 2 1 1 1757 2167 2974
2725 2 2 1 1 3075 1984 3337
2726 2 2 1 1 3016 1983 3232
2727 2 2 1 1 387 389 3286
2728 2 2 1 1 1488 1668 3389
2729 2 2 1 1 2960 910 3412
2730 2 2 1 1 2984 1867 3349
2731 2 2 1 1 2972 1965 3123
2732 2 2 1 1 1225 496 3306
2733 2 2 1 1 2938 3058 3193
2734 2 2 1 1 1282 453 3193
2735 2 2 1 1 1806 1567 3371
2736 2 2 1 1 451 456 3193
2737 2 2 1 1 1983 3016 3150
2738 2 2 1 1 2961 3004 3089
2739 2 2 1 1 3026 471 3341
2740 2 2 1 1 2962 1979 2963
2741 2 2 1 1 1815 2199 2330
2742 2 2 1 1 3028 3029 3031
2743 2 2 1 1 998 920 3070
2744 2 2 1 1 839 3373 3374
2745 2 2 1 1 3014 831 3127
2746 2 2 1 1 1267 3375 3404
2747 2 2 1 1 3094 1216 3283
2748 2 2 1 1 382 380 3101
2749 2 2 1 1 2951 998 3070
2750 2 2 1 1 878 803 3024
2751 2 2 1 1 2244 2000 3378
2752 2 2 1 1 391 393 3341
2753 2 2 1 1 2250 2249 3366
2754 2 2 1 1 1518 383 3287
2755 2 2 1 1 1708 1709 2935
2756 2 2 1 1 1934 1936 3091
2757 2 2 1 1 2969 2964 2970
2758 2 2 1 1 1796 2146 2147
2759 2 2 1 1 531 547 3313
2760 2 2 1 1 2049 2595 2596
2761 2 2 1 1 2907 2906 2908
2762 2 2 1 1 3004 1912 3041
2763 2 2 1 1 2988 2193 2989
2764 2 2 1 1 1951 1949 2988
2765 2 2 1 1 1937 1993 3028
2766 2 2 1 1 803 805 3024
2767 2 2 1 1 1514 1822 2241
2768 2 2 1 1 1844 2997 3000
2769 2 2 1 1 2080 2248 2740
2770 2 2 1 1 2972 2964 3284
2771 2 2 1 1 1576 2047 3005
2772 2 2 1 1 1753 2136 2981
2773 2 2 1 1 1818 2390 2975
2774 2 2 1 1 3343 2984 3349
2775 2 2 1 1 1608 2142 3087
2776 2 2 1 1 792 831 3277
2777 2 2 1 1 1065 1066 1286
2778 2 2 1 1 1796 2147 2930
2779 2 2 1 1 1805 2401 3001
2780 2 2 1 1 1898 2951 3071
2781 2 2 1 1 2012 2015 2959
2782 2 2 1 1 2016 2910 2928
2783 2 2 1 1 1233 865 3383
2784 2 2 1 1 2190 2447 3399
2785 2 2 1 1 814 882 3113
2786 2 2 1 1 1956 1958 2962
2787 2 2 1 1 817 814 3113
2788 2 2 1 1 920 944 3070
2789 2 2 1 1 515 719 3288
2790 2 2 1 1 3102 3042 3315
2791 2 2 1 1 1586 1867 2982
2792 2 2 1 1 2982 1867 2983
2793 2 2 1 1 380 1161 3101
2794 2 2 1 1 2080 2740 2978
2795 2 2 1 1 1574 1576 3005
2796 2 2 1 1 2963 2964 2969
2797 2 2 1 1 1223 3112 3217
2798 2 2 1 1 1168 1166 1354
2799 2 2 1 1 1610 1608 3087
2800 2 2 1 1 2904 2905 2909
2801 2 2 1 1 1962 1965 3284
2802 2 2 1 1 1173 3015 3127
2803 2 2 1 1 1227 3114 3414
2804 2 2 1 1 2011 2009 3364
2805 2 2 1 1 501 503 2990
2806 2 2 1 1 798 796 3199
2807 2 2 1 1 1572 2046 3124
2808 2 2 1 1 1578 1580 3006
2809 2 2 1 1 504 507 3234
2810 2 2 1 1 1823 1508 3397
2811 2 2 1 1 1804 3372 3399
2812 2 2 1 1 1515 1033 3102
2813 2 2 1 1 505 504 3234
2814 2 2 1 1 1323 1502 1664
2815 2 2 1 1 1323 1664 1896
2816 2 2 1 1 1514 1821 1822
2817 2 2 1 1 1939 1937 3028
2818 2 2 1 1 3073 3150 3327
2819 2 2 1 1 1736 2095 3331
2820 2 2 1 1 1267 390 3375
2821 2 2 1 1 1224 3277 3407
2822 2 2 1 1 2163 1973 3018
2823 2 2 1 1 3114 3113 3115
2824 2 2 1 1 3004 684 3089
2825 2 2 1 1 1723 1424 1724
2826 2 2 1 1 831 3043 3277
2827 2 2 1 1 3010 3011 3012
2828 2 2 1 1 1045 1052 3002
2829 2 2 1 1 1801 1582 2256
2830 2 2 1 1 1936 1984 3091
2831 2 2 1 1 1963 2377 3323
2832 2 2 1 1 2163 3018 3020
2833 2 2 1 1 795 797 3254
2834 2 2 1 1 2080 2247 2248
2835 2 2 1 1 3015 3014 3127
2836 2 2 1 1 1570 1572 3124
2837 2 2 1 1 419 422 3160
2838 2 2 1 1 1508 1474 3397
2839 2 2 1 1 1948 1981 3010
2840 2 2 1 1 2924 2922 3299
2841 2 2 1 1 2020 2397 2903
2842 2 2 1 1 2352 3293 3371
2843 2 2 1 1 3013 3016 3232
2844 2 2 1 1 881 3045 3097
2845 2 2 1 1 1515 3102 3315
2846 2 2 1 1 1985 1934 3091
2847 2 2 1 1 3076 3074 3363
2848 2 2 1 1 2927 1897 2940
2849 2 2 1 1 1216 3094 3363
2850 2 2 1 1 2479 2199 2480
2851 2 2 1 1 422 460 3160
2852 2 2 1 1 799 801 3325
2853 2 2 1 1 3010 1981 3011
2854 2 2 1 1 3028 1993 3029
2855 2 2 1 1 2248 2247 2940
2856 2 2 1 1 1632 2059 3055
2857 2 2 1 1 3012 3011 3043
2858 2 2 1 1 383 384 3287
2859 2 2 1 1 410 407 3034
2860 2 2 1 1 759 736 3282
2861 2 2 1 1 3333 1216 3363
2862 2 2 1 1 1497 1506 1814
2863 2 2 1 1 1803 1805 3001
2864 2 2 1 1 1161 2991 3101
2865 2 2 1 1 1169 1163 2911
2866 2 2 1 1 1795 1796 2404
2867 2 2 1 1 2271 2659 2660
2868 2 2 1 1 911 910 3061
2869 2 2 1 1 1547 2254 3357
2870 2 2 1 1 1173 786 3072
2871 2 2 1 1 2142 1596 3039
2872 2 2 1 1 1973 1971 3018
2873 2 2 1 1 2978 2740 2979
2874 2 2 1 1 890 795 3254
2875 2 2 1 1 3304 1538 3385
2876 2 2 1 1 1914 1912 3004
2877 2 2 1 1 1159 1364 3033
2878 2 2 1 1 1689 2061 3062
2879 2 2 1 1 407 405 3034
2880 2 2 1 1 433 435 3156
2881 2 2 1 1 694 692 3052
2882 2 2 1 1 1164 1163 1169
2883 2 2 1 1 2401 2234 2518
2884 2 2 1 1 2259 2257 2260
2885 2 2 1 1 1991 1994 1995
2886 2 2 1 1 2906 2242 3007
2887 2 2 1 1 2953 2954 2955
2888 2 2 1 1 459 433 3156
2889 2 2 1 1 1772 2181 2941
2890 2 2 1 1 1040 1039 1041
2891 2 2 1 1 1043 1045 1046
2892 2 2 1 1 2101 1827 2102
2893 2 2 1 1 3384 3095 3392
2894 2 2 1 1 449 447 3158
2895 2 2 1 1 1286 1066 1287
2896 2 2 1 1 2285 1543 2286
2897 2 2 1 1 796 1224 3199
2898 2 2 1 1 1990 1977 1992
2899 2 2 1 1 3386 3141 3398
2900 2 2 1 1 2015 2016 2928
2901 2 2 1 1 788 1173 3127
2902 2 2 1 1 641 643 645
2903 2 2 1 1 3112 1223 3256
2904 2 2 1 1 1447 1424 1723
2905 2 2 1 1 1568 2045 3109
2906 2 2 1 1 3112 3111 3217
2907 2 2 1 1 2190 2427 2447
2908 2 2 1 1 462 406 3017
2909 2 2 1 1 3133 3295 3297
2910 2 2 1 1 1805 2234 2401
2911 2 2 1 1 2017 2014 3390
2912 2 2 1 1 2258 2257 2259
2913 2 2 1 1 1630 1632 3055
2914 2 2 1 1 392 1267 3329
2915 2 2 1 1 1041 1039 1042
2916 2 2 1 1 3063 1439 3168
2917 2 2 1 1 2049 2050 2595
2918 2 2 1 1 2271 2658 2659
2919 2 2 1 1 786 784 3072
2920 2 2 1 1 396 1175 3309
2921 2 2 1 1 1175 2253 3309
2922 2 2 1 1 1491 1898 3071
2923 2 2 1 1 1690 1688 3066
2924 2 2 1 1 2152 1708 2935
2925 2 2 1 1 3087 2142 3088
2926 2 2 1 1 2968 2963 2969
2927 2 2 1 1 2970 2964 2972
2928 2 2 1 1 902 1003 3036
2929 2 2 1 1 3049 1221 3051
2930 2 2 1 1 1221 3049 3197
2931 2 2 1 1 1992 1977 2943
2932 2 2 1 1 1761 1827 2101
2933 2 2 1 1 3051 1221 3052
2934 2 2 1 1 1244 1242 3149
2935 2 2 1 1 1946 1948 3010
2936 2 2 1 1 3141 1565 3275
2937 2 2 1 1 2904 2242 2905
2938 2 2 1 1 1223 3217 3252
2939 2 2 1 1 1571 1569 3291
2940 2 2 1 1 1590 1880 3354
2941 2 2 1 1 1569 1806 3291
2942 2 2 1 1 2108 2109 2110
2943 2 2 1 1 387 3286 3287
2944 2 2 1 1 1059 1047 1163
2945 2 2 1 1 654 653 659
2946 2 2 1 1 2995 1162 3396
2947 2 2 1 1 3030 1993 3267
2948 2 2 1 1 790 788 3127
2949 2 2 1 1 2015 2928 2929
2950 2 2 1 1 2330 2199 2479
2951 2 2 1 1 426 1206 3181
2952 2 2 1 1 430 459 3182
2953 2 2 1 1 1043 1044 1045
2954 2 2 1 1 2053 1690 3066
2955 2 2 1 1 2147 2146 2396
2956 2 2 1 1 525 1162 2993
2957 2 2 1 1 683 621 3042
2958 2 2 1 1 643 642 644
2959 2 2 1 1 1547 934 1548
2960 2 2 1 1 1311 1508 1514
2961 2 2 1 1 1596 1594 3039
2962 2 2 1 1 1687 1689 3062
2963 2 2 1 1 1795 2404 2405
2964 2 2 1 1 3072 3073 3327
2965 2 2 1 1 2104 2105 2106
2966 2 2 1 1 456 449 3158
2967 2 2 1 1 684 3041 3042
2968 2 2 1 1 1221 694 3052
2969 2 2 1 1 813 1231 3027
2970 2 2 1 1 2049 2048 2050
2971 2 2 1 1 491 490 492
2972 2 2 1 1 2589 2368 3328
2973 2 2 1 1 802 800 3144
2974 2 2 1 1 801 878 3325
2975 2 2 1 1 821 832 833
2976 2 2 1 1 1052 1288 1311
2977 2 2 1 1 1577 1833 2997
2978 2 2 1 1 1803 1804 1805
2979 2 2 1 1 3111 3216 3217
2980 2 2 1 1 3143 3172 3192
2981 2 2 1 1 1360 1158 1735
2982 2 2 1 1 3079 3080 3081
2983 2 2 1 1 450 452 3195
2984 2 2 1 1 2994 1162 2995
2985 2 2 1 1 1989 1931 3079
2986 2 2 1 1 2963 1979 2964
2987 2 2 1 1 2020 2903 3008
2988 2 2 1 1 2954 2957 2958
2989 2 2 1 1 3064 3063 3168
2990 2 2 1 1 3112 3256 3270
2991 2 2 1 1 503 504 505
2992 2 2 1 1 514 513 515
2993 2 2 1 1 516 515 517
2994 2 2 1 1 944 987 1108
2995 2 2 1 1 471 3026 3366
2996 2 2 1 1 483 484 485
2997 2 2 1 1 2078 933 2218
2998 2 2 1 1 1132 1130 3068
2999 2 2 1 1 1588 1586 2982
3000 2 2 1 1 1772 2180 2181
3001 2 2 1 1 1902 1901 1903
3002 2 2 1 1 785 899 3198
3003 2 2 1 1 1906 1543 2285
3004 2 2 1 1 1757 1545 2167
3005 2 2 1 1 1923 1926 3110
3006 2 2 1 1 2377 2640 3323
3007 2 2 1 1 3105 3263 3300
3008 2 2 1 1 463 1853 2204
3009 2 2 1 1 1355 1354 1511
3010 2 2 1 1 1492 1493 1802
3011 2 2 1 1 1574 1575 1576
3012 2 2 1 1 1752 1751 2148
3013 2 2 1 1 1854 2249 2250
3014 2 2 1 1 1902 1904 2245
3015 2 2 1 1 2232 1951 2988
3016 2 2 1 1 1960 1962 3284
3017 2 2 1 1 2012 2014 2015
3018 2 2 1 1 2137 2042 3100
3019 2 2 1 1 2190 2189 2427
3020 2 2 1 1 787 789 3298
3021 2 2 1 1 1452 1451 2953
3022 2 2 1 1 820 1227 3347
3023 2 2 1 1 3046 1292 3159
3024 2 2 1 1 3091 3076 3092
3025 2 2 1 1 865 875 876
3026 2 2 1 1 1130 1142 3068
3027 2 2 1 1 1453 1287 1454
3028 2 2 1 1 2111 2412 3136
3029 2 2 1 1 3097 3045 3098
3030 2 2 1 1 3053 3052 3251
3031 2 2 1 1 1329 1490 1491
3032 2 2 1 1 1993 1935 3267
3033 2 2 1 1 1985 3091 3092
3034 2 2 1 1 428 430 3182
3035 2 2 1 1 1989 3079 3081
3036 2 2 1 1 2013 2437 2477
3037 2 2 1 1 1051 1431 3240
3038 2 2 1 1 1916 3096 3143
3039 2 2 1 1 3250 3053 3251
3040 2 2 1 1 3111 3215 3216
3041 2 2 1 1 3237 3191 3258
3042 2 2 1 1 3220 3219 3231
3043 2 2 1 1 1548 934 1909
3044 2 2 1 1 3131 1244 3149
3045 2 2 1 1 1703 1390 3345
3046 2 2 1 1 1474 1582 1800
3047 2 2 1 1 1487 3064 3168
3048 2 2 1 1 1499 1771 1772
3049 2 2 1 1 1595 1597 3200
3050 2 2 1 1 2008 2009 2010
3051 2 2 1 1 2114 2113 2371
3052 2 2 1 1 383 382 384
3053 2 2 1 1 1292 3046 3137
3054 2 2 1 1 2020 2210 2397
3055 2 2 1 1 452 1177 3195
3056 2 2 1 1 1216 778 3283
3057 2 2 1 1 789 1226 3298
3058 2 2 1 1 1242 1746 3149
3059 2 2 1 1 2437 2011 3364
3060 2 2 1 1 2104 2103 2105
3061 2 2 1 1 3140 3141 3275
3062 2 2 1 1 1880 1588 2982
3063 2 2 1 1 2056 1595 3200
3064 2 2 1 1 2933 1904 2934
3065 2 2 1 1 3041 1910 3315
3066 2 2 1 1 805 806 807
3067 2 2 1 1 1033 901 3102
3068 2 2 1 1 1424 1160 2926
3069 2 2 1 1 1203 1241 3159
3070 2 2 1 1 1364 2179 3033
3071 2 2 1 1 3219 1642 3231
3072 2 2 1 1 2247 1724 2987
3073 2 2 1 1 1815 2198 2199
3074 2 2 1 1 1924 1922 3138
3075 2 2 1 1 2913 2912 2920
3076 2 2 1 1 3218 3057 3258
3077 2 2 1 1 3201 3108 3226
3078 2 2 1 1 424 426 3181
3079 2 2 1 1 485 486 487
3080 2 2 1 1 3064 1487 3116
3081 2 2 1 1 3263 1519 3300
3082 2 2 1 1 1568 1567 1569
3083 2 2 1 1 3056 1642 3219
3084 2 2 1 1 1985 3092 3093
3085 2 2 1 1 3025 2250 3366
3086 2 2 1 1 736 734 3282
3087 2 2 1 1 1570 1571 1572
3088 2 2 1 1 2351 2201 2561
3089 2 2 1 1 800 842 3144
3090 2 2 1 1 805 1229 3024
3091 2 2 1 1 1040 1041 1160
3092 2 2 1 1 1047 1045 3002
3093 2 2 1 1 2016 2017 2018
3094 2 2 1 1 3049 2022 3197
3095 2 2 1 1 2257 2256 3426
3096 2 2 1 1 2413 3220 3231
3097 2 2 1 1 2966 2965 2967
3098 2 2 1 1 1540 1541 1543
3099 2 2 1 1 1954 1924 3138
3100 2 2 1 1 1983 1942 3232
3101 2 2 1 1 1980 1956 2962
3102 2 2 1 1 740 3105 3106
3103 2 2 1 1 783 785 3198
3104 2 2 1 1 3256 816 3270
3105 2 2 1 1 821 833 3358
3106 2 2 1 1 1006 1051 3240
3107 2 2 1 1 2019 2017 3351
3108 2 2 1 1 3118 3116 3302
3109 2 2 1 1 439 458 3249
3110 2 2 1 1 678 1005 3140
3111 2 2 1 1 3052 692 3251
3112 2 2 1 1 715 733 3103
3113 2 2 1 1 833 837 838
3114 2 2 1 1 846 844 3255
3115 2 2 1 1 1005 1917 3140
3116 2 2 1 1 1580 2051 3006
3117 2 2 1 1 2006 2007 2008
3118 2 2 1 1 743 650 3153
3119 2 2 1 1 1696 759 3282
3120 2 2 1 1 3195 1177 3196
3121 2 2 1 1 1451 1287 1453
3122 2 2 1 1 1516 1908 3345
3123 2 2 1 1 1963 2376 2377
3124 2 2 1 1 3147 3143 3192
3125 2 2 1 1 698 696 3197
3126 2 2 1 1 1200 3108 3178
3127 2 2 1 1 1297 3201 3226
3128 2 2 1 1 1367 1740 3054
3129 2 2 1 1 1931 1929 3079
3130 2 2 1 1 1991 1995 1999
3131 2 2 1 1 2000 2001 2002
3132 2 2 1 1 3056 3057 3218
3133 2 2 1 1 1171 1329 3071
3134 2 2 1 1 1694 1456 3146
3135 2 2 1 1 1587 1588 1589
3136 2 2 1 1 2059 1656 3253
3137 2 2 1 1 805 804 806
3138 2 2 1 1 804 1172 3044
3139 2 2 1 1 818 821 841
3140 2 2 1 1 917 920 998
3141 2 2 1 1 1173 3072 3327
3142 2 2 1 1 1329 1489 1490
3143 2 2 1 1 3240 1431 3241
3144 2 2 1 1 3116 1487 3302
3145 2 2 1 1 1580 1583 2051
3146 2 2 1 1 1903 1901 2939
3147 2 2 1 1 1926 1928 3215
3148 2 2 1 1 2093 2240 2796
3149 2 2 1 1 3129 3130 3265
3150 2 2 1 1 501 500 502
3151 2 2 1 1 512 514 3324
3152 2 2 1 1 682 676 3224
3153 2 2 1 1 1555 718 1556
3154 2 2 1 1 3145 1213 3248
3155 2 2 1 1 385 382 3101
3156 2 2 1 1 460 424 3181
3157 2 2 1 1 684 619 3089
3158 2 2 1 1 672 677 3128
3159 2 2 1 1 1159 1363 1364
3160 2 2 1 1 2267 1757 2974
3161 2 2 1 1 389 471 3286
3162 2 2 1 1 437 439 3249
3163 2 2 1 1 619 455 3089
3164 2 2 1 1 536 534 537
3165 2 2 1 1 3015 1173 3327
3166 2 2 1 1 1197 1199 3202
3167 2 2 1 1 1800 1582 1801
3168 2 2 1 1 1723 1724 2080
3169 2 2 1 1 1747 1742 1895
3170 2 2 1 1 2444 1818 2975
3171 2 2 1 1 1936 1938 1984
3172 2 2 1 1 1942 1944 3232
3173 2 2 1 1 1958 1960 1979
3174 2 2 1 1 2003 2001 2465
3175 2 2 1 1 3295 2038 3297
3176 2 2 1 1 760 759 858
3177 2 2 1 1 900 3445 3446
3178 2 2 1 1 944 1171 3070
3179 2 2 1 1 1297 3077 3201
3180 2 2 1 1 1455 1498 1499
3181 2 2 1 1 1642 3056 3218
3182 2 2 1 1 1662 2914 2915
3183 2 2 1 1 3125 1703 3345
3184 2 2 1 1 3029 1993 3030
3185 2 2 1 1 2106 2105 2107
3186 2 2 1 1 1168 1354 1355
3187 2 2 1 1 3070 1171 3071
3188 2 2 1 1 3108 1200 3226
3189 2 2 1 1 1292 1203 3159
3190 2 2 1 1 1234 1424 1447
3191 2 2 1 1 1491 1490 1492
3192 2 2 1 1 1555 1557 2255
3193 2 2 1 1 2016 2018 2910
3194 2 2 1 1 2065 3243 3274
3195 2 2 1 1 3150 3016 3327
3196 2 2 1 1 3057 3237 3258
3197 2 2 1 1 659 653 660
3198 2 2 1 1 703 3133 3297
3199 2 2 1 1 789 790 791
3200 2 2 1 1 813 814 815
3201 2 2 1 1 815 817 818
3202 2 2 1 1 818 817 820
3203 2 2 1 1 1227 817 3113
3204 2 2 1 1 821 820 832
3205 2 2 1 1 975 901 1033
3206 2 2 1 1 1041 1043 3205
3207 2 2 1 1 1058 1047 1059
3208 2 2 1 1 1292 3137 3202
3209 2 2 1 1 1568 1570 2045
3210 2 2 1 1 1573 1571 1816
3211 2 2 1 1 1898 1899 1900
3212 2 2 1 1 2152 2935 2936
3213 2 2 1 1 489 490 491
3214 2 2 1 1 493 492 494
3215 2 2 1 1 493 494 495
3216 2 2 1 1 495 497 717
3217 2 2 1 1 509 508 525
3218 2 2 1 1 526 525 527
3219 2 2 1 1 536 538 3665
3220 2 2 1 1 636 641 3418
3221 2 2 1 1 1519 672 3128
3222 2 2 1 1 679 675 3251
3223 2 2 1 1 735 756 871
3224 2 2 1 1 740 3106 3107
3225 2 2 1 1 3173 1427 3276
3226 2 2 1 1 1815 1506 2198
3227 2 2 1 1 1906 3025 3026
3228 2 2 1 1 2136 2042 2137
3229 2 2 1 1 2095 2329 2484
3230 2 2 1 1 3013 3014 3015
3231 2 2 1 1 3227 3211 3312
3232 2 2 1 1 783 782 784
3233 2 2 1 1 1499 1770 1771
3234 2 2 1 1 2172 1610 3087
3235 2 2 1 1 2058 1630 3055
3236 2 2 1 1 2364 3077 3137
3237 2 2 1 1 696 1221 3197
3238 2 2 1 1 1546 845 3067
3239 2 2 1 1 1167 1166 1168
3240 2 2 1 1 1439 1243 3168
3241 2 2 1 1 1248 1603 3121
3242 2 2 1 1 1329 1328 1489
3243 2 2 1 1 2125 1914 2961
3244 2 2 1 1 3096 1916 3142
3245 2 2 1 1 1966 1997 3123
3246 2 2 1 1 2012 2013 2014
3247 2 2 1 1 2249 3286 3366
3248 2 2 1 1 664 666 3107
3249 2 2 1 1 1630 1629 1631
3250 2 2 1 1 1966 1968 1997
3251 2 2 1 1 1971 1987 3018
3252 2 2 1 1 1214 411 3330
3253 2 2 1 1 417 418 419
3254 2 2 1 1 419 420 422
3255 2 2 1 1 435 437 1210
3256 2 2 1 1 1565 647 3275
3257 2 2 1 1 676 671 3224
3258 2 2 1 1 1223 770 3256
3259 2 2 1 1 781 780 782
3260 2 2 1 1 785 787 899
3261 2 2 1 1 1237 1481 3274
3262 2 2 1 1 1441 1390 1703
3263 2 2 1 1 1456 1457 3146
3264 2 2 1 1 1478 3161 3162
3265 2 2 1 1 1569 1567 1806
3266 2 2 1 1 2045 1570 3124
3267 2 2 1 1 1597 1609 2057
3268 2 2 1 1 3265 1619 3278
3269 2 2 1 1 1880 2982 2985
3270 2 2 1 1 1912 1910 3041
3271 2 2 1 1 1976 1975 1977
3272 2 2 1 1 2113 2111 3136
3273 2 2 1 1 2252 2251 3311
3274 2 2 1 1 3013 3015 3016
3275 2 2 1 1 3137 3077 3202
3276 2 2 1 1 3172 3143 3273
3277 2 2 1 1 3162 3164 3165
3278 2 2 1 1 402 401 403
3279 2 2 1 1 408 407 409
3280 2 2 1 1 417 1230 3316
3281 2 2 1 1 621 684 3042
3282 2 2 1 1 1228 664 3107
3283 2 2 1 1 701 698 3197
3284 2 2 1 1 847 849 1100
3285 2 2 1 1 876 875 910
3286 2 2 1 1 920 943 944
3287 2 2 1 1 1159 1360 1363
3288 2 2 1 1 3077 1297 3202
3289 2 2 1 1 1536 3190 3204
3290 2 2 1 1 1538 1539 1540
3291 2 2 1 1 1704 1708 1808
3292 2 2 1 1 2404 1796 2930
3293 2 2 1 1 2227 2228 2388
3294 2 2 1 1 3191 3170 3268
3295 2 2 1 1 3190 3186 3204
3296 2 2 1 1 672 676 677
3297 2 2 1 1 488 486 687
3298 2 2 1 1 532 531 533
3299 2 2 1 1 534 533 3023
3300 2 2 1 1 842 798 3199
3301 2 2 1 1 3085 816 3173
3302 2 2 1 1 1141 1140 1149
3303 2 2 1 1 1519 3128 3129
3304 2 2 1 1 3140 1917 3141
3305 2 2 1 1 1958 1959 1960
3306 2 2 1 1 1987 1969 3155
3307 2 2 1 1 1970 1971 1972
3308 2 2 1 1 2259 2261 2262
3309 2 2 1 1 384 382 385
3310 2 2 1 1 389 391 471
3311 2 2 1 1 410 3034 3035
3312 2 2 1 1 416 414 1207
3313 2 2 1 1 422 424 460
3314 2 2 1 1 485 484 486
3315 2 2 1 1 489 488 490
3316 2 2 1 1 499 500 501
3317 2 2 1 1 501 502 503
3318 2 2 1 1 506 502 3082
3319 2 2 1 1 532 533 534
3320 2 2 1 1 645 643 655
3321 2 2 1 1 752 667 3086
3322 2 2 1 1 742 730 3142
3323 2 2 1 1 1426 763 3142
3324 2 2 1 1 765 1427 3173
3325 2 2 1 1 777 909 3174
3326 2 2 1 1 800 798 842
3327 2 2 1 1 804 802 1172
3328 2 2 1 1 806 804 3044
3329 2 2 1 1 815 818 3225
3330 2 2 1 1 816 3085 3270
3331 2 2 1 1 944 1108 1171
3332 2 2 1 1 1189 1191 3214
3333 2 2 1 1 1291 1515 1516
3334 2 2 1 1 1601 2070 3090
3335 2 2 1 1 1928 1986 3215
3336 2 2 1 1 1941 1939 2097
3337 2 2 1 1 1971 1969 1987
3338 2 2 1 1 2686 2053 2687
3339 2 2 1 1 2377 2376 2550
3340 2 2 1 1 3169 3272 3285
3341 2 2 1 1 644 647 1565
3342 2 2 1 1 666 667 668
3343 2 2 1 1 785 786 787
3344 2 2 1 1 797 798 799
3345 2 2 1 1 3243 1431 3274
3346 2 2 1 1 1478 3163 3310
3347 2 2 1 1 2954 1659 2957
3348 2 2 1 1 1794 2225 2226
3349 2 2 1 1 1962 1963 1964
3350 2 2 1 1 1964 1963 3323
3351 2 2 1 1 2002 2003 2004
3352 2 2 1 1 2065 2067 3243
3353 2 2 1 1 2389 2921 2922
3354 2 2 1 1 983 846 3255
3355 2 2 1 1 1133 1132 1134
3356 2 2 1 1 1234 1160 1424
3357 2 2 1 1 1481 1748 3274
3358 2 2 1 1 1689 1690 1691
3359 2 2 1 1 1772 1773 2180
3360 2 2 1 1 3161 2023 3162
3361 2 2 1 1 503 505 510
3362 2 2 1 1 3250 652 3348
3363 2 2 1 1 662 663 664
3364 2 2 1 1 867 866 3235
3365 2 2 1 1 1181 1179 3194
3366 2 2 1 1 1187 1213 3145
3367 2 2 1 1 1190 1188 3176
3368 2 2 1 1 1199 1292 3202
3369 2 2 1 1 1241 1439 3159
3370 2 2 1 1 1243 1245 3168
3371 2 2 1 1 1249 1248 3121
3372 2 2 1 1 1478 3162 3163
3373 2 2 1 1 1918 1526 1919
3374 2 2 1 1 1540 1543 1906
3375 2 2 1 1 2061 1691 2062
3376 2 2 1 1 1753 2042 2136
3377 2 2 1 1 1794 2226 2495
3378 2 2 1 1 2124 1914 2125
3379 2 2 1 1 1928 1929 1930
3380 2 2 1 1 1932 1931 1933
3381 2 2 1 1 2097 1939 3028
3382 2 2 1 1 1974 1975 1976
3383 2 2 1 1 2000 1995 2001
3384 2 2 1 1 2125 2961 3058
3385 2 2 1 1 2366 2364 3137
3386 2 2 1 1 3026 3025 3366
3387 2 2 1 1 3310 3163 3318
3388 2 2 1 1 673 655 3171
3389 2 2 1 1 763 742 3142
3390 2 2 1 1 3172 751 3192
3391 2 2 1 1 769 900 3269
3392 2 2 1 1 909 779 3175
3393 2 2 1 1 783 784 785
3394 2 2 1 1 1212 783 3198
3395 2 2 1 1 913 914 915
3396 2 2 1 1 1367 1060 1740
3397 2 2 1 1 1213 3154 3248
3398 2 2 1 1 1311 1474 1508
3399 2 2 1 1 1439 3063 3328
3400 2 2 1 1 1520 1916 3147
3401 2 2 1 1 1597 1596 1608
3402 2 2 1 1 2102 1827 2103
3403 2 2 1 1 1982 1946 3010
3404 2 2 1 1 3085 3173 3276
3405 2 2 1 1 3272 3148 3285
3406 2 2 1 1 3105 740 3263
3407 2 2 1 1 1430 743 3153
3408 2 2 1 1 1201 3145 3261
3409 2 2 1 1 1916 3143 3147
3410 2 2 1 1 1965 1966 3123
3411 2 2 1 1 2381 2138 2522
3412 2 2 1 1 3129 3265 3278
3413 2 2 1 1 3170 3191 3237
3414 2 2 1 1 1907 385 3101
3415 2 2 1 1 395 394 396
3416 2 2 1 1 650 648 3153
3417 2 2 1 1 654 659 661
3418 2 2 1 1 696 694 1221
3419 2 2 1 1 775 777 3174
3420 2 2 1 1 777 779 909
3421 2 2 1 1 837 832 918
3422 2 2 1 1 844 1430 3255
3423 2 2 1 1 847 1100 3067
3424 2 2 1 1 1046 1047 1058
3425 2 2 1 1 3236 1201 3261
3426 2 2 1 1 1523 1522 3272
3427 2 2 1 1 1526 3211 3227
3428 2 2 1 1 1551 1550 1552
3429 2 2 1 1 1555 1556 1557
3430 2 2 1 1 1572 1574 2046
3431 2 2 1 1 1578 1577 1579
3432 2 2 1 1 1589 1591 2055
3433 2 2 1 1 1656 1658 3253
3434 2 2 1 1 1689 1691 2061
3435 2 2 1 1 1944 1946 1982
3436 2 2 1 1 2193 1947 3319
3437 2 2 1 1 3138 3227 3312
3438 2 2 1 1 526 527 528
3439 2 2 1 1 535 534 536
3440 2 2 1 1 644 642 646
3441 2 2 1 1 647 646 648
3442 2 2 1 1 649 648 650
3443 2 2 1 1 651 650 652
3444 2 2 1 1 666 665 667
3445 2 2 1 1 1130 706 1142
3446 2 2 1 1 730 3096 3142
3447 2 2 1 1 844 743 1430
3448 2 2 1 1 843 844 845
3449 2 2 1 1 845 846 847
3450 2 2 1 1 849 850 851
3451 2 2 1 1 861 862 863
3452 2 2 1 1 917 919 920
3453 2 2 1 1 1479 1190 3176
3454 2 2 1 1 1246 1244 3131
3455 2 2 1 1 1572 1571 1573
3456 2 2 1 1 1576 1577 1578
3457 2 2 1 1 1580 1581 1583
3458 2 2 1 1 1583 1584 1585
3459 2 2 1 1 1695 1694 1855
3460 2 2 1 1 1808 1708 2152
3461 2 2 1 1 1844 3343 3349
3462 2 2 1 1 1911 1910 1912
3463 2 2 1 1 1911 1913 3359
3464 2 2 1 1 1929 1927 1988
3465 2 2 1 1 1948 1950 1981
3466 2 2 1 1 1962 1961 1963
3467 2 2 1 1 1970 1969 1971
3468 2 2 1 1 2002 2004 2005
3469 2 2 1 1 2009 2007 2223
3470 2 2 1 1 2194 2022 2195
3471 2 2 1 1 2367 2368 2588
3472 2 2 1 1 3093 3092 3094
3473 2 2 1 1 3236 3203 3257
3474 2 2 1 1 692 679 3251
3475 2 2 1 1 681 680 3273
3476 2 2 1 1 765 1426 1427
3477 2 2 1 1 1215 1132 3068
3478 2 2 1 1 1134 1215 3271
3479 2 2 1 1 1191 1200 3214
3480 2 2 1 1 1526 1525 3211
3481 2 2 1 1 2018 2019 2020
3482 2 2 1 1 2111 2109 2412
3483 2 2 1 1 2185 3108 3201
3484 2 2 1 1 2561 2201 2649
3485 2 2 1 1 2591 3063 3064
3486 2 2 1 1 447 1358 3158
3487 2 2 1 1 697 696 698
3488 2 2 1 1 830 3186 3187
3489 2 2 1 1 944 943 987
3490 2 2 1 1 1178 3135 3185
3491 2 2 1 1 1200 3178 3214
3492 2 2 1 1 1540 1539 1541
3493 2 2 1 1 1748 2063 2064
3494 2 2 1 1 2961 1914 3004
3495 2 2 1 1 1948 1949 1950
3496 2 2 1 1 1956 1955 1957
3497 2 2 1 1 1974 1973 1975
3498 2 2 1 1 2065 2066 2067
3499 2 2 1 1 2158 2159 2160
3500 2 2 1 1 3065 3117 3120
3501 2 2 1 1 3111 3110 3215
3502 2 2 1 1 3148 3147 3192
3503 2 2 1 1 3240 3241 3242
3504 2 2 1 1 435 436 437
3505 2 2 1 1 498 496 1225
3506 2 2 1 1 499 501 1905
3507 2 2 1 1 649 651 674
3508 2 2 1 1 656 673 948
3509 2 2 1 1 661 659 3262
3510 2 2 1 1 665 1176 3086
3511 2 2 1 1 1239 673 3171
3512 2 2 1 1 674 675 678
3513 2 2 1 1 674 678 3140
3514 2 2 1 1 697 698 699
3515 2 2 1 1 702 701 744
3516 2 2 1 1 703 705 3133
3517 2 2 1 1 1142 706 1143
3518 2 2 1 1 713 715 755
3519 2 2 1 1 729 741 3130
3520 2 2 1 1 843 743 844
3521 2 2 1 1 762 3213 3290
3522 2 2 1 1 765 763 1426
3523 2 2 1 1 767 768 769
3524 2 2 1 1 772 770 1223
3525 2 2 1 1 773 775 1218
3526 2 2 1 1 779 781 3175
3527 2 2 1 1 788 786 1173
3528 2 2 1 1 1226 791 3134
3529 2 2 1 1 793 794 795
3530 2 2 1 1 795 796 797
3531 2 2 1 1 799 798 800
3532 2 2 1 1 803 802 804
3533 2 2 1 1 1172 802 3144
3534 2 2 1 1 807 808 809
3535 2 2 1 1 809 810 811
3536 2 2 1 1 811 810 812
3537 2 2 1 1 811 812 813
3538 2 2 1 1 818 820 821
3539 2 2 1 1 860 840 861
3540 2 2 1 1 865 864 875
3541 2 2 1 1 913 911 914
3542 2 2 1 1 1006 948 1050
3543 2 2 1 1 1067 1033 1291
3544 2 2 1 1 1144 1136 3271
3545 2 2 1 1 1141 1149 1150
3546 2 2 1 1 1179 1209 3194
3547 2 2 1 1 1185 1187 3145
3548 2 2 1 1 1213 1189 3214
3549 2 2 1 1 1237 1236 1480
3550 2 2 1 1 1237 1480 1481
3551 2 2 1 1 2043 1239 3171
3552 2 2 1 1 1364 1497 2179
3553 2 2 1 1 1516 1515 1517
3554 2 2 1 1 1525 1527 1528
3555 2 2 1 1 1776 1552 2201
3556 2 2 1 1 1593 2056 3078
3557 2 2 1 1 1594 2099 3039
3558 2 2 1 1 1611 1610 1629
3559 2 2 1 1 1629 1610 2172
3560 2 2 1 1 1630 1631 1632
3561 2 2 1 1 1687 1688 1689
3562 2 2 1 1 2060 1687 3062
3563 2 2 1 1 1704 1808 2523
3564 2 2 1 1 1802 1803 2421
3565 2 2 1 1 1819 1818 2444
3566 2 2 1 1 1921 1923 3110
3567 2 2 1 1 1963 1961 2376
3568 2 2 1 1 1982 3010 3012
3569 2 2 1 1 1999 1995 2000
3570 2 2 1 1 2008 2010 2243
3571 2 2 1 1 2010 2009 2011
3572 2 2 1 1 2166 2164 2369
3573 2 2 1 1 3309 2253 3322
3574 2 2 1 1 2481 2482 2556
3575 2 2 1 1 2588 2589 2590
3576 2 2 1 1 3051 3052 3053
3577 2 2 1 1 645 655 656
3578 2 2 1 1 685 661 686
3579 2 2 1 1 3206 752 3207
3580 2 2 1 1 754 867 1178
3581 2 2 1 1 1005 1601 1917
3582 2 2 1 1 1197 1196 1198
3583 2 2 1 1 1245 1247 1487
3584 2 2 1 1 1902 1903 1904
3585 2 2 1 1 3108 2036 3178
3586 2 2 1 1 2106 2108 2543
3587 2 2 1 1 2160 2159 2161
3588 2 2 1 1 405 1217 3034
3589 2 2 1 1 448 450 457
3590 2 2 1 1 648 2025 3153
3591 2 2 1 1 699 698 700
3592 2 2 1 1 716 714 745
3593 2 2 1 1 764 766 767
3594 2 2 1 1 830 3185 3186
3595 2 2 1 1 948 949 3161
3596 2 2 1 1 949 1744 2023
3597 2 2 1 1 1051 1050 1236
3598 2 2 1 1 1135 1134 1136
3599 2 2 1 1 1137 1136 1138
3600 2 2 1 1 1139 1141 3247
3601 2 2 1 1 1141 1429 3247
3602 2 2 1 1 1180 1208 3135
3603 2 2 1 1 1745 1239 2043
3604 2 2 1 1 1602 1246 3131
3605 2 2 1 1 1742 1480 1743
3606 2 2 1 1 1481 1742 1747
3607 2 2 1 1 1522 1520 3147
3608 2 2 1 1 1585 1584 1586
3609 2 2 1 1 2071 1602 2072
3610 2 2 1 1 1619 1783 3278
3611 2 2 1 1 1896 1664 1897
3612 2 2 1 1 1855 1694 1872
3613 2 2 1 1 1872 1694 3146
3614 2 2 1 1 2445 1696 2446
3615 2 2 1 1 1920 1919 1921
3616 2 2 1 1 1920 1921 2021
3617 2 2 1 1 1932 1933 1934
3618 2 2 1 1 1934 1935 1936
3619 2 2 1 1 1936 1937 1938
3620 2 2 1 1 1942 1943 1944
3621 2 2 1 1 1944 1945 1946
3622 2 2 1 1 1944 1982 3232
3623 2 2 1 1 1946 1945 1947
3624 2 2 1 1 1946 1947 1948
3625 2 2 1 1 2072 3131 3132
3626 2 2 1 1 3143 3096 3273
3627 2 2 1 1 697 699 737
3628 2 2 1 1 700 698 701
3629 2 2 1 1 735 736 756
3630 2 2 1 1 3154 1213 3214
3631 2 2 1 1 1566 1553 1567
3632 2 2 1 1 1601 1600 2070
3633 2 2 1 1 1937 1935 1993
3634 2 2 1 1 2251 1954 3138
3635 2 2 1 1 1975 1973 2163
3636 2 2 1 1 3186 3135 3204
3637 2 2 1 1 3163 3162 3165
3638 2 2 1 1 381 380 382
3639 2 2 1 1 463 383 1518
3640 2 2 1 1 384 385 386
3641 2 2 1 1 387 386 388
3642 2 2 1 1 391 390 392
3643 2 2 1 1 416 1207 3179
3644 2 2 1 1 419 418 420
3645 2 2 1 1 426 425 427
3646 2 2 1 1 430 429 431
3647 2 2 1 1 433 431 434
3648 2 2 1 1 435 434 436
3649 2 2 1 1 667 665 3086
3650 2 2 1 1 866 753 1428
3651 2 2 1 1 767 766 768
3652 2 2 1 1 769 768 770
3653 2 2 1 1 784 824 3072
3654 2 2 1 1 787 788 789
3655 2 2 1 1 912 911 913
3656 2 2 1 1 1175 1753 1754
3657 2 2 1 1 1191 1192 1193
3658 2 2 1 1 1195 1197 1297
3659 2 2 1 1 1197 1198 1199
3660 2 2 1 1 1248 1602 1603
3661 2 2 1 1 1427 1521 3276
3662 2 2 1 1 2263 1428 2889
3663 2 2 1 1 1442 1791 1792
3664 2 2 1 1 1451 1453 1659
3665 2 2 1 1 1453 1455 3003
3666 2 2 1 1 1525 1528 3211
3667 2 2 1 1 1531 1529 1533
3668 2 2 1 1 1534 1535 1876
3669 2 2 1 1 1536 3218 3258
3670 2 2 1 1 1566 1567 1568
3671 2 2 1 1 1593 1594 1595
3672 2 2 1 1 1595 1596 1597
3673 2 2 1 1 1597 1608 1609
3674 2 2 1 1 2072 1602 3131
3675 2 2 1 1 2446 1696 3282
3676 2 2 1 1 2093 1735 2240
3677 2 2 1 1 1748 1747 2063
3678 2 2 1 1 3292 1806 3293
3679 2 2 1 1 1913 1912 1914
3680 2 2 1 1 3057 1915 3230
3681 2 2 1 1 2021 1921 3110
3682 2 2 1 1 3110 1926 3215
3683 2 2 1 1 1936 1935 1937
3684 2 2 1 1 1938 1937 1939
3685 2 2 1 1 1940 1939 1941
3686 2 2 1 1 2165 1954 2251
3687 2 2 1 1 1989 3081 3281
3688 2 2 1 1 2187 2185 3201
3689 2 2 1 1 3311 2251 3312
3690 2 2 1 1 3063 2589 3328
3691 2 2 1 1 3065 3116 3117
3692 2 2 1 1 3145 3248 3261
3693 2 2 1 1 3151 631 3152
3694 2 2 1 1 656 655 673
3695 2 2 1 1 666 740 3107
3696 2 2 1 1 672 671 676
3697 2 2 1 1 948 673 949
3698 2 2 1 1 678 675 679
3699 2 2 1 1 691 693 723
3700 2 2 1 1 693 694 695
3701 2 2 1 1 744 701 2022
3702 2 2 1 1 755 715 3103
3703 2 2 1 1 721 738 751
3704 2 2 1 1 751 738 3188
3705 2 2 1 1 793 890 3134
3706 2 2 1 1 795 794 796
3707 2 2 1 1 797 796 798
3708 2 2 1 1 797 1222 3254
3709 2 2 1 1 801 800 802
3710 2 2 1 1 807 806 808
3711 2 2 1 1 808 806 881
3712 2 2 1 1 809 808 810
3713 2 2 1 1 811 813 3027
3714 2 2 1 1 838 840 860
3715 2 2 1 1 866 2263 3235
3716 2 2 1 1 912 913 933
3717 2 2 1 1 975 1033 1067
3718 2 2 1 1 1131 1537 3133
3719 2 2 1 1 1134 1132 1215
3720 2 2 1 1 1133 1134 1135
3721 2 2 1 1 1133 1135 3280
3722 2 2 1 1 1136 1134 3271
3723 2 2 1 1 1138 1136 1144
3724 2 2 1 1 1139 1140 1141
3725 2 2 1 1 1150 1456 1599
3726 2 2 1 1 1188 1186 1238
3727 2 2 1 1 1199 1203 1292
3728 2 2 1 1 1489 2190 3372
3729 2 2 1 1 3190 1536 3258
3730 2 2 1 1 1586 1584 1867
3731 2 2 1 1 1655 1631 2209
3732 2 2 1 1 2353 1696 2445
3733 2 2 1 1 1926 1927 1928
3734 2 2 1 1 1945 1943 2143
3735 2 2 1 1 1947 1945 3319
3736 2 2 1 1 1978 1977 1990
3737 2 2 1 1 2006 2004 2007
3738 2 2 1 1 2005 2006 2912
3739 2 2 1 1 2008 2007 2009
3740 2 2 1 1 2021 3111 3112
3741 2 2 1 1 2370 2053 2686
3742 2 2 1 1 2068 2069 2887
3743 2 2 1 1 2102 2103 2104
3744 2 2 1 1 2110 2112 2540
3745 2 2 1 1 3189 3148 3192
3746 2 2 1 1 3187 3190 3191
3747 2 2 1 1 3191 3190 3258
3748 2 2 1 1 400 401 402
3749 2 2 1 1 402 403 404
3750 2 2 1 1 409 407 410
3751 2 2 1 1 408 409 411
3752 2 2 1 1 408 411 1214
3753 2 2 1 1 411 412 413
3754 2 2 1 1 417 419 1230
3755 2 2 1 1 427 425 1211
3756 2 2 1 1 1211 425 3238
3757 2 2 1 1 426 428 1206
3758 2 2 1 1 431 429 432
3759 2 2 1 1 430 433 459
3760 2 2 1 1 437 438 439
3761 2 2 1 1 439 441 458
3762 2 2 1 1 442 440 443
3763 2 2 1 1 444 445 446
3764 2 2 1 1 444 446 1205
3765 2 2 1 1 447 445 1358
3766 2 2 1 1 448 449 450
3767 2 2 1 1 451 449 456
3768 2 2 1 1 452 454 1177
3769 2 2 1 1 455 453 1282
3770 2 2 1 1 3183 457 3184
3771 2 2 1 1 1538 466 1539
3772 2 2 1 1 512 511 513
3773 2 2 1 1 618 620 631
3774 2 2 1 1 621 619 684
3775 2 2 1 1 688 682 689
3776 2 2 1 1 754 1178 3185
3777 2 2 1 1 762 763 764
3778 2 2 1 1 902 975 1003
3779 2 2 1 1 1478 1050 3161
3780 2 2 1 1 1199 1198 1202
3781 2 2 1 1 1201 3236 3257
3782 2 2 1 1 1529 1527 3169
3783 2 2 1 1 1736 2093 2094
3784 2 2 1 1 2184 2036 2185
3785 2 2 1 1 2095 2094 2329
3786 2 2 1 1 2365 2366 2367
3787 2 2 1 1 448 447 449
3788 2 2 1 1 499 498 500
3789 2 2 1 1 510 512 1170
3790 2 2 1 1 515 513 719
3791 2 2 1 1 517 515 3288
3792 2 2 1 1 528 532 3369
3793 2 2 1 1 3059 558 3060
3794 2 2 1 1 686 661 2041
3795 2 2 1 1 2041 661 3262
3796 2 2 1 1 666 668 740
3797 2 2 1 1 669 667 752
3798 2 2 1 1 949 673 1239
3799 2 2 1 1 678 679 690
3800 2 2 1 1 688 689 721
3801 2 2 1 1 691 692 693
3802 2 2 1 1 705 1130 1131
3803 2 2 1 1 741 742 761
3804 2 2 1 1 754 753 866
3805 2 2 1 1 972 761 1060
3806 2 2 1 1 762 764 3213
3807 2 2 1 1 776 774 819
3808 2 2 1 1 780 778 1216
3809 2 2 1 1 784 782 824
3810 2 2 1 1 845 847 3067
3811 2 2 1 1 866 1428 2263
3812 2 2 1 1 1179 867 1209
3813 2 2 1 1 1050 948 3161
3814 2 2 1 1 1138 1144 1145
3815 2 2 1 1 1178 1180 3135
3816 2 2 1 1 1180 1181 1182
3817 2 2 1 1 1180 1182 1208
3818 2 2 1 1 1183 1181 1184
3819 2 2 1 1 1185 1184 1186
3820 2 2 1 1 1187 1188 1189
3821 2 2 1 1 1187 1189 1213
3822 2 2 1 1 1189 1190 1191
3823 2 2 1 1 1191 1190 1192
3824 2 2 1 1 1196 1204 3209
3825 2 2 1 1 1297 1197 3202
3826 2 2 1 1 1203 1240 1241
3827 2 2 1 1 1220 1219 1312
3828 2 2 1 1 1220 1536 3204
3829 2 2 1 1 1431 1237 3274
3830 2 2 1 1 1241 1242 1243
3831 2 2 1 1 1245 1244 1246
3832 2 2 1 1 1245 1487 3168
3833 2 2 1 1 1427 1426 1520
3834 2 2 1 1 1442 1792 1793
3835 2 2 1 1 1479 3176 3177
3836 2 2 1 1 1516 1517 1869
3837 2 2 1 1 1521 1520 1522
3838 2 2 1 1 1521 1523 1524
3839 2 2 1 1 1522 3148 3272
3840 2 2 1 1 1528 1529 1530
3841 2 2 1 1 1535 1531 3230
3842 2 2 1 1 1877 1535 1915
3843 2 2 1 1 1544 1545 1757
3844 2 2 1 1 1609 1610 1611
3845 2 2 1 1 1782 1618 3308
3846 2 2 1 1 1785 1641 2026
3847 2 2 1 1 2026 1641 3203
3848 2 2 1 1 1658 1657 1686
3849 2 2 1 1 1818 1782 2390
3850 2 2 1 1 1900 1901 1902
3851 2 2 1 1 1929 1988 3079
3852 2 2 1 1 1938 1939 1940
3853 2 2 1 1 1950 1949 1951
3854 2 2 1 1 1953 1954 2164
3855 2 2 1 1 2164 1954 2165
3856 2 2 1 1 2027 2026 2028
3857 2 2 1 1 2029 2028 2030
3858 2 2 1 1 2035 2034 2036
3859 2 2 1 1 2039 2040 3105
3860 2 2 1 1 2186 2363 2562
3861 2 2 1 1 2365 2364 2366
3862 2 2 1 1 2367 2366 2368
3863 2 2 1 1 2923 2922 2924
3864 2 2 1 1 3346 3053 3348
3865 2 2 1 1 3132 3131 3149
3866 2 2 1 1 3148 3189 3285
3867 2 2 1 1 3166 3165 3167
3868 2 2 1 1 3187 3186 3190
3869 2 2 1 1 3096 681 3273
3870 2 2 1 1 830 739 3185
3871 2 2 1 1 760 858 859
3872 2 2 1 1 791 790 792
3873 2 2 1 1 1178 1179 1180
3874 2 2 1 1 1311 1288 1474
3875 2 2 1 1 1442 1441 1791
3876 2 2 1 1 1868 2048 2049
3877 2 2 1 1 1942 1941 1943
3878 2 2 1 1 2481 2024 2482
3879 2 2 1 1 2413 2092 2454
3880 2 2 1 1 2368 3046 3328
3881 2 2 1 1 3118 3302 3303
3882 2 2 1 1 3129 3128 3130
3883 2 2 1 1 3187 3191 3268
3884 2 2 1 1 654 661 685
3885 2 2 1 1 659 662 3262
3886 2 2 1 1 2022 701 3197
3887 2 2 1 1 703 702 704
3888 2 2 1 1 705 704 706
3889 2 2 1 1 715 714 716
3890 2 2 1 1 733 716 734
3891 2 2 1 1 754 866 867
3892 2 2 1 1 761 762 3290
3893 2 2 1 1 858 1696 2353
3894 2 2 1 1 1291 1033 1515
3895 2 2 1 1 1135 1137 1139
3896 2 2 1 1 1183 1185 1201
3897 2 2 1 1 1201 1185 3145
3898 2 2 1 1 1188 1238 3176
3899 2 2 1 1 1193 1194 1195
3900 2 2 1 1 1199 1202 1203
3901 2 2 1 1 1203 1202 1240
3902 2 2 1 1 1744 1239 1745
3903 2 2 1 1 1241 1240 1242
3904 2 2 1 1 1243 1242 1244
3905 2 2 1 1 1243 1244 1245
3906 2 2 1 1 1640 1312 1641
3907 2 2 1 1 1525 1523 1527
3908 2 2 1 1 1533 3170 3237
3909 2 2 1 1 1587 1586 1588
3910 2 2 1 1 1589 1588 1590
3911 2 2 1 1 1784 1785 2092
3912 2 2 1 1 1877 2024 2481
3913 2 2 1 1 3056 1915 3057
3914 2 2 1 1 2026 3203 3236
3915 2 2 1 1 2036 2034 3178
3916 2 2 1 1 2185 2036 3108
3917 2 2 1 1 2112 2113 2114
3918 2 2 1 1 2158 2125 2159
3919 2 2 1 1 2184 2185 2186
3920 2 2 1 1 2186 2185 2187
3921 2 2 1 1 2363 2187 2364
3922 2 2 1 1 2641 2197 2762
3923 2 2 1 1 2271 2270 2658
3924 2 2 1 1 2368 2366 3046
3925 2 2 1 1 446 448 3183
3926 2 2 1 1 644 646 647
3927 2 2 1 1 649 650 651
3928 2 2 1 1 671 669 3206
3929 2 2 1 1 675 3250 3251
3930 2 2 1 1 685 686 713
3931 2 2 1 1 700 702 703
3932 2 2 1 1 830 3187 3188
3933 2 2 1 1 949 2023 3161
3934 2 2 1 1 1687 1686 1688
3935 2 2 1 1 1793 1792 1794
3936 2 2 1 1 1968 1967 1969
3937 2 2 1 1 2027 2028 2029
3938 2 2 1 1 2027 2029 3221
3939 2 2 1 1 2029 2030 2031
3940 2 2 1 1 2029 2031 2288
3941 2 2 1 1 2288 2031 3212
3942 2 2 1 1 2033 2035 2386
3943 2 2 1 1 2687 2053 3066
3944 2 2 1 1 3046 2366 3137
3945 2 2 1 1 3188 3187 3268
3946 2 2 1 1 396 480 1175
3947 2 2 1 1 400 397 401
3948 2 2 1 1 411 409 412
3949 2 2 1 1 415 414 416
3950 2 2 1 1 424 423 425
3951 2 2 1 1 428 427 429
3952 2 2 1 1 435 1210 3156
3953 2 2 1 1 439 438 440
3954 2 2 1 1 441 440 442
3955 2 2 1 1 446 445 447
3956 2 2 1 1 452 451 453
3957 2 2 1 1 454 453 455
3958 2 2 1 1 618 455 619
3959 2 2 1 1 455 1282 3089
3960 2 2 1 1 512 513 514
3961 2 2 1 1 622 621 683
3962 2 2 1 1 836 683 901
3963 2 2 1 1 705 1131 3133
3964 2 2 1 1 739 753 754
3965 2 2 1 1 739 754 3185
3966 2 2 1 1 741 761 972
3967 2 2 1 1 764 763 765
3968 2 2 1 1 764 767 3213
3969 2 2 1 1 773 1218 3208
3970 2 2 1 1 778 776 3283
3971 2 2 1 1 785 784 786
3972 2 2 1 1 787 786 788
3973 2 2 1 1 789 788 790
3974 2 2 1 1 789 791 1226
3975 2 2 1 1 793 795 890
3976 2 2 1 1 881 806 3044
3977 2 2 1 1 813 812 814
3978 2 2 1 1 815 814 817
3979 2 2 1 1 845 844 846
3980 2 2 1 1 1178 867 1179
3981 2 2 1 1 1209 867 3235
3982 2 2 1 1 902 901 975
3983 2 2 1 1 949 1239 1744
3984 2 2 1 1 972 1060 1308
3985 2 2 1 1 1051 1237 1431
3986 2 2 1 1 1131 1133 1537
3987 2 2 1 1 1182 1181 1183
3988 2 2 1 1 1192 1190 1479
3989 2 2 1 1 1195 1196 1197
3990 2 2 1 1 3083 1225 3084
3991 2 2 1 1 1746 1240 3246
3992 2 2 1 1 1313 1312 1640
3993 2 2 1 1 1854 1518 2249
3994 2 2 1 1 1521 1522 1523
3995 2 2 1 1 1524 1523 1525
3996 2 2 1 1 1530 1529 1531
3997 2 2 1 1 1533 1529 3169
3998 2 2 1 1 1915 1535 3230
3999 2 2 1 1 3133 1537 3295
4000 2 2 1 1 1549 1548 1550
4001 2 2 1 1 1593 1595 2056
4002 2 2 1 1 1632 1656 2059
4003 2 2 1 1 1784 1641 1785
4004 2 2 1 1 1748 2065 3274
4005 2 2 1 1 1784 2092 2413
4006 2 2 1 1 1785 2026 2027
4007 2 2 1 1 1877 1915 2024
4008 2 2 1 1 1878 2197 2641
4009 2 2 1 1 1921 1919 1922
4010 2 2 1 1 1923 1922 1924
4011 2 2 1 1 1953 1924 1954
4012 2 2 1 1 1930 1929 1931
4013 2 2 1 1 1932 1934 1985
4014 2 2 1 1 1953 2164 2166
4015 2 2 1 1 1982 3013 3232
4016 2 2 1 1 3215 1986 3216
4017 2 2 1 1 2003 2465 2501
4018 2 2 1 1 2015 2929 2959
4019 2 2 1 1 2027 3221 3228
4020 2 2 1 1 2031 2032 2033
4021 2 2 1 1 2034 2032 3154
4022 2 2 1 1 2071 2072 2264
4023 2 2 1 1 3121 2075 3122
4024 2 2 1 1 2161 2159 2938
4025 2 2 1 1 2165 2252 2733
4026 2 2 1 1 2482 3219 3220
4027 2 2 1 1 2590 2589 2591
4028 2 2 1 1 2660 2659 2661
4029 2 2 1 1 3053 3250 3348
4030 2 2 1 1 3065 3064 3116
4031 2 2 1 1 3185 3135 3186
4032 2 2 1 1 3178 3154 3214
4033 2 2 1 1 3241 3243 3244
4034 2 2 1 1 622 683 836
4035 2 2 1 1 680 676 682
4036 2 2 1 1 819 774 3252
4037 2 2 1 1 818 841 3225
4038 2 2 1 1 861 840 862
4039 2 2 1 1 1183 1184 1185
4040 2 2 1 1 1185 1186 1187
4041 2 2 1 1 1195 1297 3226
4042 2 2 1 1 1312 1219 3203
4043 2 2 1 1 1599 1456 1694
4044 2 2 1 1 1855 1872 2500
4045 2 2 1 1 1870 1910 1911
4046 2 2 1 1 1878 2641 3229
4047 2 2 1 1 1960 1961 1962
4048 2 2 1 1 2035 2036 2184
4049 2 2 1 1 3260 2037 3294
4050 2 2 1 1 2165 2251 2252
4051 2 2 1 1 2181 2180 2356
4052 2 2 1 1 2186 2187 2363
4053 2 2 1 1 2389 2922 2923
4054 2 2 1 1 3290 3213 3305
4055 2 2 1 1 384 386 387
4056 2 2 1 1 479 385 1907
4057 2 2 1 1 620 619 621
4058 2 2 1 1 675 651 3250
4059 2 2 1 1 662 664 1228
4060 2 2 1 1 680 682 688
4061 2 2 1 1 730 681 3096
4062 2 2 1 1 715 716 733
4063 2 2 1 1 738 739 830
4064 2 2 1 1 744 2022 2194
4065 2 2 1 1 766 765 3173
4066 2 2 1 1 1236 1050 1478
4067 2 2 1 1 1139 1137 1140
4068 2 2 1 1 1150 1149 1456
4069 2 2 1 1 1184 1181 3194
4070 2 2 1 1 1641 1312 3203
4071 2 2 1 1 1313 1642 3218
4072 2 2 1 1 1705 1367 3054
4073 2 2 1 1 3241 1431 3243
4074 2 2 1 1 1547 1548 1549
4075 2 2 1 1 2046 1574 3005
4076 2 2 1 1 2070 1600 2077
4077 2 2 1 1 1603 2075 3121
4078 2 2 1 1 1632 1631 1655
4079 2 2 1 1 1656 1655 1657
4080 2 2 1 1 1658 1686 1687
4081 2 2 1 1 2092 1785 3228
4082 2 2 1 1 1928 1930 1986
4083 2 2 1 1 1955 1951 2232
4084 2 2 1 1 1980 2962 2965
4085 2 2 1 1 3162 2023 3164
4086 2 2 1 1 3221 2288 3222
4087 2 2 1 1 2365 2367 2512
4088 2 2 1 1 2373 2372 2548
4089 2 2 1 1 2591 2589 3063
4090 2 2 1 1 3057 3230 3237
4091 2 2 1 1 656 948 1006
4092 2 2 1 1 665 663 1176
4093 2 2 1 1 791 792 793
4094 2 2 1 1 1006 1050 1051
4095 2 2 1 1 1051 1236 1237
4096 2 2 1 1 1180 1179 1181
4097 2 2 1 1 1193 1192 1194
4098 2 2 1 1 1432 1198 3209
4099 2 2 1 1 1248 1246 1602
4100 2 2 1 1 1313 1640 1642
4101 2 2 1 1 1524 1526 1918
4102 2 2 1 1 1528 1527 1529
4103 2 2 1 1 1528 1530 1532
4104 2 2 1 1 1530 1531 1534
4105 2 2 1 1 1531 1533 3230
4106 2 2 1 1 1534 1531 1535
4107 2 2 1 1 1534 1876 1878
4108 2 2 1 1 1876 1535 1877
4109 2 2 1 1 1640 1641 1784
4110 2 2 1 1 1640 1784 3231
4111 2 2 1 1 1878 1876 2197
4112 2 2 1 1 1913 1914 2124
4113 2 2 1 1 2024 1915 3056
4114 2 2 1 1 1918 1919 1920
4115 2 2 1 1 3138 1922 3227
4116 2 2 1 1 1923 1925 1926
4117 2 2 1 1 1925 1924 1953
4118 2 2 1 1 1928 1927 1929
4119 2 2 1 1 2020 2019 2210
4120 2 2 1 1 2024 3056 3219
4121 2 2 1 1 2029 2288 3221
4122 2 2 1 1 2031 2033 3212
4123 2 2 1 1 2033 2032 2034
4124 2 2 1 1 2033 2034 2035
4125 2 2 1 1 2033 2386 3212
4126 2 2 1 1 2075 2074 2076
4127 2 2 1 1 2124 2125 2158
4128 2 2 1 1 2938 2159 3058
4129 2 2 1 1 3077 2187 3201
4130 2 2 1 1 2591 3064 3065
4131 2 2 1 1 3075 3074 3076
4132 2 2 1 1 404 405 406
4133 2 2 1 1 413 414 415
4134 2 2 1 1 424 425 426
4135 2 2 1 1 444 442 445
4136 2 2 1 1 446 447 448
4137 2 2 1 1 1205 446 3183
4138 2 2 1 1 487 488 489
4139 2 2 1 1 495 494 496
4140 2 2 1 1 497 496 498
4141 2 2 1 1 498 1225 3083
4142 2 2 1 1 503 502 504
4143 2 2 1 1 531 527 547
4144 2 2 1 1 533 531 3313
4145 2 2 1 1 532 534 535
4146 2 2 1 1 539 537 1613
4147 2 2 1 1 620 621 622
4148 2 2 1 1 648 646 2025
4149 2 2 1 1 647 649 3275
4150 2 2 1 1 652 650 743
4151 2 2 1 1 674 651 675
4152 2 2 1 1 677 729 3128
4153 2 2 1 1 678 690 1005
4154 2 2 1 1 691 679 692
4155 2 2 1 1 713 686 714
4156 2 2 1 1 693 692 694
4157 2 2 1 1 695 694 696
4158 2 2 1 1 703 704 705
4159 2 2 1 1 705 706 1130
4160 2 2 1 1 762 742 763
4161 2 2 1 1 773 772 774
4162 2 2 1 1 775 774 776
4163 2 2 1 1 777 776 778
4164 2 2 1 1 781 783 1212
4165 2 2 1 1 781 1212 3175
4166 2 2 1 1 801 803 878
4167 2 2 1 1 847 846 848
4168 2 2 1 1 1005 1600 1601
4169 2 2 1 1 1043 1042 1044
4170 2 2 1 1 1067 1390 1391
4171 2 2 1 1 1131 1130 1132
4172 2 2 1 1 1189 1188 1190
4173 2 2 1 1 1193 1195 3226
4174 2 2 1 1 1198 1196 3209
4175 2 2 1 1 1202 1198 1432
4176 2 2 1 1 1208 1220 3204
4177 2 2 1 1 3203 1219 3257
4178 2 2 1 1 1220 1312 1313
4179 2 2 1 1 1242 1240 1746
4180 2 2 1 1 1241 1243 1439
4181 2 2 1 1 1245 1246 1247
4182 2 2 1 1 1308 1367 1618
4183 2 2 1 1 1308 1618 1619
4184 2 2 1 1 1536 1313 3218
4185 2 2 1 1 1520 1426 1916
4186 2 2 1 1 1916 1426 3142
4187 2 2 1 1 1428 3260 3294
4188 2 2 1 1 1481 1747 1748
4189 2 2 1 1 1803 1493 1804
4190 2 2 1 1 1704 1511 1708
4191 2 2 1 1 1869 1517 1870
4192 2 2 1 1 1521 1524 3276
4193 2 2 1 1 1532 1530 3266
4194 2 2 1 1 1551 1552 1553
4195 2 2 1 1 1553 1552 1776
4196 2 2 1 1 1580 1579 1581
4197 2 2 1 1 1590 1588 1880
4198 2 2 1 1 1599 1694 1695
4199 2 2 1 1 1917 1601 2044
4200 2 2 1 1 2044 1601 3090
4201 2 2 1 1 1603 2074 2075
4202 2 2 1 1 1642 1640 3231
4203 2 2 1 1 1784 2413 3231
4204 2 2 1 1 1785 2027 3228
4205 2 2 1 1 2039 1819 2040
4206 2 2 1 1 1966 1967 1968
4207 2 2 1 1 1999 2000 2244
4208 2 2 1 1 2028 2026 3236
4209 2 2 1 1 2034 3154 3178
4210 2 2 1 1 3039 2099 3040
4211 2 2 1 1 2105 2103 2278
4212 2 2 1 1 2412 2109 3259
4213 2 2 1 1 3229 2252 3311
4214 2 2 1 1 2548 2372 2549
4215 2 2 1 1 664 665 666
4216 2 2 1 1 670 671 672
4217 2 2 1 1 690 679 691
4218 2 2 1 1 764 765 766
4219 2 2 1 1 771 770 772
4220 2 2 1 1 1182 1183 3257
4221 2 2 1 1 1534 1878 3266
4222 2 2 1 1 1568 1569 1570
4223 2 2 1 1 1570 1569 1571
4224 2 2 1 1 1619 1782 1783
4225 2 2 1 1 1689 1688 1690
4226 2 2 1 1 1783 1818 1819
4227 2 2 1 1 1966 1964 1967
4228 2 2 1 1 1972 1971 1973
4229 2 2 1 1 2364 2187 3077
4230 2 2 1 1 2363 2364 2365
4231 2 2 1 1 3268 3170 3285
4232 2 2 1 1 1753 480 2042
4233 2 2 1 1 668 669 670
4234 2 2 1 1 689 682 2037
4235 2 2 1 1 3128 729 3130
4236 2 2 1 1 738 830 3188
4237 2 2 1 1 741 972 3130
4238 2 2 1 1 816 766 3173
4239 2 2 1 1 773 774 775
4240 2 2 1 1 775 776 777
4241 2 2 1 1 1218 775 3174
4242 2 2 1 1 776 819 3283
4243 2 2 1 1 777 778 779
4244 2 2 1 1 838 837 839
4245 2 2 1 1 920 919 943
4246 2 2 1 1 981 3036 3037
4247 2 2 1 1 1208 1182 1219
4248 2 2 1 1 1220 1313 1536
4249 2 2 1 1 1247 1246 1248
4250 2 2 1 1 2889 1428 3294
4251 2 2 1 1 1522 3147 3148
4252 2 2 1 1 1524 1525 1526
4253 2 2 1 1 1541 1539 1542
4254 2 2 1 1 1934 1933 1935
4255 2 2 1 1 2002 2001 2003
4256 2 2 1 1 2021 3110 3111
4257 2 2 1 1 2482 2024 3219
4258 2 2 1 1 2031 2030 2032
4259 2 2 1 1 2065 2064 2066
4260 2 2 1 1 3382 2966 3410
4261 2 2 1 1 489 491 827
4262 2 2 1 1 659 660 662
4263 2 2 1 1 668 667 669
4264 2 2 1 1 677 680 681
4265 2 2 1 1 729 681 730
4266 2 2 1 1 721 689 722
4267 2 2 1 1 713 714 715
4268 2 2 1 1 721 722 738
4269 2 2 1 1 738 722 739
4270 2 2 1 1 729 730 741
4271 2 2 1 1 741 730 742
4272 2 2 1 1 769 770 771
4273 2 2 1 1 769 771 900
4274 2 2 1 1 831 790 3127
4275 2 2 1 1 836 901 902
4276 2 2 1 1 860 934 1547
4277 2 2 1 1 1041 1042 1043
4278 2 2 1 1 1163 1047 3002
4279 2 2 1 1 1308 1060 1367
4280 2 2 1 1 1196 1194 1204
4281 2 2 1 1 1618 1367 1705
4282 2 2 1 1 1391 1390 1441
4283 2 2 1 1 1814 1506 1815
4284 2 2 1 1 1530 1534 3266
4285 2 2 1 1 1533 3169 3170
4286 2 2 1 1 3230 1533 3237
4287 2 2 1 1 1603 1602 2071
4288 2 2 1 1 1736 2094 2095
4289 2 2 1 1 1744 1745 2068
4290 2 2 1 1 2068 1745 2069
4291 2 2 1 1 1878 3229 3266
4292 2 2 1 1 1923 1924 1925
4293 2 2 1 1 1933 1931 1989
4294 2 2 1 1 1950 1951 1952
4295 2 2 1 1 2195 2022 3049
4296 2 2 1 1 3105 2040 3106
4297 2 2 1 1 2101 2102 2219
4298 2 2 1 1 2110 2109 2111
4299 2 2 1 1 2262 2261 2268
4300 2 2 1 1 3093 3094 3095
4301 2 2 1 1 3170 3169 3285
4302 2 2 1 1 3206 3207 3223
4303 2 2 1 1 406 405 407
4304 2 2 1 1 739 722 753
4305 2 2 1 1 1632 1655 1656
4306 2 2 1 1 1656 1657 1658
4307 2 2 1 1 2386 2035 3233
4308 2 2 1 1 417 416 418
4309 2 2 1 1 1177 454 3151
4310 2 2 1 1 535 718 1555
4311 2 2 1 1 647 648 649
4312 2 2 1 1 662 660 663
4313 2 2 1 1 670 669 671
4314 2 2 1 1 677 676 680
4315 2 2 1 1 680 688 3273
4316 2 2 1 1 722 689 3260
4317 2 2 1 1 761 742 762
4318 2 2 1 1 751 3188 3189
4319 2 2 1 1 858 759 1696
4320 2 2 1 1 768 766 816
4321 2 2 1 1 767 769 3269
4322 2 2 1 1 796 794 1224
4323 2 2 1 1 803 804 805
4324 2 2 1 1 805 807 1229
4325 2 2 1 1 810 808 3097
4326 2 2 1 1 853 811 3027
4327 2 2 1 1 814 812 882
4328 2 2 1 1 813 815 1231
4329 2 2 1 1 820 817 1227
4330 2 2 1 1 848 846 983
4331 2 2 1 1 849 848 850
4332 2 2 1 1 851 850 1115
4333 2 2 1 1 914 911 3061
4334 2 2 1 1 915 916 917
4335 2 2 1 1 3239 1006 3240
4336 2 2 1 1 1131 1132 1133
4337 2 2 1 1 1537 1133 3280
4338 2 2 1 1 1135 1136 1137
4339 2 2 1 1 1135 1139 3280
4340 2 2 1 1 1139 3247 3280
4341 2 2 1 1 1141 1150 1429
4342 2 2 1 1 1171 1328 1329
4343 2 2 1 1 1183 1201 3257
4344 2 2 1 1 1187 1186 1188
4345 2 2 1 1 1191 1193 1200
4346 2 2 1 1 1200 1193 3226
4347 2 2 1 1 1240 1202 3246
4348 2 2 1 1 1516 1869 1908
4349 2 2 1 1 1519 3129 3300
4350 2 2 1 1 1527 1523 3272
4351 2 2 1 1 1567 1553 3371
4352 2 2 1 1 1555 2255 3369
4353 2 2 1 1 1578 1579 1580
4354 2 2 1 1 1619 1618 1782
4355 2 2 1 1 1618 1705 3308
4356 2 2 1 1 1870 1911 2497
4357 2 2 1 1 1918 1920 3085
4358 2 2 1 1 1921 1922 1923
4359 2 2 1 1 1948 1947 1949
4360 2 2 1 1 1972 1974 1996
4361 2 2 1 1 2030 2028 3261
4362 2 2 1 1 2035 2184 3233
4363 2 2 1 1 2109 2107 3259
4364 2 2 1 1 2495 2226 2651
4365 2 2 1 1 2588 2368 2589
4366 2 2 1 1 3206 3223 3224
4367 2 2 1 1 670 672 1519
4368 2 2 1 1 677 681 729
4369 2 2 1 1 689 2037 3260
4370 2 2 1 1 735 734 736
4371 2 2 1 1 1208 1219 1220
4372 2 2 1 1 1329 1491 3071
4373 2 2 1 1 1686 1657 2239
4374 2 2 1 1 1658 1687 2060
4375 2 2 1 1 2028 3236 3261
4376 2 2 1 1 392 390 1267
4377 2 2 1 1 393 395 3304
4378 2 2 1 1 395 397 399
4379 2 2 1 1 399 400 466
4380 2 2 1 1 405 403 1217
4381 2 2 1 1 652 743 843
4382 2 2 1 1 664 663 665
4383 2 2 1 1 671 3206 3224
4384 2 2 1 1 721 751 3172
4385 2 2 1 1 836 902 981
4386 2 2 1 1 972 1308 3265
4387 2 2 1 1 1456 1149 1457
4388 2 2 1 1 1195 1194 1196
4389 2 2 1 1 1202 1432 3246
4390 2 2 1 1 3135 1208 3204
4391 2 2 1 1 1489 1328 2189
4392 2 2 1 1 1427 1520 1521
4393 2 2 1 1 2249 1518 3287
4394 2 2 1 1 1574 1573 1575
4395 2 2 1 1 1609 1608 1610
4396 2 2 1 1 1748 2064 2065
4397 2 2 1 1 1754 1753 2981
4398 2 2 1 1 1952 1951 1955
4399 2 2 1 1 1969 1967 3155
4400 2 2 1 1 2021 3112 3270
4401 2 2 1 1 2037 3223 3294
4402 2 2 1 1 2052 2053 2370
4403 2 2 1 1 2227 2161 2228
4404 2 2 1 1 2941 2181 2942
4405 2 2 1 1 2377 2550 2639
4406 2 2 1 1 3117 3118 3119
4407 2 2 1 1 3163 3165 3166
4408 2 2 1 1 495 496 497
4409 2 2 1 1 509 526 947
4410 2 2 1 1 1176 663 3301
4411 2 2 1 1 1005 690 1600
4412 2 2 1 1 737 699 2038
4413 2 2 1 1 751 3189 3192
4414 2 2 1 1 772 1223 3252
4415 2 2 1 1 1247 1248 1249
4416 2 2 1 1 1286 1287 1451
4417 2 2 1 1 1498 1454 1620
4418 2 2 1 1 1541 1542 1544
4419 2 2 1 1 1816 1571 3291
4420 2 2 1 1 1572 1573 1574
4421 2 2 1 1 2077 1600 3307
4422 2 2 1 1 1603 2071 2074
4423 2 2 1 1 1794 1792 2225
4424 2 2 1 1 1908 1869 2138
4425 2 2 1 1 1926 1925 1927
4426 2 2 1 1 1982 3012 3013
4427 2 2 1 1 3154 2032 3248
4428 2 2 1 1 3223 2037 3224
4429 2 2 1 1 2159 2125 3058
4430 2 2 1 1 2160 2161 2227
4431 2 2 1 1 2951 3070 3071
4432 2 2 1 1 3117 3116 3118
4433 2 2 1 1 381 382 383
4434 2 2 1 1 387 388 389
4435 2 2 1 1 389 390 391
4436 2 2 1 1 393 394 395
4437 2 2 1 1 395 396 397
4438 2 2 1 1 406 407 408
4439 2 2 1 1 422 423 424
4440 2 2 1 1 426 427 428
4441 2 2 1 1 430 431 433
4442 2 2 1 1 433 434 435
4443 2 2 1 1 1210 437 3249
4444 2 2 1 1 439 440 441
4445 2 2 1 1 441 442 444
4446 2 2 1 1 450 451 452
4447 2 2 1 1 457 450 3195
4448 2 2 1 1 452 453 454
4449 2 2 1 1 454 455 618
4450 2 2 1 1 618 619 620
4451 2 2 1 1 981 902 3036
4452 2 2 1 1 1067 1291 1390
4453 2 2 1 1 1491 1494 1898
4454 2 2 1 1 3248 2030 3261
4455 2 2 1 1 483 485 1156
4456 2 2 1 1 669 752 3206
4457 2 2 1 1 688 3172 3273
4458 2 2 1 1 733 734 735
4459 2 2 1 1 756 736 757
4460 2 2 1 1 757 759 760
4461 2 2 1 1 782 780 3333
4462 2 2 1 1 792 790 831
4463 2 2 1 1 808 881 3097
4464 2 2 1 1 876 911 912
4465 2 2 1 1 3130 972 3265
4466 2 2 1 1 1219 1182 3257
4467 2 2 1 1 3209 1204 3210
4468 2 2 1 1 1524 1918 3276
4469 2 2 1 1 1592 1590 3354
4470 2 2 1 1 1593 1592 1594
4471 2 2 1 1 1594 1592 2099
4472 2 2 1 1 1595 1594 1596
4473 2 2 1 1 1599 1695 2073
4474 2 2 1 1 1695 1855 1856
4475 2 2 1 1 1772 1771 1773
4476 2 2 1 1 1783 2039 3278
4477 2 2 1 1 1805 2233 2234
4478 2 2 1 1 3291 1806 3292
4479 2 2 1 1 3085 1920 3270
4480 2 2 1 1 1940 1942 1983
4481 2 2 1 1 1965 1964 1966
4482 2 2 1 1 1968 1969 1970
4483 2 2 1 1 1991 1990 1994
4484 2 2 1 1 2018 2017 2019
4485 2 2 1 1 2032 2030 3248
4486 2 2 1 1 2927 2987 3340
4487 2 2 1 1 1168 1355 1413
4488 2 2 1 1 1487 1247 3302
4489 2 2 1 1 1870 1517 1910
4490 2 2 1 1 1585 1586 1587
4491 2 2 1 1 2055 1591 3078
4492 2 2 1 1 1988 1927 3296
4493 2 2 1 1 2195 3049 3050
4494 2 2 1 1 691 723 3307
4495 2 2 1 1 700 701 702
4496 2 2 1 1 1428 753 3260
4497 2 2 1 1 779 778 780
4498 2 2 1 1 779 780 781
4499 2 2 1 1 780 1216 3333
4500 2 2 1 1 781 782 783
4501 2 2 1 1 799 800 801
4502 2 2 1 1 1231 815 3225
4503 2 2 1 1 838 839 840
4504 2 2 1 1 847 848 849
4505 2 2 1 1 1052 1311 2925
4506 2 2 1 1 3302 1249 3303
4507 2 2 1 1 1308 1619 3265
4508 2 2 1 1 1481 1480 1742
4509 2 2 1 1 1491 1492 1494
4510 2 2 1 1 1898 1494 1899
4511 2 2 1 1 1583 1581 1584
4512 2 2 1 1 1783 1819 2039
4513 2 2 1 1 1844 3000 3343
4514 2 2 1 1 1944 1943 1945
4515 2 2 1 1 2114 2371 2372
4516 2 2 1 1 2160 2227 2399
4517 2 2 1 1 2037 682 3224
4518 2 2 1 1 753 722 3260
4519 2 2 1 1 1391 1441 1442
4520 2 2 1 1 1591 1590 1592
4521 2 2 1 1 386 385 479
4522 2 2 1 1 404 406 462
4523 2 2 1 1 413 415 461
4524 2 2 1 1 420 418 421
4525 2 2 1 1 422 420 423
4526 2 2 1 1 436 434 1174
4527 2 2 1 1 500 498 3083
4528 2 2 1 1 504 502 506
4529 2 2 1 1 510 511 512
4530 2 2 1 1 514 515 516
4531 2 2 1 1 516 517 518
4532 2 2 1 1 663 660 3301
4533 2 2 1 1 771 772 773
4534 2 2 1 1 1108 987 1109
4535 2 2 1 1 1165 1166 1167
4536 2 2 1 1 1551 1553 1566
4537 2 2 1 1 1611 1629 1630
4538 2 2 1 1 1913 2124 2682
4539 2 2 1 1 1918 3085 3276
4540 2 2 1 1 1960 1959 1961
4541 2 2 1 1 2043 3386 3398
4542 2 2 1 1 2970 2972 2973
4543 2 2 1 1 670 1519 3263
4544 2 2 1 1 774 772 3252
4545 2 2 1 1 797 799 1222
4546 2 2 1 1 809 811 853
4547 2 2 1 1 863 865 1233
4548 2 2 1 1 917 916 919
4549 2 2 1 1 1919 1526 3227
4550 2 2 1 1 3169 1527 3272
4551 2 2 1 1 1547 1549 2254
4552 2 2 1 1 1783 1782 1818
4553 2 2 1 1 1920 2021 3270
4554 2 2 1 1 1952 1956 1980
4555 2 2 1 1 2913 2920 3374
4556 2 2 1 1 651 652 3250
4557 2 2 1 1 843 845 1546
4558 2 2 1 1 863 862 864
4559 2 2 1 1 915 914 916
4560 2 2 1 1 1175 1754 2253
4561 2 2 1 1 1597 2057 3200
4562 2 2 1 1 2052 1690 2053
4563 2 2 1 1 2421 1803 3001
4564 2 2 1 1 1911 1912 1913
4565 2 2 1 1 3189 3268 3285
4566 2 2 1 1 437 436 438
4567 2 2 1 1 448 457 3183
4568 2 2 1 1 450 449 451
4569 2 2 1 1 491 492 493
4570 2 2 1 1 497 498 499
4571 2 2 1 1 511 505 1554
4572 2 2 1 1 525 508 1162
4573 2 2 1 1 653 639 3400
4574 2 2 1 1 757 736 759
4575 2 2 1 1 3211 1532 3312
4576 2 2 1 1 1980 2965 2966
4577 2 2 1 1 3079 1988 3080
4578 2 2 1 1 2110 2111 2112
4579 2 2 1 1 1230 419 3160
4580 2 2 1 1 695 696 697
4581 2 2 1 1 793 792 794
4582 2 2 1 1 863 864 865
4583 2 2 1 1 1773 2156 2157
4584 2 2 1 1 2983 1867 2984
4585 2 2 1 1 1908 2138 2381
4586 2 2 1 1 1956 1957 1958
4587 2 2 1 1 3243 2067 3244
4588 2 2 1 1 3097 3098 3264
4589 2 2 1 1 1492 1490 1493
4590 2 2 1 1 875 864 1000
4591 2 2 1 1 3159 1439 3328
4592 2 2 1 1 1545 1542 1741
4593 2 2 1 1 1949 1947 2193
4594 2 2 1 1 2014 2013 3390
4595 2 2 1 1 2329 2094 2724
4596 2 2 1 1 2097 3031 3032
4597 2 2 1 1 2444 2975 2976
4598 2 2 1 1 3239 3240 3242
4599 2 2 1 1 404 403 405
4600 2 2 1 1 413 412 414
4601 2 2 1 1 528 527 531
4602 2 2 1 1 688 721 3172
4603 2 2 1 1 1600 690 3307
4604 2 2 1 1 801 802 803
4605 2 2 1 1 833 832 837
4606 2 2 1 1 1159 1158 1360
4607 2 2 1 1 1532 3311 3312
4608 2 2 1 1 1867 1584 3349
4609 2 2 1 1 1608 1596 2142
4610 2 2 1 1 1611 1630 2058
4611 2 2 1 1 1880 2986 3354
4612 2 2 1 1 2005 2004 2006
4613 2 2 1 1 2114 2372 2373
4614 2 2 1 1 3030 3267 3281
4615 2 2 1 1 1059 1163 1164
4616 2 2 1 1 1544 1542 1545
4617 2 2 1 1 411 413 3330
4618 2 2 1 1 1291 1516 3345
4619 2 2 1 1 1528 1532 3211
4620 2 2 1 1 1743 3310 3318
4621 2 2 1 1 1779 1757 2267
4622 2 2 1 1 2204 1853 2524
4623 2 2 1 1 1922 1919 3227
4624 2 2 1 1 2251 3138 3312
4625 2 2 1 1 2377 2639 2640
4626 2 2 1 1 3073 3075 3150
4627 2 2 1 1 507 508 509
4628 2 2 1 1 516 518 558
4629 2 2 1 1 1927 1925 3296
4630 2 2 1 1 899 787 3298
4631 2 2 1 1 791 793 3134
4632 2 2 1 1 3072 824 3073
4633 2 2 1 1 860 861 934
4634 2 2 1 1 876 910 911
4635 2 2 1 1 1109 987 2992
4636 2 2 1 1 1171 1108 1328
4637 2 2 1 1 1364 1488 1497
4638 2 2 1 1 1453 1454 1455
4639 2 2 1 1 1802 1493 1803
4640 2 2 1 1 1577 1575 1833
4641 2 2 1 1 1585 1587 2054
4642 2 2 1 1 1591 1592 1593
4643 2 2 1 1 1591 1593 3078
4644 2 2 1 1 2997 1833 2998
4645 2 2 1 1 1856 1855 3332
4646 2 2 1 1 2039 3105 3300
4647 2 2 1 1 3245 2446 3282
4648 2 2 1 1 3050 3049 3051
4649 2 2 1 1 3189 3188 3268
4650 2 2 1 1 379 380 381
4651 2 2 1 1 668 670 3263
4652 2 2 1 1 1046 1045 1047
4653 2 2 1 1 1566 1568 3109
4654 2 2 1 1 1658 2060 3253
4655 2 2 1 1 2245 1904 2933
4656 2 2 1 1 1940 1941 1942
4657 2 2 1 1 1958 1957 1959
4658 2 2 1 1 2097 3028 3031
4659 2 2 1 1 1165 1167 1323
4660 2 2 1 1 463 1518 1853
4661 2 2 1 1 809 853 3326
4662 2 2 1 1 1236 1478 3310
4663 2 2 1 1 1286 1451 1452
4664 2 2 1 1 1740 3290 3305
4665 2 2 1 1 1930 1931 1932
4666 2 2 1 1 1976 1978 1998
4667 2 2 1 1 3018 1987 3019
4668 2 2 1 1 2012 2011 2013
4669 2 2 1 1 3013 3012 3014
4670 2 2 1 1 3073 3074 3075
4671 2 2 1 1 3163 3166 3318
4672 2 2 1 1 1247 1249 3302
4673 2 2 1 1 1544 1757 1779
4674 2 2 1 1 399 466 1538
4675 2 2 1 1 645 656 3239
4676 2 2 1 1 3213 767 3269
4677 2 2 1 1 1691 1690 2052
4678 2 2 1 1 2497 1911 3359
4679 2 2 1 1 2226 2225 2715
4680 2 2 1 1 2640 3155 3323
4681 2 2 1 1 3129 3278 3300
4682 2 2 1 1 700 703 3297
4683 2 2 1 1 1576 1575 1577
4684 2 2 1 1 1589 1590 1591
4685 2 2 1 1 1609 1611 3355
4686 2 2 1 1 1953 2166 3296
4687 2 2 1 1 3367 2232 3368
4688 2 2 1 1 494 492 548
4689 2 2 1 1 494 548 3306
4690 2 2 1 1 510 505 511
4691 2 2 1 1 509 525 526
4692 2 2 1 1 516 558 3059
4693 2 2 1 1 1222 799 3325
4694 2 2 1 1 2054 1587 3314
4695 2 2 1 1 2390 1782 3308
4696 2 2 1 1 1945 2143 3319
4697 2 2 1 1 1952 1955 1956
4698 2 2 1 1 1976 1977 1978
4699 2 2 1 1 3126 1998 3414
4700 2 2 1 1 2009 2223 3364
4701 2 2 1 1 740 668 3263
4702 2 2 1 1 837 918 3047
4703 2 2 1 1 1611 2058 3355
4704 2 2 1 1 1880 2985 2986
4705 2 2 1 1 1985 3093 3350
4706 2 2 1 1 642 637 3403
4707 2 2 1 1 1546 3346 3348
4708 2 2 1 1 2005 2912 2913
4709 2 2 1 1 656 1006 3239
4710 2 2 1 1 690 691 3307
4711 2 2 1 1 3073 824 3074
4712 2 2 1 1 919 916 1097
4713 2 2 1 1 1488 1363 1668
4714 2 2 1 1 1708 1511 1709
4715 2 2 1 1 2010 2011 2012
4716 2 2 1 1 2388 2228 2389
4717 2 2 1 1 1060 761 3290
4718 2 2 1 1 1532 3266 3311
4719 2 2 1 1 2148 1751 2149
4720 2 2 1 1 1776 2201 2351
4721 2 2 1 1 1805 1804 2233
4722 2 2 1 1 1925 1953 3296
4723 2 2 1 1 1932 1985 3350
4724 2 2 1 1 3155 1967 3323
4725 2 2 1 1 395 399 3304
4726 2 2 1 1 389 388 390
4727 2 2 1 1 393 392 394
4728 2 2 1 1 396 394 480
4729 2 2 1 1 403 401 3322
4730 2 2 1 1 428 429 430
4731 2 2 1 1 1175 480 1753
4732 2 2 1 1 504 506 507
4733 2 2 1 1 662 1228 3262
4734 2 2 1 1 824 782 3333
4735 2 2 1 1 2998 1833 2999
4736 2 2 1 1 1967 1964 3323
4737 2 2 1 1 1972 1973 1974
4738 2 2 1 1 1901 1899 2551
4739 2 2 1 1 3266 3229 3311
4740 2 2 1 1 643 644 3360
4741 2 2 1 1 839 837 3047
4742 2 2 1 1 987 943 1232
4743 2 2 1 1 1576 1578 2047
4744 2 2 1 1 1900 1902 2949
4745 2 2 1 1 2270 1907 2681
4746 2 2 1 1 3213 3269 3305
4747 2 2 1 1 3014 3012 3043
4748 2 2 1 1 1554 505 3234
4749 2 2 1 1 535 536 718
4750 2 2 1 1 770 768 3256
4751 2 2 1 1 771 773 3208
4752 2 2 1 1 912 933 2078
4753 2 2 1 1 1743 1480 3310
4754 2 2 1 1 1900 1899 1901
4755 2 2 1 1 1908 2381 3125
4756 2 2 1 1 2217 2019 3351
4757 2 2 1 1 3278 2039 3300
4758 2 2 1 1 3319 2143 3320
4759 2 2 1 1 2966 2967 2971
4760 2 2 1 1 900 771 3208
4761 2 2 1 1 768 816 3256
4762 2 2 1 1 1447 1751 1752
4763 2 2 1 1 2106 2107 2108
4764 2 2 1 1 2112 2111 2113
4765 2 2 1 1 381 383 463
4766 2 2 1 1 399 397 400
4767 2 2 1 1 415 416 417
4768 2 2 1 1 1206 428 3182
4769 2 2 1 1 528 531 532
4770 2 2 1 1 649 674 3275
4771 2 2 1 1 1581 1579 1844
4772 2 2 1 1 2661 3395 3404
4773 2 2 1 1 3051 3053 3346
4774 2 2 1 1 674 3140 3275
4775 2 2 1 1 1999 2244 2917
4776 2 2 1 1 1480 1236 3310
4777 2 2 1 1 1935 1933 3267
4778 2 2 1 1 1959 1957 2331
4779 2 2 1 1 3050 3051 3346
4780 2 2 1 1 1217 403 3322
4781 2 2 1 1 734 716 3245
4782 2 2 1 1 1740 1060 3290
4783 2 2 1 1 1868 2049 2931
4784 2 2 1 1 1908 3125 3345
4785 2 2 1 1 1986 1930 3350
4786 2 2 1 1 3094 3092 3363
4787 2 2 1 1 456 3158 3379
4788 2 2 1 1 1323 1167 1502
4789 2 2 1 1 1489 2189 2190
4790 2 2 1 1 3046 3159 3328
4791 2 2 1 1 1773 1771 2156
4792 2 2 1 1 487 486 488
4793 2 2 1 1 536 537 538
4794 2 2 1 1 1052 1044 1288
4795 2 2 1 1 1664 1502 1868
4796 2 2 1 1 1855 2500 3332
4797 2 2 1 1 1961 1959 3352
4798 2 2 1 1 1962 1964 1965
4799 2 2 1 1 425 423 3238
4800 2 2 1 1 1170 512 3324
4801 2 2 1 1 716 745 3245
4802 2 2 1 1 3074 824 3333
4803 2 2 1 1 1157 1159 3033
4804 2 2 1 1 1390 1291 3345
4805 2 2 1 1 3267 1989 3281
4806 2 2 1 1 2108 2107 2109
4807 2 2 1 1 1988 3296 3336
4808 2 2 1 1 2013 2011 2437
4809 2 2 1 1 391 392 393
4810 2 2 1 1 514 516 3059
4811 2 2 1 1 538 537 539
4812 2 2 1 1 1360 1735 1736
4813 2 2 1 1 1537 3289 3295
4814 2 2 1 1 652 843 3348
4815 2 2 1 1 3095 819 3392
4816 2 2 1 1 1499 1498 1770
4817 2 2 1 1 2008 2243 3038
4818 2 2 1 1 507 506 508
4819 2 2 1 1 699 700 3297
4820 2 2 1 1 2038 699 3297
4821 2 2 1 1 1165 1164 1166
4822 2 2 1 1 1906 2285 3025
4823 2 2 1 1 3296 2166 3336
4824 2 2 1 1 2389 2228 2921
4825 2 2 1 1 2234 2233 2468
4826 2 2 1 1 1549 1550 1551
4827 2 2 1 1 3217 3216 3392
4828 2 2 1 1 401 3309 3322
4829 2 2 1 1 618 631 3151
4830 2 2 1 1 2057 1609 3355
4831 2 2 1 1 1776 2351 2352
4832 2 2 1 1 479 2270 2271
4833 2 2 1 1 807 809 3326
4834 2 2 1 1 2397 2210 2398
4835 2 2 1 1 514 3059 3324
4836 2 2 1 1 1227 3113 3114
4837 2 2 1 1 1447 1723 1751
4838 2 2 1 1 1795 1661 1796
4839 2 2 1 1 3016 3015 3327
4840 2 2 1 1 454 618 3151
4841 2 2 1 1 734 3245 3282
4842 2 2 1 1 1801 2257 2258
4843 2 2 1 1 1933 1989 3267
4844 2 2 1 1 1046 1058 2246
4845 2 2 1 1 3083 3084 3342
4846 2 2 1 1 380 378 1161
4847 2 2 1 1 3375 388 3402
4848 2 2 1 1 655 643 3360
4849 2 2 1 1 2681 1907 2991
4850 2 2 1 1 1913 2682 3359
4851 2 2 1 1 1940 1983 3337
4852 2 2 1 1 1814 1815 2918
4853 2 2 1 1 683 3042 3102
4854 2 2 1 1 1455 1454 1498
4855 2 2 1 1 1587 1589 3314
4856 2 2 1 1 2376 1961 3352
4857 2 2 1 1 1991 1999 3401
4858 2 2 1 1 2659 2658 2662
4859 2 2 1 1 934 861 3361
4860 2 2 1 1 1040 1160 1234
4861 2 2 1 1 3080 1988 3336
4862 2 2 1 1 1659 1453 3003
4863 2 2 1 1 2015 2014 2016
4864 2 2 1 1 1740 3305 3376
4865 2 2 1 1 644 1565 3360
4866 2 2 1 1 1537 3280 3289
4867 2 2 1 1 2003 2501 3139
4868 2 2 1 1 1853 1518 1854
4869 2 2 1 1 1959 2331 3352
4870 2 2 1 1 1157 1158 1159
4871 2 2 1 1 1941 2097 3380
4872 2 2 1 1 3092 3076 3363
4873 2 2 1 1 1229 807 3326
4874 2 2 1 1 384 387 3287
4875 2 2 1 1 1930 1932 3350
4876 2 2 1 1 1978 1990 1991
4877 2 2 1 1 1364 1363 1488
4878 2 2 1 1 1514 1508 1821
4879 2 2 1 1 3280 3247 3289
4880 2 2 1 1 1045 1044 1052
4881 2 2 1 1 2223 2007 3139
4882 2 2 1 1 1067 1391 3344
4883 2 2 1 1 1938 1940 3337
4884 2 2 1 1 1474 1288 1582
4885 2 2 1 1 2097 3032 3380
4886 2 2 1 1 399 1538 3304
4887 2 2 1 1 1822 1821 2231
4888 2 2 1 1 810 3097 3264
4889 2 2 1 1 3351 2017 3390
4890 2 2 1 1 479 1907 2270
4891 2 2 1 1 3352 2331 3353
4892 2 2 1 1 1905 501 2990
4893 2 2 1 1 901 683 3102
4894 2 2 1 1 1553 1776 3371
4895 2 2 1 1 2957 1659 3003
4896 2 2 1 1 2080 1724 2247
4897 2 2 1 1 483 482 484
4898 2 2 1 1 1868 1502 2048
4899 2 2 1 1 1801 2256 2257
4900 2 2 1 1 2016 2014 2017
4901 2 2 1 1 882 812 3264
4902 2 2 1 1 1589 2055 3314
4903 2 2 1 1 1736 1735 2093
4904 2 2 1 1 2241 2242 2904
4905 2 2 1 1 413 461 3330
4906 2 2 1 1 2991 1907 3101
4907 2 2 1 1 843 1546 3348
4908 2 2 1 1 1003 975 3344
4909 2 2 1 1 1992 2943 2944
4910 2 2 1 1 3375 2660 3404
4911 2 2 1 1 1773 2157 3387
4912 2 2 1 1 1984 1938 3337
4913 2 2 1 1 1808 2152 2442
4914 2 2 1 1 1538 1540 3385
4915 2 2 1 1 1792 1791 3365
4916 2 2 1 1 1981 1950 3382
4917 2 2 1 1 2210 2019 2217
4918 2 2 1 1 397 396 3309
4919 2 2 1 1 482 478 758
4920 2 2 1 1 2136 2137 2614
4921 2 2 1 1 3171 655 3360
4922 2 2 1 1 812 810 3264
4923 2 2 1 1 2007 2004 3139
4924 2 2 1 1 2099 1592 3354
4925 2 2 1 1 1660 1661 1795
4926 2 2 1 1 919 1097 3338
4927 2 2 1 1 975 1067 3344
4928 2 2 1 1 379 378 380
4929 2 2 1 1 2993 1162 2994
4930 2 2 1 1 1452 2953 2956
4931 2 2 1 1 1360 1736 3331
4932 2 2 1 1 1796 1661 2146
4933 2 2 1 1 421 3179 3180
4934 2 2 1 1 1896 1897 2927
4935 2 2 1 1 401 397 3309
4936 2 2 1 1 1059 1164 1165
4937 2 2 1 1 1497 1488 1506
4938 2 2 1 1 2225 1792 3365
4939 2 2 1 1 3216 1986 3384
4940 2 2 1 1 3341 3304 3385
4941 2 2 1 1 2905 2906 2907
4942 2 2 1 1 1355 1511 1704
4943 2 2 1 1 2004 2003 3139
4944 2 2 1 1 1517 1515 3315
4945 2 2 1 1 2242 1822 3007
4946 2 2 1 1 393 3304 3341
4947 2 2 1 1 3395 2661 3405
4948 2 2 1 1 481 482 483
4949 2 2 1 1 2912 2006 3038
4950 2 2 1 1 461 3316 3317
4951 2 2 1 1 2372 2371 3334
4952 2 2 1 1 2051 1583 3362
4953 2 2 1 1 1585 2054 3362
4954 2 2 1 1 2905 2242 2906
4955 2 2 1 1 2964 1979 3284
4956 2 2 1 1 640 654 3377
4957 2 2 1 1 1232 943 3338
4958 2 2 1 1 2259 2260 2261
4959 2 2 1 1 3054 1740 3376
4960 2 2 1 1 3141 1917 3398
4961 2 2 1 1 415 417 3316
4962 2 2 1 1 418 416 3179
4963 2 2 1 1 654 685 3377
4964 2 2 1 1 2241 1822 2242
4965 2 2 1 1 3380 3032 3391
4966 2 2 1 1 819 3252 3392
4967 2 2 1 1 1910 1517 3315
4968 2 2 1 1 461 415 3316
4969 2 2 1 1 421 418 3179
4970 2 2 1 1 1490 1489 3372
4971 2 2 1 1 860 1547 3357
4972 2 2 1 1 1950 1952 3382
4973 2 2 1 1 1979 1960 3284
4974 2 2 1 1 943 919 3338
4975 2 2 1 1 1583 1585 3362
4976 2 2 1 1 499 1905 3279
4977 2 2 1 1 1821 1508 1823
4978 2 2 1 1 406 408 3017
4979 2 2 1 1 1955 2232 3367
4980 2 2 1 1 2006 2008 3038
4981 2 2 1 1 1704 2523 3370
4982 2 2 1 1 3360 1565 3386
4983 2 2 1 1 2180 1773 3387
4984 2 2 1 1 1952 1980 3382
4985 2 2 1 1 1943 1941 3380
4986 2 2 1 1 3395 3100 3404
4987 2 2 1 1 1992 2944 2945
4988 2 2 1 1 1981 3382 3410
4989 2 2 1 1 2198 1506 3389
4990 2 2 1 1 394 392 3329
4991 2 2 1 1 3171 3360 3386
4992 2 2 1 1 646 642 3403
4993 2 2 1 1 1662 1660 2914
4994 2 2 1 1 660 653 3400
4995 2 2 1 1 3407 3011 3410
4996 2 2 1 1 1776 2352 3371
4997 2 2 1 1 2549 2372 3334
4998 2 2 1 1 408 1214 3017
4999 2 2 1 1 865 876 3383
5000 2 2 1 1 2043 3171 3386
5001 2 2 1 1 1822 2231 3007
5002 2 2 1 1 3286 2249 3287
5003 2 2 1 1 2254 1549 3394
5004 2 2 1 1 3093 3095 3384
5005 2 2 1 1 2901 1749 2902
5006 2 2 1 1 2143 1943 3380
5007 2 2 1 1 1565 3141 3386
5008 2 2 1 1 1986 3350 3384
5009 2 2 1 1 1980 2966 3382
5010 2 2 1 1 833 838 3357
5011 2 2 1 1 1160 1041 3205
5012 2 2 1 1 2143 3380 3391
5013 2 2 1 1 2331 1957 3367
5014 2 2 1 1 2042 480 3329
5015 2 2 1 1 3252 3217 3392
5016 2 2 1 1 717 497 3279
5017 2 2 1 1 2999 1833 3388
5018 2 2 1 1 3350 3093 3384
5019 2 2 1 1 838 860 3357
5020 2 2 1 1 1549 1551 3394
5021 2 2 1 1 2255 3356 3369
5022 2 2 1 1 390 388 3375
5023 2 2 1 1 1540 1906 3385
5024 2 2 1 1 3357 2254 3358
5025 2 2 1 1 3100 1267 3404
5026 2 2 1 1 2966 2971 3410
5027 2 2 1 1 833 3357 3358
5028 2 2 1 1 1544 1779 3335
5029 2 2 1 1 2254 3394 3413
5030 2 2 1 1 3320 2143 3391
5031 2 2 1 1 2971 3407 3410
5032 2 2 1 1 3043 3011 3407
5033 2 2 1 1 1581 1844 3349
5034 2 2 1 1 3373 2913 3374
5035 2 2 1 1 1584 1581 3349
5036 2 2 1 1 1745 2043 3408
5037 2 2 1 1 3048 918 3347
5038 2 2 1 1 1573 1816 3388
5039 2 2 1 1 3286 471 3366
5040 2 2 1 1 2660 2661 3404
5041 2 2 1 1 1493 1490 3372
5042 2 2 1 1 2278 2103 3416
5043 2 2 1 1 876 912 3383
5044 2 2 1 1 1474 1800 3397
5045 2 2 1 1 1957 1955 3367
5046 2 2 1 1 2000 2002 3378
5047 2 2 1 1 1917 2044 3398
5048 2 2 1 1 1804 1493 3372
5049 2 2 1 1 497 499 3279
5050 2 2 1 1 2005 2913 3378
5051 2 2 1 1 2013 2477 3390
5052 2 2 1 1 861 863 3361
5053 2 2 1 1 863 1233 3361
5054 2 2 1 1 480 394 3329
5055 2 2 1 1 1906 3026 3385
5056 2 2 1 1 912 2078 3383
5057 2 2 1 1 3394 3109 3413
5058 2 2 1 1 1566 3109 3394
5059 2 2 1 1 1543 1541 3335
5060 2 2 1 1 3026 3341 3385
5061 2 2 1 1 2926 1160 3205
5062 2 2 1 1 3301 660 3400
5063 2 2 1 1 832 820 3347
5064 2 2 1 1 1165 1323 3393
5065 2 2 1 1 2025 646 3403
5066 2 2 1 1 1575 1573 3388
5067 2 2 1 1 2069 1745 3408
5068 2 2 1 1 1551 1566 3394
5069 2 2 1 1 3277 3043 3407
5070 2 2 1 1 3115 3339 3406
5071 2 2 1 1 388 386 3402
5072 2 2 1 1 1896 2927 3340
5073 2 2 1 1 1833 1575 3388
5074 2 2 1 1 2002 2005 3378
5075 2 2 1 1 1668 1363 3331
5076 2 2 1 1 3413 3109 3415
5077 2 2 1 1 841 3358 3413
5078 2 2 1 1 918 832 3347
5079 2 2 1 1 2233 1804 3399
5080 2 2 1 1 465 377 2900
5081 2 2 1 1 910 875 3412
5082 2 2 1 1 2043 3398 3408
5083 2 2 1 1 2137 3100 3395
5084 2 2 1 1 3339 3099 3406
5085 2 2 1 1 377 378 379
5086 2 2 1 1 1541 1544 3335
5087 2 2 1 1 1363 1360 3331
5088 2 2 1 1 1505 1749 2901
5089 2 2 1 1 1660 1505 1661
5090 2 2 1 1 1168 1413 3409
5091 2 2 1 1 1827 1826 3416
5092 2 2 1 1 481 478 482
5093 2 2 1 1 506 3082 3396
5094 2 2 1 1 2245 2933 3321
5095 2 2 1 1 1157 1015 1158
5096 2 2 1 1 2950 2245 3321
5097 2 2 1 1 1477 1660 1662
5098 2 2 1 1 3011 1981 3410
5099 2 2 1 1 477 1157 2897
5100 2 2 1 1 947 526 3356
5101 2 2 1 1 3054 3376 3447
5102 2 2 1 1 479 2271 3402
5103 2 2 1 1 1162 508 3396
5104 2 2 1 1 875 1000 3412
5105 2 2 1 1 2048 1502 3409
5106 2 2 1 1 3398 2044 3408
5107 2 2 1 1 526 528 3356
5108 2 2 1 1 508 506 3396
5109 2 2 1 1 1826 2424 3416
5110 2 2 1 1 3054 3447 3448
5111 2 2 1 1 3109 2045 3415
5112 2 2 1 1 641 645 3418
5113 2 2 1 1 3415 2045 3417
5114 2 2 1 1 1705 3054 3448
5115 2 2 1 1 3239 3242 3418
5116 2 2 1 1 3356 528 3369
5117 2 2 1 1 1058 1059 3393
5118 2 2 1 1 841 3413 3415
5119 2 2 1 1 386 479 3402
5120 2 2 1 1 3358 2254 3413
5121 2 2 1 1 1502 1167 3409
5122 2 2 1 1 1582 1288 3411
5123 2 2 1 1 1235 1065 3419
5124 2 2 1 1 1998 1978 3401
5125 2 2 1 1 3114 3126 3414
5126 2 2 1 1 2103 1827 3416
5127 2 2 1 1 1167 1168 3409
5128 2 2 1 1 1978 1991 3401
5129 2 2 1 1 1042 1039 3424
5130 2 2 1 1 1044 1042 3411
5131 2 2 1 1 1059 1165 3393
5132 2 2 1 1 3225 841 3415
5133 2 2 1 1 2045 3124 3417
5134 2 2 1 1 3225 3415 3417
5135 2 2 1 1 1288 1044 3411
5136 2 2 1 1 2937 1709 3421
5137 2 2 1 1 1065 1286 3419
5138 2 2 1 1 3027 1231 3420
5139 2 2 1 1 1354 2952 3431
5140 2 2 1 1 1231 3225 3417
5141 2 2 1 1 853 3422 3423
5142 2 2 1 1 645 3239 3418
5143 2 2 1 1 3124 2046 3420
5144 2 2 1 1 3027 3420 3422
5145 2 2 1 1 3420 2046 3422
5146 2 2 1 1 853 3027 3422
5147 2 2 1 1 1229 3425 3428
5148 2 2 1 1 3417 3124 3420
5149 2 2 1 1 3422 3005 3423
5150 2 2 1 1 2256 3411 3424
5151 2 2 1 1 1511 1354 3431
5152 2 2 1 1 1231 3417 3420
5153 2 2 1 1 2046 3005 3422
5154 2 2 1 1 3326 853 3423
5155 2 2 1 1 1286 1452 3419
5156 2 2 1 1 3005 2047 3423
5157 2 2 1 1 3425 3006 3428
5158 2 2 1 1 477 1015 1157
5159 2 2 1 1 2047 3006 3425
5160 2 2 1 1 473 478 481
5161 2 2 1 1 376 398 2898
5162 2 2 1 1 377 376 378
5163 2 2 1 1 1477 1505 1660
5164 2 2 1 1 1505 1462 1749
5165 2 2 1 1 3421 1709 3431
5166 2 2 1 1 375 377 465
5167 2 2 1 1 1229 3326 3425
5168 2 2 1 1 1598 3455 3456
5169 2 2 1 1 3326 3423 3425
5170 2 2 1 1 3423 2047 3425
5171 2 2 1 1 3024 1229 3428
5172 2 2 1 1 2051 3362 3427
5173 2 2 1 1 3006 2051 3428
5174 2 2 1 1 3429 2054 3430
5175 2 2 1 1 878 3024 3427
5176 2 2 1 1 3427 3362 3429
5177 2 2 1 1 2260 2257 3426
5178 2 2 1 1 2051 3427 3428
5179 2 2 1 1 3325 3429 3430
5180 2 2 1 1 3362 2054 3429
5181 2 2 1 1 878 3427 3429
5182 2 2 1 1 3427 3024 3428
5183 2 2 1 1 3325 878 3429
5184 2 2 1 1 2054 3314 3430
5185 2 2 1 1 3411 1042 3424
5186 2 2 1 1 3432 2055 3433
5187 2 2 1 1 1222 3325 3430
5188 2 2 1 1 1709 1511 3431
5189 2 2 1 1 3314 2055 3432
5190 2 2 1 1 3254 3432 3433
5191 2 2 1 1 3254 1222 3432
5192 2 2 1 1 3430 3314 3432
5193 2 2 1 1 2055 3078 3433
5194 2 2 1 1 3376 3305 3446
5195 2 2 1 1 3445 2062 3446
5196 2 2 1 1 3433 3078 3434
5197 2 2 1 1 890 3254 3433
5198 2 2 1 1 2062 3376 3446
5199 2 2 1 1 1222 3430 3432
5200 2 2 1 1 3269 900 3446
5201 2 2 1 1 3078 2056 3434
5202 2 2 1 1 890 3433 3434
5203 2 2 1 1 2062 1691 3447
5204 2 2 1 1 3134 890 3434
5205 2 2 1 1 3434 2056 3435
5206 2 2 1 1 3376 2062 3447
5207 2 2 1 1 2056 3200 3435
5208 2 2 1 1 3134 3434 3435
5209 2 2 1 1 1226 3134 3435
5210 2 2 1 1 3435 3200 3436
5211 2 2 1 1 1226 3435 3436
5212 2 2 1 1 3200 2057 3436
5213 2 2 1 1 3298 1226 3436
5214 2 2 1 1 899 3298 3437
5215 2 2 1 1 3298 3436 3437
5216 2 2 1 1 899 3437 3438
5217 2 2 1 1 3436 2057 3437
5218 2 2 1 1 2057 3355 3437
5219 2 2 1 1 3198 899 3438
5220 2 2 1 1 1212 3439 3440
5221 2 2 1 1 3437 3355 3438
5222 2 2 1 1 3355 2058 3438
5223 2 2 1 1 1212 3198 3439
5224 2 2 1 1 3439 3055 3440
5225 2 2 1 1 3198 3438 3439
5226 2 2 1 1 3055 2059 3440
5227 2 2 1 1 3438 2058 3439
5228 2 2 1 1 2058 3055 3439
5229 2 2 1 1 3175 1212 3440
5230 2 2 1 1 909 3175 3441
5231 2 2 1 1 909 3441 3442
5232 2 2 1 1 3441 3253 3442
5233 2 2 1 1 3175 3440 3441
5234 2 2 1 1 3440 2059 3441
5235 2 2 1 1 2059 3253 3441
5236 2 2 1 1 3253 2060 3442
5237 2 2 1 1 3442 2060 3443
5238 2 2 1 1 3174 909 3442
5239 2 2 1 1 3174 3442 3443
5240 2 2 1 1 2060 3062 3443
5241 2 2 1 1 1218 3174 3443
5242 2 2 1 1 3208 1218 3444
5243 2 2 1 1 3208 3444 3445
5244 2 2 1 1 3444 2061 3445
5245 2 2 1 1 3062 2061 3444
5246 2 2 1 1 1218 3443 3444
5247 2 2 1 1 3443 3062 3444
5248 2 2 1 1 2061 2062 3445
5249 2 2 1 1 900 3208 3445
5250 2 2 1 1 3305 3269 3446
5251 2 2 1 1 1691 2052 3447
5252 2 2 1 1 3447 2052 3448
5253 2 2 1 1 2052 2370 3448
5254 2 2 1 1 473 477 478
5255 2 2 1 1 376 374 398
5256 2 2 1 1 1477 1462 1505
5257 2 2 1 1 477 472 1015
5258 2 2 1 1 375 376 377
5259 2 2 1 1 1053 635 3449
5260 2 2 1 1 635 640 3449
5261 2 2 1 1 640 3377 3449
5262 2 2 1 1 375 374 376
5263 2 2 1 1 1294 1462 1477
5264 2 2 1 1 473 472 477
5265 2 2 1 1 634 893 3450
5266 2 2 1 1 639 634 3450
5267 2 2 1 1 3400 639 3450
5268 2 2 1 1 3426 1038 3451
5269 2 2 1 1 1758 2426 3453
5270 2 2 1 1 1061 1294 1295
5271 2 2 1 1 1894 373 2896
5272 2 2 1 1 1294 1062 1462
5273 2 2 1 1 468 472 473
5274 2 2 1 1 373 374 375
5275 2 2 1 1 1107 1028 3452
5276 2 2 1 1 1760 1758 3453
5277 2 2 1 1 1028 1030 3452
5278 2 2 1 1 1598 632 3455
5279 2 2 1 1 3418 3242 3455
5280 2 2 1 1 632 636 3455
5281 2 2 1 1 3242 3241 3456
5282 2 2 1 1 2260 3426 3451
5283 2 2 1 1 1030 1235 3452
5284 2 2 1 1 2162 1760 3453
5285 2 2 1 1 3451 1034 3454
5286 2 2 1 1 2260 3451 3454
5287 2 2 1 1 2261 2260 3454
5288 2 2 1 1 636 3418 3455
5289 2 2 1 1 1598 3456 3457
5290 2 2 1 1 3456 3244 3457
5291 2 2 1 1 3241 3244 3456
5292 2 2 1 1 371 373 1894
5293 2 2 1 1 373 372 374
5294 2 2 1 1 372 2890 2894
5295 2 2 1 1 468 467 472
5296 2 2 1 1 1061 1062 1294
5297 2 2 1 1 464 468 1513
5298 2 2 1 1 626 630 3458
5299 2 2 1 1 630 1053 3458
5300 2 2 1 1 3482 1281 3488
5301 2 2 1 1 371 372 373
5302 2 2 1 1 372 370 2890
5303 2 2 1 1 464 467 468
5304 2 2 1 1 1061 986 1062
5305 2 2 1 1 1637 1636 3468
5306 2 2 1 1 1842 1639 3460
5307 2 2 1 1 985 984 2893
5308 2 2 1 1 464 369 467
5309 2 2 1 1 984 986 1061
5310 2 2 1 1 371 370 372
5311 2 2 1 1 986 908 1004
5312 2 2 1 1 615 617 3471
5313 2 2 1 1 2892 2895 3459
5314 2 2 1 1 1639 1739 3460
5315 2 2 1 1 2073 3122 3496
5316 2 2 1 1 2563 1842 3460
5317 2 2 1 1 2263 2889 3484
5318 2 2 1 1 1739 2117 3460
5319 2 2 1 1 907 984 985
5320 2 2 1 1 370 369 464
5321 2 2 1 1 984 908 986
5322 2 2 1 1 368 370 371
5323 2 2 1 1 3090 2070 3494
5324 2 2 1 1 3465 2283 3466
5325 2 2 1 1 627 1598 3461
5326 2 2 1 1 2063 3476 3480
5327 2 2 1 1 1158 1015 3462
5328 2 2 1 1 2240 1735 3462
5329 2 2 1 1 3122 2073 3498
5330 2 2 1 1 2263 3484 3486
5331 2 2 1 1 1598 3457 3461
5332 2 2 1 1 3491 2076 3505
5333 2 2 1 1 3494 2070 3495
5334 2 2 1 1 893 629 3467
5335 2 2 1 1 907 908 984
5336 2 2 1 1 368 369 370
5337 2 2 1 1 1735 1158 3462
5338 2 2 1 1 1738 1637 3468
5339 2 2 1 1 3235 2263 3486
5340 2 2 1 1 3149 1746 3469
5341 2 2 1 1 3463 2283 3465
5342 2 2 1 1 1864 3463 3464
5343 2 2 1 1 1864 1865 3463
5344 2 2 1 1 2070 2077 3495
5345 2 2 1 1 3244 2067 3470
5346 2 2 1 1 617 626 3471
5347 2 2 1 1 893 3467 3470
5348 2 2 1 1 2887 1204 3485
5349 2 2 1 1 1865 2283 3463
5350 2 2 1 1 3235 3486 3489
5351 2 2 1 1 629 625 3467
5352 2 2 1 1 2887 3485 3493
5353 2 2 1 1 2067 2066 3472
5354 2 2 1 1 1895 3481 3483
5355 2 2 1 1 625 3461 3467
5356 2 2 1 1 3461 3457 3467
5357 2 2 1 1 1238 1186 3473
5358 2 2 1 1 1184 3194 3473
5359 2 2 1 1 2426 1738 3468
5360 2 2 1 1 1209 3235 3489
5361 2 2 1 1 2072 3132 3474
5362 2 2 1 1 3467 3457 3470
5363 2 2 1 1 3496 3122 3506
5364 2 2 1 1 3132 3149 3469
5365 2 2 1 1 3470 2067 3472
5366 2 2 1 1 3479 2068 3493
5367 2 2 1 1 3301 3400 3475
5368 2 2 1 1 3472 2066 3475
5369 2 2 1 1 752 3086 3476
5370 2 2 1 1 1895 2889 3481
5371 2 2 1 1 3167 3165 3477
5372 2 2 1 1 1209 3489 3492
5373 2 2 1 1 3457 3244 3470
5374 2 2 1 1 626 3458 3471
5375 2 2 1 1 1176 3301 3478
5376 2 2 1 1 3210 2069 3487
5377 2 2 1 1 2889 1895 3484
5378 2 2 1 1 3164 2023 3479
5379 2 2 1 1 1744 2068 3479
5380 2 2 1 1 3194 1209 3492
5381 2 2 1 1 1176 3478 3480
5382 2 2 1 1 3301 3475 3478
5383 2 2 1 1 823 1281 3482
5384 2 2 1 1 2889 3294 3481
5385 2 2 1 1 3223 3207 3481
5386 2 2 1 1 2457 2155 2879
5387 2 2 1 1 893 3470 3472
5388 2 2 1 1 3450 893 3472
5389 2 2 1 1 3086 1176 3480
5390 2 2 1 1 3454 1034 3482
5391 2 2 1 1 2063 1747 3483
5392 2 2 1 1 1895 1742 3484
5393 2 2 1 1 367 2091 2883
5394 2 2 1 1 907 476 908
5395 2 2 1 1 368 367 369
5396 2 2 1 1 889 823 3482
5397 2 2 1 1 1192 1479 3485
5398 2 2 1 1 1204 1194 3485
5399 2 2 1 1 1186 1184 3473
5400 2 2 1 1 3450 3472 3475
5401 2 2 1 1 2264 2072 3474
5402 2 2 1 1 3132 3469 3497
5403 2 2 1 1 2044 3090 3487
5404 2 2 1 1 2069 3408 3487
5405 2 2 1 1 2261 3454 3488
5406 2 2 1 1 3400 3450 3475
5407 2 2 1 1 3207 752 3476
5408 2 2 1 1 3469 1746 3495
5409 2 2 1 1 3209 3210 3490
5410 2 2 1 1 3165 3164 3477
5411 2 2 1 1 3289 3247 3491
5412 2 2 1 1 3177 3479 3493
5413 2 2 1 1 2066 2064 3478
5414 2 2 1 1 3475 2066 3478
5415 2 2 1 1 2264 3499 3501
5416 2 2 1 1 2077 3469 3495
5417 2 2 1 1 2023 1744 3479
5418 2 2 1 1 3478 2064 3480
5419 2 2 1 1 3476 2063 3483
5420 2 2 1 1 1429 1150 3496
5421 2 2 1 1 1599 2073 3496
5422 2 2 1 1 2077 3307 3497
5423 2 2 1 1 2064 2063 3480
5424 2 2 1 1 3502 737 3504
5425 2 2 1 1 3294 3223 3481
5426 2 2 1 1 3121 3122 3498
5427 2 2 1 1 3303 1249 3498
5428 2 2 1 1 723 693 3499
5429 2 2 1 1 1479 3177 3493
5430 2 2 1 1 737 2038 3504
5431 2 2 1 1 2073 1695 3500
5432 2 2 1 1 2264 3474 3499
5433 2 2 1 1 697 737 3501
5434 2 2 1 1 1034 889 3482
5435 2 2 1 1 1747 1895 3483
5436 2 2 1 1 3469 2077 3497
5437 2 2 1 1 1742 1743 3484
5438 2 2 1 1 2071 2264 3502
5439 2 2 1 1 1194 1192 3485
5440 2 2 1 1 3207 3476 3483
5441 2 2 1 1 3484 1743 3486
5442 2 2 1 1 1743 3318 3486
5443 2 2 1 1 3408 2044 3487
5444 2 2 1 1 3474 723 3499
5445 2 2 1 1 2268 2261 3488
5446 2 2 1 1 3486 3318 3489
5447 2 2 1 1 2075 2076 3506
5448 2 2 1 1 3295 3289 3505
5449 2 2 1 1 3318 3166 3489
5450 2 2 1 1 1856 3503 3507
5451 2 2 1 1 3118 3303 3507
5452 2 2 1 1 1432 3209 3490
5453 2 2 1 1 3489 3166 3492
5454 2 2 1 1 1432 3490 3494
5455 2 2 1 1 3247 1429 3491
5456 2 2 1 1 3166 3167 3492
5457 2 2 1 1 2068 2887 3493
5458 2 2 1 1 3246 1432 3494
5459 2 2 1 1 3246 3494 3495
5460 2 2 1 1 1746 3246 3495
5461 2 2 1 1 1150 1599 3496
5462 2 2 1 1 3307 723 3497
5463 2 2 1 1 1249 3121 3498
5464 2 2 1 1 693 695 3499
5465 2 2 1 1 3503 3119 3507
5466 2 2 1 1 2456 2155 2457
5467 2 2 1 1 3499 695 3501
5468 2 2 1 1 1695 1856 3500
5469 2 2 1 1 2076 3491 3506
5470 2 2 1 1 695 697 3501
5471 2 2 1 1 367 365 2091
5472 2 2 1 1 476 470 1893
5473 2 2 1 1 475 476 907
5474 2 2 1 1 366 367 368
5475 2 2 1 1 1155 366 2884
5476 2 2 1 1 2074 2071 3502
5477 2 2 1 1 2074 3502 3504
5478 2 2 1 1 1856 3332 3503
5479 2 2 1 1 2076 2074 3504
5480 2 2 1 1 3491 1429 3506
5481 2 2 1 1 2038 3295 3505
5482 2 2 1 1 3303 3500 3507
5483 2 2 1 1 3122 2075 3506
5484 2 2 1 1 3119 3118 3507
5485 2 2 1 1 2883 2091 3508
5486 2 2 1 1 3500 1856 3507
5487 2 2 1 1 3504 2038 3505
5488 2 2 1 1 2076 3504 3505
5489 2 2 1 1 2154 2155 2456
5490 2 2 1 1 475 470 476
5491 2 2 1 1 364 366 1155
5492 2 2 1 1 469 475 1510
5493 2 2 1 1 366 365 367
5494 2 2 1 1 1638 2083 3509
5495 2 2 1 1 1467 1468 3509
5496 2 2 1 1 2089 1467 3509
5497 2 2 1 1 1468 1638 3509
5498 2 2 1 1 1437 1438 3510
5499 2 2 1 1 2154 2153 2155
5500 2 2 1 1 2432 1437 3510
5501 2 2 1 1 1019 1048 3511
5502 2 2 1 1 469 470 475
5503 2 2 1 1 364 365 366
5504 2 2 1 1 1331 1332 1333
5505 2 2 1 1 1021 1019 3511
5506 2 2 1 1 894 613 3513
5507 2 2 1 1 2791 2793 2794
5508 2 2 1 1 613 615 3513
5509 2 2 1 1 125 126 2880
5510 2 2 1 1 1864 3464 3514
5511 2 2 1 1 1473 1021 3511
5512 2 2 1 1 1848 1849 3514
5513 2 2 1 1 2901 2902 3515
5514 2 2 1 1 2396 2146 3515
5515 2 2 1 1 2429 1848 3514
5516 2 2 1 1 615 3471 3513
5517 2 2 1 1 1766 2153 2154
5518 2 2 1 1 1398 1397 1399
5519 2 2 1 1 364 362 365
5520 2 2 1 1 469 363 470
5521 2 2 1 1 363 364 2878
5522 2 2 1 1 1849 1864 3514
5523 2 2 1 1 1718 1711 3705
5524 2 2 1 1 2146 2901 3515
5525 2 2 1 1 1402 1404 3516
5526 2 2 1 1 3516 2230 3517
5527 2 2 1 1 2100 1615 3534
5528 2 2 1 1 3814 2767 3816
5529 2 2 1 1 2050 4037 4108
5530 2 2 1 1 1766 2145 2153
5531 2 2 1 1 2145 1764 2810
5532 2 2 1 1 361 363 469
5533 2 2 1 1 363 362 364
5534 2 2 1 1 1405 1406 1440
5535 2 2 1 1 2850 318 2851
5536 2 2 1 1 1388 1387 1389
5537 2 2 1 1 331 248 3524
5538 2 2 1 1 1386 1385 1387
5539 2 2 1 1 288 103 2875
5540 2 2 1 1 2768 2606 3667
5541 2 2 1 1 2272 1607 3550
5542 2 2 1 1 1384 1383 1385
5543 2 2 1 1 2342 2341 2343
5544 2 2 1 1 102 103 288
5545 2 2 1 1 100 101 341
5546 2 2 1 1 97 98 282
5547 2 2 1 1 96 97 3520
5548 2 2 1 1 95 96 343
5549 2 2 1 1 2342 2344 3565
5550 2 2 1 1 158 159 1253
5551 2 2 1 1 2375 2303 3531
5552 2 2 1 1 92 93 277
5553 2 2 1 1 2856 2854 2857
5554 2 2 1 1 540 539 541
5555 2 2 1 1 1388 1389 2876
5556 2 2 1 1 2758 2760 2761
5557 2 2 1 1 1378 1377 1379
5558 2 2 1 1 1382 1381 1383
5559 2 2 1 1 2303 2305 3531
5560 2 2 1 1 980 1365 3554
5561 2 2 1 1 197 198 298
5562 2 2 1 1 247 248 331
5563 2 2 1 1 355 474 2841
5564 2 2 1 1 1376 1375 1377
5565 2 2 1 1 2858 2857 2859
5566 2 2 1 1 355 357 474
5567 2 2 1 1 1374 1373 1375
5568 2 2 1 1 2617 2619 2620
5569 2 2 1 1 2375 3531 3532
5570 2 2 1 1 97 282 3520
5571 2 2 1 1 1444 1719 1720
5572 2 2 1 1 1378 1379 3512
5573 2 2 1 1 1766 1764 2145
5574 2 2 1 1 343 96 3520
5575 2 2 1 1 2258 3777 3819
5576 2 2 1 1 152 153 344
5577 2 2 1 1 2344 2343 2345
5578 2 2 1 1 361 362 363
5579 2 2 1 1 2852 2851 2860
5580 2 2 1 1 1365 2178 3554
5581 2 2 1 1 2828 2826 2829
5582 2 2 1 1 1372 1371 1373
5583 2 2 1 1 153 154 3526
5584 2 2 1 1 2305 2406 3531
5585 2 2 1 1 2484 2329 2870
5586 2 2 1 1 1343 1342 1344
5587 2 2 1 1 89 90 299
5588 2 2 1 1 151 152 3527
5589 2 2 1 1 2834 2830 2835
5590 2 2 1 1 360 1482 3588
5591 2 2 1 1 1345 1344 1346
5592 2 2 1 1 1263 1262 1264
5593 2 2 1 1 1347 1346 1348
5594 2 2 1 1 953 980 3554
5595 2 2 1 1 1777 2230 3516
5596 2 2 1 1 1261 1075 1262
5597 2 2 1 1 1268 1264 1269
5598 2 2 1 1 1341 1340 1342
5599 2 2 1 1 326 2777 3729
5600 2 2 1 1 1765 1764 1766
5601 2 2 1 1 1270 1269 1271
5602 2 2 1 1 1720 2169 2341
5603 2 2 1 1 150 151 325
5604 2 2 1 1 88 89 3528
5605 2 2 1 1 2782 2781 2783
5606 2 2 1 1 200 201 276
5607 2 2 1 1 1368 1350 1369
5608 2 2 1 1 2508 2400 2509
5609 2 2 1 1 1349 1348 1350
5610 2 2 1 1 1339 1338 1340
5611 2 2 1 1 3 45 330
5612 2 2 1 1 2836 2835 2837
5613 2 2 1 1 79 4 1671
5614 2 2 1 1 353 355 2841
5615 2 2 1 1 1017 1016 3541
5616 2 2 1 1 1272 1271 1273
5617 2 2 1 1 87 88 1252
5618 2 2 1 1 1404 1777 3516
5619 2 2 1 1 193 9 346
5620 2 2 1 1 191 192 313
5621 2 2 1 1 192 193 3530
5622 2 2 1 1 2650 3620 3651
5623 2 2 1 1 1337 1336 1338
5624 2 2 1 1 2510 2509 2645
5625 2 2 1 1 1016 1274 3541
5626 2 2 1 1 19 20 2701
5627 2 2 1 1 86 87 3529
5628 2 2 1 1 1857 2272 2273
5629 2 2 1 1 174 175 1606
5630 2 2 1 1 188 189 321
5631 2 2 1 1 1405 1403 1406
5632 2 2 1 1 3508 2091 3553
5633 2 2 1 1 2796 2240 3553
5634 2 2 1 1 2498 2140 2874
5635 2 2 1 1 2202 3912 4276
5636 2 2 1 1 346 9 347
5637 2 2 1 1 185 186 326
5638 2 2 1 1 1720 1719 2169
5639 2 2 1 1 1874 1605 2274
5640 2 2 1 1 2876 1398 3533
5641 2 2 1 1 538 539 540
5642 2 2 1 1 85 86 272
5643 2 2 1 1 1284 1076 3534
5644 2 2 1 1 2333 2120 2679
5645 2 2 1 1 3691 3566 4110
5646 2 2 1 1 344 153 3526
5647 2 2 1 1 1277 1273 1278
5648 2 2 1 1 160 161 307
5649 2 2 1 1 152 344 3527
5650 2 2 1 1 163 164 308
5651 2 2 1 1 166 167 309
5652 2 2 1 1 169 170 310
5653 2 2 1 1 172 173 312
5654 2 2 1 1 1389 1396 1397
5655 2 2 1 1 357 358 359
5656 2 2 1 1 1775 2350 3540
5657 2 2 1 1 1274 2088 3541
5658 2 2 1 1 2808 2122 3571
5659 2 2 1 1 350 349 351
5660 2 2 1 1 2341 2169 2455
5661 2 2 1 1 348 347 349
5662 2 2 1 1 1335 1334 1336
5663 2 2 1 1 2979 268 4063
5664 2 2 1 1 1279 1278 1326
5665 2 2 1 1 3553 2091 3588
5666 2 2 1 1 3611 1810 3949
5667 2 2 1 1 1684 1685 3563
5668 2 2 1 1 2140 1698 2141
5669 2 2 1 1 183 184 1250
5670 2 2 1 1 1327 1326 1330
5671 2 2 1 1 1775 2098 2350
5672 2 2 1 1 2411 2383 4072
5673 2 2 1 1 346 348 2081
5674 2 2 1 1 325 151 3527
5675 2 2 1 1 89 299 3528
5676 2 2 1 1 2345 2648 2726
5677 2 2 1 1 1137 1138 3561
5678 2 2 1 1 2852 2860 3551
5679 2 2 1 1 350 856 857
5680 2 2 1 1 8 176 311
5681 2 2 1 1 1048 1017 3541
5682 2 2 1 1 1379 1380 1381
5683 2 2 1 1 870 1056 3569
5684 2 2 1 1 2090 2183 3562
5685 2 2 1 1 1331 1330 1332
5686 2 2 1 1 857 973 974
5687 2 2 1 1 190 191 3546
5688 2 2 1 1 178 179 314
5689 2 2 1 1 1333 1332 1334
5690 2 2 1 1 1055 1298 1299
5691 2 2 1 1 974 1074 1075
5692 2 2 1 1 1834 1684 3563
5693 2 2 1 1 584 585 586
5694 2 2 1 1 2345 2343 2648
5695 2 2 1 1 3120 1276 3766
5696 2 2 1 1 1444 1445 1719
5697 2 2 1 1 1507 1755 2082
5698 2 2 1 1 355 356 357
5699 2 2 1 1 181 182 322
5700 2 2 1 1 357 356 358
5701 2 2 1 1 1252 88 3528
5702 2 2 1 1 1299 1300 1301
5703 2 2 1 1 1262 1075 1293
5704 2 2 1 1 2859 2861 2862
5705 2 2 1 1 2830 2829 3535
5706 2 2 1 1 1305 1306 1307
5707 2 2 1 1 2857 2854 3551
5708 2 2 1 1 346 347 348
5709 2 2 1 1 4011 3152 4089
5710 2 2 1 1 350 351 856
5711 2 2 1 1 348 349 350
5712 2 2 1 1 3541 2088 3562
5713 2 2 1 1 1014 1013 1081
5714 2 2 1 1 1283 1284 1444
5715 2 2 1 1 1103 2486 3782
5716 2 2 1 1 193 346 3530
5717 2 2 1 1 313 192 3530
5718 2 2 1 1 1369 1370 1371
5719 2 2 1 1 563 2096 3579
5720 2 2 1 1 1271 1269 1448
5721 2 2 1 1 857 856 973
5722 2 2 1 1 1399 1397 1436
5723 2 2 1 1 72 73 1256
5724 2 2 1 1 66 67 270
5725 2 2 1 1 62 63 290
5726 2 2 1 1 77 78 301
5727 2 2 1 1 64 65 1254
5728 2 2 1 1 68 69 1255
5729 2 2 1 1 65 66 3536
5730 2 2 1 1 63 64 3537
5731 2 2 1 1 74 75 269
5732 2 2 1 1 70 71 289
5733 2 2 1 1 47 48 266
5734 2 2 1 1 58 59 271
5735 2 2 1 1 60 61 1257
5736 2 2 1 1 55 56 1258
5737 2 2 1 1 61 62 3539
5738 2 2 1 1 50 51 302
5739 2 2 1 1 59 60 3538
5740 2 2 1 1 53 54 281
5741 2 2 1 1 974 973 1074
5742 2 2 1 1 1445 1284 1615
5743 2 2 1 1 232 233 3660
5744 2 2 1 1 1250 2780 3754
5745 2 2 1 1 87 1252 3529
5746 2 2 1 1 726 1677 3690
5747 2 2 1 1 1389 1387 1396
5748 2 2 1 1 1385 1383 1408
5749 2 2 1 1 1507 1380 1607
5750 2 2 1 1 1379 1377 1380
5751 2 2 1 1 2405 2546 3772
5752 2 2 1 1 1444 1284 1445
5753 2 2 1 1 3586 1417 3607
5754 2 2 1 1 1048 3541 3562
5755 2 2 1 1 2859 2857 2861
5756 2 2 1 1 2702 2701 2731
5757 2 2 1 1 2854 2852 3551
5758 2 2 1 1 1507 2082 3547
5759 2 2 1 1 1755 1607 1857
5760 2 2 1 1 1715 2176 3933
5761 2 2 1 1 1281 747 3579
5762 2 2 1 1 93 94 3522
5763 2 2 1 1 1616 1622 1627
5764 2 2 1 1 1373 1371 1417
5765 2 2 1 1 1326 1278 1653
5766 2 2 1 1 2240 3508 3553
5767 2 2 1 1 1615 1284 3534
5768 2 2 1 1 588 589 590
5769 2 2 1 1 272 86 3529
5770 2 2 1 1 191 313 3546
5771 2 2 1 1 1283 2868 3555
5772 2 2 1 1 361 360 362
5773 2 2 1 1 720 563 3579
5774 2 2 1 1 2416 3563 3564
5775 2 2 1 1 1890 1892 2718
5776 2 2 1 1 3039 3040 3582
5777 2 2 1 1 3088 2142 3582
5778 2 2 1 1 1381 1380 1507
5779 2 2 1 1 1440 1406 1512
5780 2 2 1 1 2480 2199 3584
5781 2 2 1 1 977 1069 1414
5782 2 2 1 1 1369 1350 1370
5783 2 2 1 1 359 361 2765
5784 2 2 1 1 1482 3553 3588
5785 2 2 1 1 365 362 3588
5786 2 2 1 1 214 215 273
5787 2 2 1 1 196 197 3523
5788 2 2 1 1 207 208 268
5789 2 2 1 1 212 213 1260
5790 2 2 1 1 210 211 304
5791 2 2 1 1 213 214 3542
5792 2 2 1 1 206 207 3543
5793 2 2 1 1 205 206 1259
5794 2 2 1 1 203 204 300
5795 2 2 1 1 217 218 303
5796 2 2 1 1 277 93 3522
5797 2 2 1 1 2835 2830 3535
5798 2 2 1 1 1874 2274 2275
5799 2 2 1 1 346 2081 3530
5800 2 2 1 1 1507 1607 1755
5801 2 2 1 1 148 149 345
5802 2 2 1 1 443 440 3590
5803 2 2 1 1 1348 1346 1357
5804 2 2 1 1 1090 1089 1091
5805 2 2 1 1 2169 1719 2170
5806 2 2 1 1 2861 2857 3551
5807 2 2 1 1 1336 1334 1623
5808 2 2 1 1 3488 1281 3594
5809 2 2 1 1 1269 1264 3545
5810 2 2 1 1 725 724 731
5811 2 2 1 1 1755 1857 1881
5812 2 2 1 1 1698 1512 3540
5813 2 2 1 1 1332 1330 1832
5814 2 2 1 1 2782 2785 3776
5815 2 2 1 1 1296 609 3601
5816 2 2 1 1 1283 1076 1284
5817 2 2 1 1 586 587 588
5818 2 2 1 1 2093 2796 3596
5819 2 2 1 1 2724 2094 3596
5820 2 2 1 1 2350 2098 2637
5821 2 2 1 1 2140 2141 2874
5822 2 2 1 1 1295 3775 3785
5823 2 2 1 1 1074 973 1076
5824 2 2 1 1 973 856 3552
5825 2 2 1 1 1342 1340 1466
5826 2 2 1 1 1403 1401 3567
5827 2 2 1 1 2081 348 3549
5828 2 2 1 1 350 857 3549
5829 2 2 1 1 1140 1137 3561
5830 2 2 1 1 1457 1149 3599
5831 2 2 1 1 436 1174 3600
5832 2 2 1 1 1383 1381 3547
5833 2 2 1 1 1857 2273 3544
5834 2 2 1 1 1387 1385 3548
5835 2 2 1 1 1377 1375 3550
5836 2 2 1 1 2088 2090 3562
5837 2 2 1 1 2416 1834 3563
5838 2 2 1 1 1627 1622 1628
5839 2 2 1 1 570 571 572
5840 2 2 1 1 1074 1076 1283
5841 2 2 1 1 3797 2891 3878
5842 2 2 1 1 567 568 570
5843 2 2 1 1 2881 4141 4190
5844 2 2 1 1 355 354 356
5845 2 2 1 1 3896 2356 3899
5846 2 2 1 1 1628 1763 1764
5847 2 2 1 1 1448 1269 3545
5848 2 2 1 1 2637 2098 2706
5849 2 2 1 1 1621 2100 2126
5850 2 2 1 1 2504 2502 3963
5851 2 2 1 1 609 611 3601
5852 2 2 1 1 348 350 3549
5853 2 2 1 1 1509 1460 3612
5854 2 2 1 1 1381 1507 3547
5855 2 2 1 1 1293 1075 3555
5856 2 2 1 1 2122 2121 3571
5857 2 2 1 1 2540 2112 3603
5858 2 2 1 1 2114 2373 3603
5859 2 2 1 1 1075 1074 3555
5860 2 2 1 1 2868 2342 3565
5861 2 2 1 1 197 298 3523
5862 2 2 1 1 1775 1605 1874
5863 2 2 1 1 1353 2144 3741
5864 2 2 1 1 1512 1406 1605
5865 2 2 1 1 1406 1403 3567
5866 2 2 1 1 1303 1304 1305
5867 2 2 1 1 1353 1464 2144
5868 2 2 1 1 1500 1699 2202
5869 2 2 1 1 2552 1470 4245
5870 2 2 1 1 1512 1605 1775
5871 2 2 1 1 164 165 3573
5872 2 2 1 1 1775 1874 2098
5873 2 2 1 1 707 2705 3837
5874 2 2 1 1 308 164 3573
5875 2 2 1 1 1512 1775 3540
5876 2 2 1 1 1881 1857 3544
5877 2 2 1 1 1408 1383 3547
5878 2 2 1 1 1396 1387 3548
5879 2 2 1 1 1385 1408 3548
5880 2 2 1 1 938 939 940
5881 2 2 1 1 1607 1380 3550
5882 2 2 1 1 1380 1377 3550
5883 2 2 1 1 1678 2738 3804
5884 2 2 1 1 1174 434 3608
5885 2 2 1 1 431 432 3608
5886 2 2 1 1 572 573 574
5887 2 2 1 1 518 519 520
5888 2 2 1 1 2274 1605 3567
5889 2 2 1 1 1852 2431 3612
5890 2 2 1 1 66 270 3536
5891 2 2 1 1 1254 65 3536
5892 2 2 1 1 64 1254 3537
5893 2 2 1 1 290 63 3537
5894 2 2 1 1 62 290 3539
5895 2 2 1 1 1257 61 3539
5896 2 2 1 1 60 1257 3538
5897 2 2 1 1 271 59 3538
5898 2 2 1 1 2837 2835 3557
5899 2 2 1 1 2770 2771 3581
5900 2 2 1 1 2348 2347 3884
5901 2 2 1 1 1074 1283 3555
5902 2 2 1 1 1460 1625 3612
5903 2 2 1 1 94 95 3521
5904 2 2 1 1 1707 1884 3644
5905 2 2 1 1 215 216 3568
5906 2 2 1 1 2141 1698 3540
5907 2 2 1 1 1330 1326 3556
5908 2 2 1 1 3562 2183 3585
5909 2 2 1 1 2543 2108 3615
5910 2 2 1 1 2110 2540 3615
5911 2 2 1 1 474 357 3525
5912 2 2 1 1 1326 1653 3556
5913 2 2 1 1 2272 3586 3607
5914 2 2 1 1 1301 1302 1303
5915 2 2 1 1 2272 3550 3586
5916 2 2 1 1 2893 1295 3785
5917 2 2 1 1 353 354 355
5918 2 2 1 1 67 68 3570
5919 2 2 1 1 1786 1612 1788
5920 2 2 1 1 747 720 3579
5921 2 2 1 1 564 565 567
5922 2 2 1 1 95 343 3521
5923 2 2 1 1 1726 2130 2188
5924 2 2 1 1 2351 2561 3807
5925 2 2 1 1 3534 1076 3552
5926 2 2 1 1 357 359 3525
5927 2 2 1 1 1140 3561 3599
5928 2 2 1 1 2329 2724 3734
5929 2 2 1 1 2529 2206 3859
5930 2 2 1 1 574 575 576
5931 2 2 1 1 432 429 3618
5932 2 2 1 1 427 1211 3618
5933 2 2 1 1 1262 1293 3595
5934 2 2 1 1 359 2765 3525
5935 2 2 1 1 545 557 3587
5936 2 2 1 1 1445 1615 1616
5937 2 2 1 1 1832 1330 3556
5938 2 2 1 1 1106 1008 2214
5939 2 2 1 1 2142 3039 3582
5940 2 2 1 1 2835 3535 3557
5941 2 2 1 1 1076 973 3552
5942 2 2 1 1 1114 1121 1495
5943 2 2 1 1 1605 1406 3567
5944 2 2 1 1 2916 341 4086
5945 2 2 1 1 2199 2198 3584
5946 2 2 1 1 3511 1048 3585
5947 2 2 1 1 1373 1417 3586
5948 2 2 1 1 80 81 283
5949 2 2 1 1 214 273 3542
5950 2 2 1 1 1260 213 3542
5951 2 2 1 1 1259 206 3543
5952 2 2 1 1 207 268 3543
5953 2 2 1 1 1719 1445 3572
5954 2 2 1 1 2091 365 3588
5955 2 2 1 1 2106 2543 3621
5956 2 2 1 1 3876 3387 3878
5957 2 2 1 1 1874 2275 3558
5958 2 2 1 1 68 1255 3570
5959 2 2 1 1 270 67 3570
5960 2 2 1 1 1375 1373 3586
5961 2 2 1 1 356 354 1099
5962 2 2 1 1 3545 1264 3595
5963 2 2 1 1 440 438 3590
5964 2 2 1 1 2268 3488 3594
5965 2 2 1 1 3550 1375 3586
5966 2 2 1 1 3464 3542 4105
5967 2 2 1 1 2262 3676 3727
5968 2 2 1 1 2796 1482 3559
5969 2 2 1 1 2706 2098 3558
5970 2 2 1 1 1616 1615 1621
5971 2 2 1 1 2098 1874 3558
5972 2 2 1 1 1117 1115 1126
5973 2 2 1 1 2219 2102 3624
5974 2 2 1 1 990 992 2277
5975 2 2 1 1 2570 2569 4001
5976 2 2 1 1 2135 2134 2417
5977 2 2 1 1 2133 1847 2134
5978 2 2 1 1 321 2793 3709
5979 2 2 1 1 3590 438 3600
5980 2 2 1 1 2094 2093 3596
5981 2 2 1 1 1832 2714 4275
5982 2 2 1 1 311 2560 3970
5983 2 2 1 1 2893 3785 3800
5984 2 2 1 1 1264 1262 3595
5985 2 2 1 1 561 562 564
5986 2 2 1 1 2170 1719 3572
5987 2 2 1 1 1048 3562 3585
5988 2 2 1 1 273 215 3568
5989 2 2 1 1 851 1115 1116
5990 2 2 1 1 3238 423 3630
5991 2 2 1 1 420 421 3630
5992 2 2 1 1 1628 1622 1763
5993 2 2 1 1 856 351 3580
5994 2 2 1 1 219 2636 2816
5995 2 2 1 1 354 352 3616
5996 2 2 1 1 3744 2273 3918
5997 2 2 1 1 351 349 352
5998 2 2 1 1 2786 2787 3829
5999 2 2 1 1 1149 1140 3599
6000 2 2 1 1 1616 1627 3572
6001 2 2 1 1 438 436 3600
6002 2 2 1 1 2677 1767 3604
6003 2 2 1 1 3567 1401 3606
6004 2 2 1 1 1399 1436 3606
6005 2 2 1 1 353 2841 3580
6006 2 2 1 1 2637 2706 4257
6007 2 2 1 1 3356 2255 3632
6008 2 2 1 1 83 84 1251
6009 2 2 1 1 94 3521 3522
6010 2 2 1 1 3932 3790 4072
6011 2 2 1 1 2096 2823 3628
6012 2 2 1 1 2695 1317 3736
6013 2 2 1 1 611 894 3601
6014 2 2 1 1 29 30 3576
6015 2 2 1 1 27 28 3575
6016 2 2 1 1 34 35 306
6017 2 2 1 1 41 42 3577
6018 2 2 1 1 23 24 275
6019 2 2 1 1 32 33 1276
6020 2 2 1 1 33 34 3578
6021 2 2 1 1 39 40 1266
6022 2 2 1 1 26 27 305
6023 2 2 1 1 37 38 267
6024 2 2 1 1 28 29 1265
6025 2 2 1 1 30 31 274
6026 2 2 1 1 42 43 284
6027 2 2 1 1 2747 2346 3602
6028 2 2 1 1 487 489 3633
6029 2 2 1 1 555 560 561
6030 2 2 1 1 988 1104 1409
6031 2 2 1 1 1761 2101 3634
6032 2 2 1 1 2117 1759 3634
6033 2 2 1 1 1129 1095 1316
6034 2 2 1 1 400 402 3620
6035 2 2 1 1 1616 1621 1622
6036 2 2 1 1 932 937 938
6037 2 2 1 1 2112 2114 3603
6038 2 2 1 1 2274 3567 3606
6039 2 2 1 1 224 225 2605
6040 2 2 1 1 1485 1362 1672
6041 2 2 1 1 3180 3179 3637
6042 2 2 1 1 235 336 4291
6043 2 2 1 1 2900 3009 3638
6044 2 2 1 1 2817 2803 3655
6045 2 2 1 1 572 574 3751
6046 2 2 1 1 1401 1399 3606
6047 2 2 1 1 985 2893 3800
6048 2 2 1 1 3544 2273 3744
6049 2 2 1 1 3552 856 3580
6050 2 2 1 1 1087 1315 3793
6051 2 2 1 1 1207 414 3643
6052 2 2 1 1 3527 344 3953
6053 2 2 1 1 299 90 3605
6054 2 2 1 1 336 236 4068
6055 2 2 1 1 353 352 354
6056 2 2 1 1 434 431 3608
6057 2 2 1 1 1445 1616 3572
6058 2 2 1 1 351 352 353
6059 2 2 1 1 347 9 1838
6060 2 2 1 1 233 292 3660
6061 2 2 1 1 1625 1852 3612
6062 2 2 1 1 518 517 519
6063 2 2 1 1 3606 1436 3625
6064 2 2 1 1 409 410 3649
6065 2 2 1 1 2513 1728 3644
6066 2 2 1 1 231 337 3892
6067 2 2 1 1 2078 2218 3947
6068 2 2 1 1 1701 2206 2542
6069 2 2 1 1 2877 466 3620
6070 2 2 1 1 349 347 3597
6071 2 2 1 1 2393 2392 3975
6072 2 2 1 1 1409 1410 1411
6073 2 2 1 1 466 400 3620
6074 2 2 1 1 2793 321 3726
6075 2 2 1 1 1646 1729 3946
6076 2 2 1 1 218 219 2816
6077 2 2 1 1 402 404 3651
6078 2 2 1 1 2189 1328 3652
6079 2 2 1 1 1108 1109 3652
6080 2 2 1 1 2273 2272 3607
6081 2 2 1 1 879 2881 4190
6082 2 2 1 1 90 91 3605
6083 2 2 1 1 287 259 4122
6084 2 2 1 1 2108 2110 3615
6085 2 2 1 1 2123 2089 3654
6086 2 2 1 1 3509 2083 3654
6087 2 2 1 1 351 353 3580
6088 2 2 1 1 750 1434 3658
6089 2 2 1 1 2375 2643 4213
6090 2 2 1 1 3035 3034 3659
6091 2 2 1 1 2944 283 4077
6092 2 2 1 1 352 3597 3616
6093 2 2 1 1 1621 2126 3589
6094 2 2 1 1 2084 1673 2086
6095 2 2 1 1 895 2613 3674
6096 2 2 1 1 2176 3639 3933
6097 2 2 1 1 2345 2726 3647
6098 2 2 1 1 228 10 4052
6099 2 2 1 1 359 360 361
6100 2 2 1 1 360 358 1482
6101 2 2 1 1 3322 2253 3661
6102 2 2 1 1 2315 2318 2700
6103 2 2 1 1 429 427 3618
6104 2 2 1 1 493 495 3664
6105 2 2 1 1 1712 1717 2191
6106 2 2 1 1 358 356 3559
6107 2 2 1 1 555 561 3641
6108 2 2 1 1 2650 2877 3620
6109 2 2 1 1 971 970 1612
6110 2 2 1 1 994 996 1285
6111 2 2 1 1 2101 2219 3891
6112 2 2 1 1 1622 1621 3589
6113 2 2 1 1 2104 2106 3621
6114 2 2 1 1 458 441 3669
6115 2 2 1 1 444 1205 3669
6116 2 2 1 1 1106 2214 3614
6117 2 2 1 1 994 1285 3685
6118 2 2 1 1 1710 1713 2151
6119 2 2 1 1 624 2690 3977
6120 2 2 1 1 2729 746 3674
6121 2 2 1 1 1077 2723 3753
6122 2 2 1 1 1763 1622 3589
6123 2 2 1 1 2733 2252 3671
6124 2 2 1 1 3229 2641 3671
6125 2 2 1 1 2104 3621 3624
6126 2 2 1 1 930 931 932
6127 2 2 1 1 569 724 725
6128 2 2 1 1 3525 2766 3721
6129 2 2 1 1 2268 3594 3628
6130 2 2 1 1 2723 2452 3753
6131 2 2 1 1 822 895 3674
6132 2 2 1 1 2274 3606 3625
6133 2 2 1 1 2823 1613 3628
6134 2 2 1 1 2236 2238 3933
6135 2 2 1 1 2102 2104 3624
6136 2 2 1 1 2351 3807 3854
6137 2 2 1 1 2766 2767 3798
6138 2 2 1 1 1114 1828 4312
6139 2 2 1 1 2300 2299 3680
6140 2 2 1 1 658 712 2079
6141 2 2 1 1 873 859 874
6142 2 2 1 1 1008 903 3675
6143 2 2 1 1 2081 2817 3655
6144 2 2 1 1 332 2637 4257
6145 2 2 1 1 760 859 873
6146 2 2 1 1 717 3279 3677
6147 2 2 1 1 2310 2300 3680
6148 2 2 1 1 589 587 3733
6149 2 2 1 1 965 964 966
6150 2 2 1 1 2100 3534 3653
6151 2 2 1 1 423 420 3630
6152 2 2 1 1 35 36 3619
6153 2 2 1 1 967 966 968
6154 2 2 1 1 2792 2790 3719
6155 2 2 1 1 2639 301 4261
6156 2 2 1 1 608 3532 4094
6157 2 2 1 1 1092 1091 1094
6158 2 2 1 1 2666 4218 4239
6159 2 2 1 1 2275 2274 3625
6160 2 2 1 1 2092 3228 3683
6161 2 2 1 1 2419 2086 2420
6162 2 2 1 1 301 3021 4261
6163 2 2 1 1 3403 3845 4070
6164 2 2 1 1 1099 354 3616
6165 2 2 1 1 947 3356 3632
6166 2 2 1 1 34 306 3578
6167 2 2 1 1 1276 33 3578
6168 2 2 1 1 305 27 3575
6169 2 2 1 1 28 1265 3575
6170 2 2 1 1 30 274 3576
6171 2 2 1 1 1265 29 3576
6172 2 2 1 1 42 284 3577
6173 2 2 1 1 3594 2096 3628
6174 2 2 1 1 356 1099 3559
6175 2 2 1 1 3383 2078 3686
6176 2 2 1 1 2312 2311 2313
6177 2 2 1 1 2989 2193 3687
6178 2 2 1 1 3319 3320 3687
6179 2 2 1 1 1273 2624 3998
6180 2 2 1 1 2865 1352 3693
6181 2 2 1 1 489 827 3633
6182 2 2 1 1 3542 273 4105
6183 2 2 1 1 3767 2135 4121
6184 2 2 1 1 1040 1234 3689
6185 2 2 1 1 1036 1037 3689
6186 2 2 1 1 352 349 3597
6187 2 2 1 1 963 962 964
6188 2 2 1 1 3530 2081 3655
6189 2 2 1 1 1759 1761 3634
6190 2 2 1 1 2287 3738 3739
6191 2 2 1 1 1672 1362 3614
6192 2 2 1 1 1072 2435 2804
6193 2 2 1 1 1411 1412 2692
6194 2 2 1 1 2100 3653 3684
6195 2 2 1 1 3234 507 3694
6196 2 2 1 1 509 947 3694
6197 2 2 1 1 2311 4022 4236
6198 2 2 1 1 1064 2867 3833
6199 2 2 1 1 2685 657 4214
6200 2 2 1 1 2776 2777 3719
6201 2 2 1 1 359 358 360
6202 2 2 1 1 2171 1786 3929
6203 2 2 1 1 727 749 750
6204 2 2 1 1 928 929 930
6205 2 2 1 1 1258 2733 3756
6206 2 2 1 1 2561 2650 3807
6207 2 2 1 1 3510 1438 3636
6208 2 2 1 1 1813 2211 2212
6209 2 2 1 1 2216 2472 2473
6210 2 2 1 1 3179 1207 3637
6211 2 2 1 1 969 968 970
6212 2 2 1 1 2422 2128 2423
6213 2 2 1 1 14 15 4148
6214 2 2 1 1 608 605 2642
6215 2 2 1 1 3009 2204 3638
6216 2 2 1 1 3560 1509 3920
6217 2 2 1 1 2822 340 4085
6218 2 2 1 1 2845 319 3744
6219 2 2 1 1 1443 1025 3702
6220 2 2 1 1 1023 1473 3702
6221 2 2 1 1 3958 2191 4225
6222 2 2 1 1 2268 3628 3676
6223 2 2 1 1 3906 827 3915
6224 2 2 1 1 2778 2780 3740
6225 2 2 1 1 2739 1606 4120
6226 2 2 1 1 303 218 2816
6227 2 2 1 1 1482 358 3559
6228 2 2 1 1 321 189 3692
6229 2 2 1 1 580 579 581
6230 2 2 1 1 3511 3585 3682
6231 2 2 1 1 256 257 3939
6232 2 2 1 1 3279 1905 3640
6233 2 2 1 1 2532 1073 4226
6234 2 2 1 1 2124 2158 3711
6235 2 2 1 1 2083 2222 3893
6236 2 2 1 1 3655 2803 3697
6237 2 2 1 1 1692 2085 2139
6238 2 2 1 1 190 3546 3692
6239 2 2 1 1 347 1838 3597
6240 2 2 1 1 2671 2374 3866
6241 2 2 1 1 735 871 3713
6242 2 2 1 1 3103 733 3713
6243 2 2 1 1 414 412 3643
6244 2 2 1 1 1820 2393 3701
6245 2 2 1 1 1651 1418 3794
6246 2 2 1 1 2346 2345 3647
6247 2 2 1 1 57 58 3708
6248 2 2 1 1 582 581 583
6249 2 2 1 1 306 35 3619
6250 2 2 1 1 3643 412 3649
6251 2 2 1 1 3975 2392 4027
6252 2 2 1 1 578 577 579
6253 2 2 1 1 2614 2137 3716
6254 2 2 1 1 3395 3405 3716
6255 2 2 1 1 2309 2525 3718
6256 2 2 1 1 2407 2308 3718
6257 2 2 1 1 412 409 3649
6258 2 2 1 1 2777 2775 3740
6259 2 2 1 1 188 321 3709
6260 2 2 1 1 2474 2475 4316
6261 2 2 1 1 983 3255 3725
6262 2 2 1 1 757 760 3609
6263 2 2 1 1 883 748 884
6264 2 2 1 1 326 186 3712
6265 2 2 1 1 582 584 3927
6266 2 2 1 1 517 3288 3591
6267 2 2 1 1 404 462 3651
6268 2 2 1 1 3023 533 3727
6269 2 2 1 1 3583 2682 3711
6270 2 2 1 1 2855 1408 3806
6271 2 2 1 1 2646 3894 3895
6272 2 2 1 1 750 825 826
6273 2 2 1 1 1415 1029 3728
6274 2 2 1 1 1027 1443 3728
6275 2 2 1 1 1328 1108 3652
6276 2 2 1 1 2419 2420 2559
6277 2 2 1 1 2265 2764 3811
6278 2 2 1 1 926 927 928
6279 2 2 1 1 2636 278 2708
6280 2 2 1 1 297 2648 4115
6281 2 2 1 1 2990 1170 3731
6282 2 2 1 1 748 726 3690
6283 2 2 1 1 3546 2801 3692
6284 2 2 1 1 2864 316 3801
6285 2 2 1 1 3580 2841 3653
6286 2 2 1 1 2089 3509 3654
6287 2 2 1 1 1879 2215 2216
6288 2 2 1 1 3087 3088 3735
6289 2 2 1 1 3773 1813 4280
6290 2 2 1 1 2084 2086 2419
6291 2 2 1 1 2116 1649 2311
6292 2 2 1 1 1485 1672 1673
6293 2 2 1 1 2659 2662 3737
6294 2 2 1 1 3405 2661 3737
6295 2 2 1 1 3628 1613 3676
6296 2 2 1 1 245 246 3763
6297 2 2 1 1 3552 3580 3653
6298 2 2 1 1 3034 1217 3659
6299 2 2 1 1 2932 300 3743
6300 2 2 1 1 1496 1798 1813
6301 2 2 1 1 185 326 3729
6302 2 2 1 1 2466 2085 2467
6303 2 2 1 1 2491 2489 2684
6304 2 2 1 1 2730 315 3611
6305 2 2 1 1 313 3530 3655
6306 2 2 1 1 3659 1217 3661
6307 2 2 1 1 2644 1351 4179
6308 2 2 1 1 2339 2383 2411
6309 2 2 1 1 1250 184 3729
6310 2 2 1 1 2352 2351 3854
6311 2 2 1 1 2183 2182 3898
6312 2 2 1 1 2337 2338 2339
6313 2 2 1 1 2769 2768 3667
6314 2 2 1 1 2832 2839 3791
6315 2 2 1 1 339 2728 3695
6316 2 2 1 1 2733 1258 3832
6317 2 2 1 1 2314 2313 2315
6318 2 2 1 1 1768 1435 1769
6319 2 2 1 1 1217 3322 3661
6320 2 2 1 1 2183 3898 3902
6321 2 2 1 1 3534 3552 3653
6322 2 2 1 1 490 488 3746
6323 2 2 1 1 2669 2670 3722
6324 2 2 1 1 495 717 3664
6325 2 2 1 1 2126 2100 3684
6326 2 2 1 1 726 711 1677
6327 2 2 1 1 2500 1872 3882
6328 2 2 1 1 1749 1462 3747
6329 2 2 1 1 2158 2160 3748
6330 2 2 1 1 756 757 3623
6331 2 2 1 1 2745 728 4048
6332 2 2 1 1 2262 2268 3676
6333 2 2 1 1 3798 2767 3814
6334 2 2 1 1 3633 827 3906
6335 2 2 1 1 1309 2597 4212
6336 2 2 1 1 3850 3668 4032
6337 2 2 1 1 1275 1077 3753
6338 2 2 1 1 2118 1858 2602
6339 2 2 1 1 3913 2820 4241
6340 2 2 1 1 2871 279 4050
6341 2 2 1 1 2752 2749 3817
6342 2 2 1 1 2794 2793 3726
6343 2 2 1 1 1909 3361 3757
6344 2 2 1 1 2435 2436 4044
6345 2 2 1 1 2212 2527 2528
6346 2 2 1 1 1662 2879 3762
6347 2 2 1 1 2780 2779 3776
6348 2 2 1 1 2696 1862 4304
6349 2 2 1 1 1295 1294 3762
6350 2 2 1 1 1477 1662 3762
6351 2 2 1 1 1557 1558 1559
6352 2 2 1 1 1789 1463 1858
6353 2 2 1 1 1361 1484 1486
6354 2 2 1 1 2432 3510 3929
6355 2 2 1 1 3308 4144 4222
6356 2 2 1 1 342 2842 3667
6357 2 2 1 1 3065 3120 3766
6358 2 2 1 1 2590 2591 3766
6359 2 2 1 1 2236 1676 2238
6360 2 2 1 1 154 155 3764
6361 2 2 1 1 2658 2270 3768
6362 2 2 1 1 3653 2841 3684
6363 2 2 1 1 924 925 926
6364 2 2 1 1 2934 2286 3908
6365 2 2 1 1 826 903 904
6366 2 2 1 1 950 884 951
6367 2 2 1 1 1486 1846 1847
6368 2 2 1 1 280 19 2701
6369 2 2 1 1 2648 297 4300
6370 2 2 1 1 237 286 4068
6371 2 2 1 1 441 444 3669
6372 2 2 1 1 2231 4018 4040
6373 2 2 1 1 570 568 571
6374 2 2 1 1 572 571 573
6375 2 2 1 1 2281 2626 3993
6376 2 2 1 1 2139 2085 2466
6377 2 2 1 1 2041 2715 3944
6378 2 2 1 1 584 583 585
6379 2 2 1 1 574 573 575
6380 2 2 1 1 3585 2183 3902
6381 2 2 1 1 2839 1357 3791
6382 2 2 1 1 1351 2644 4246
6383 2 2 1 1 2840 1678 3804
6384 2 2 1 1 3790 1416 4072
6385 2 2 1 1 576 575 577
6386 2 2 1 1 2713 1666 4130
6387 2 2 1 1 2879 2155 3775
6388 2 2 1 1 2087 1652 3592
6389 2 2 1 1 829 828 854
6390 2 2 1 1 2252 3229 3671
6391 2 2 1 1 2681 2991 3778
6392 2 2 1 1 249 250 3758
6393 2 2 1 1 2131 1144 3271
6394 2 2 1 1 183 1250 3754
6395 2 2 1 1 1475 1359 2625
6396 2 2 1 1 99 100 3772
6397 2 2 1 1 1414 1069 1676
6398 2 2 1 1 2722 2237 3639
6399 2 2 1 1 2656 1882 3701
6400 2 2 1 1 2335 2336 2337
6401 2 2 1 1 3638 2204 3706
6402 2 2 1 1 322 182 3754
6403 2 2 1 1 567 565 568
6404 2 2 1 1 2720 2647 3796
6405 2 2 1 1 1692 2139 3703
6406 2 2 1 1 276 2595 4108
6407 2 2 1 1 2449 2425 4122
6408 2 2 1 1 746 822 3674
6409 2 2 1 1 904 1007 1009
6410 2 2 1 1 1128 1835 3943
6411 2 2 1 1 855 854 870
6412 2 2 1 1 2810 1763 3814
6413 2 2 1 1 2672 704 3973
6414 2 2 1 1 2761 2760 3829
6415 2 2 1 1 300 204 3743
6416 2 2 1 1 205 1259 3743
6417 2 2 1 1 2899 2898 3786
6418 2 2 1 1 2710 222 4073
6419 2 2 1 1 281 54 3756
6420 2 2 1 1 55 1258 3756
6421 2 2 1 1 221 222 2710
6422 2 2 1 1 952 941 3867
6423 2 2 1 1 1692 1673 2084
6424 2 2 1 1 2198 3389 3788
6425 2 2 1 1 2250 3025 3792
6426 2 2 1 1 1613 3023 3676
6427 2 2 1 1 1068 976 1317
6428 2 2 1 1 922 923 924
6429 2 2 1 1 885 870 886
6430 2 2 1 1 542 541 545
6431 2 2 1 1 564 562 565
6432 2 2 1 1 1882 1683 3701
6433 2 2 1 1 2759 2757 3842
6434 2 2 1 1 1362 1106 3614
6435 2 2 1 1 2726 2648 4300
6436 2 2 1 1 57 3708 3901
6437 2 2 1 1 1054 951 1055
6438 2 2 1 1 2214 1008 3675
6439 2 2 1 1 961 960 962
6440 2 2 1 1 2126 3684 3721
6441 2 2 1 1 2482 3220 3795
6442 2 2 1 1 3466 2148 3858
6443 2 2 1 1 519 517 3591
6444 2 2 1 1 2894 2891 3797
6445 2 2 1 1 871 756 872
6446 2 2 1 1 1081 1446 1890
6447 2 2 1 1 2902 1749 4210
6448 2 2 1 1 304 211 3761
6449 2 2 1 1 212 1260 3761
6450 2 2 1 1 3828 886 3872
6451 2 2 1 1 1485 1673 1692
6452 2 2 1 1 3519 162 4279
6453 2 2 1 1 2118 2604 2673
6454 2 2 1 1 20 335 2701
6455 2 2 1 1 2944 2943 3802
6456 2 2 1 1 2163 3020 3802
6457 2 2 1 1 3640 1905 3731
6458 2 2 1 1 313 3655 3697
6459 2 2 1 1 2229 2819 3810
6460 2 2 1 1 1692 2084 2085
6461 2 2 1 1 2352 3854 3910
6462 2 2 1 1 709 559 828
6463 2 2 1 1 3518 2230 3810
6464 2 2 1 1 711 589 3733
6465 2 2 1 1 2380 1889 3804
6466 2 2 1 1 2188 2130 3668
6467 2 2 1 1 1318 1317 1319
6468 2 2 1 1 1484 1362 1485
6469 2 2 1 1 1473 3511 3682
6470 2 2 1 1 3050 3346 3808
6471 2 2 1 1 1546 3067 3808
6472 2 2 1 1 1234 1447 3755
6473 2 2 1 1 3007 2231 4040
6474 2 2 1 1 561 560 562
6475 2 2 1 1 1422 1307 1423
6476 2 2 1 1 2516 2287 4101
6477 2 2 1 1 2338 2727 2867
6478 2 2 1 1 959 957 960
6479 2 2 1 1 3661 2253 3898
6480 2 2 1 1 1092 1128 4133
6481 2 2 1 1 2454 2092 3683
6482 2 2 1 1 1338 2720 3796
6483 2 2 1 1 586 585 587
6484 2 2 1 1 3050 3808 4306
6485 2 2 1 1 1255 69 3783
6486 2 2 1 1 70 289 3783
6487 2 2 1 1 2144 1464 3645
6488 2 2 1 1 2841 474 3684
6489 2 2 1 1 3641 561 3642
6490 2 2 1 1 986 1004 3815
6491 2 2 1 1 1361 1106 1362
6492 2 2 1 1 596 594 657
6493 2 2 1 1 1685 3613 4044
6494 2 2 1 1 2379 2560 3842
6495 2 2 1 1 3646 2214 3985
6496 2 2 1 1 2537 286 4145
6497 2 2 1 1 2862 2864 3801
6498 2 2 1 1 220 278 2636
6499 2 2 1 1 1357 1346 3791
6500 2 2 1 1 263 264 4137
6501 2 2 1 1 3313 547 3819
6502 2 2 1 1 588 587 589
6503 2 2 1 1 2754 1066 3765
6504 2 2 1 1 3626 2129 4314
6505 2 2 1 1 2135 2417 3656
6506 2 2 1 1 2354 2188 2355
6507 2 2 1 1 1233 3383 3686
6508 2 2 1 1 2193 3319 3687
6509 2 2 1 1 2209 1631 3826
6510 2 2 1 1 1629 2172 3826
6511 2 2 1 1 3649 410 3893
6512 2 2 1 1 590 589 658
6513 2 2 1 1 181 322 3803
6514 2 2 1 1 310 170 3799
6515 2 2 1 1 2463 2461 4288
6516 2 2 1 1 1037 1040 3689
6517 2 2 1 1 189 190 3692
6518 2 2 1 1 1464 1789 1790
6519 2 2 1 1 1085 1082 3780
6520 2 2 1 1 2722 2470 4219
6521 2 2 1 1 1466 1340 3796
6522 2 2 1 1 2392 2394 4027
6523 2 2 1 1 760 873 3609
6524 2 2 1 1 1756 4052 4117
6525 2 2 1 1 484 482 3830
6526 2 2 1 1 981 2686 4097
6527 2 2 1 1 338 2704 3717
6528 2 2 1 1 493 3664 3926
6529 2 2 1 1 2491 2684 2685
6530 2 2 1 1 3222 4008 4107
6531 2 2 1 1 2118 2602 2604
6532 2 2 1 1 1276 3120 3919
6533 2 2 1 1 507 509 3694
6534 2 2 1 1 2165 2733 3832
6535 2 2 1 1 2369 2164 3832
6536 2 2 1 1 2157 3797 3878
6537 2 2 1 1 947 3632 4083
6538 2 2 1 1 1094 1419 2680
6539 2 2 1 1 4064 2521 4162
6540 2 2 1 1 1789 1858 2118
6541 2 2 1 1 3795 3220 4281
6542 2 2 1 1 1002 953 3554
6543 2 2 1 1 750 749 825
6544 2 2 1 1 1066 1031 3765
6545 2 2 1 1 487 3633 3896
6546 2 2 1 1 314 179 3823
6547 2 2 1 1 3388 1816 3838
6548 2 2 1 1 1011 1009 1280
6549 2 2 1 1 2674 1790 4195
6550 2 2 1 1 3630 421 3891
6551 2 2 1 1 3722 1457 3730
6552 2 2 1 1 1890 1891 1892
6553 2 2 1 1 3344 2976 4286
6554 2 2 1 1 325 3527 4256
6555 2 2 1 1 1683 1820 3701
6556 2 2 1 1 2323 2322 3650
6557 2 2 1 1 1486 1484 1846
6558 2 2 1 1 883 884 950
6559 2 2 1 1 3403 637 3845
6560 2 2 1 1 633 1101 3845
6561 2 2 1 1 1725 1423 1726
6562 2 2 1 1 291 2529 3859
6563 2 2 1 1 1025 1023 3702
6564 2 2 1 1 2575 2578 3844
6565 2 2 1 1 1299 1301 1421
6566 2 2 1 1 3684 474 3721
6567 2 2 1 1 3664 717 3930
6568 2 2 1 1 3546 313 3697
6569 2 2 1 1 1105 1008 1106
6570 2 2 1 1 187 188 3709
6571 2 2 1 1 41 3577 3750
6572 2 2 1 1 1266 40 3750
6573 2 2 1 1 1847 1846 2587
6574 2 2 1 1 2204 2524 3706
6575 2 2 1 1 2258 2259 3777
6576 2 2 1 1 2191 2192 3688
6577 2 2 1 1 2646 327 3957
6578 2 2 1 1 3722 2670 3825
6579 2 2 1 1 1129 1316 3812
6580 2 2 1 1 2486 1471 2487
6581 2 2 1 1 186 187 3712
6582 2 2 1 1 178 314 3836
6583 2 2 1 1 897 869 954
6584 2 2 1 1 3788 3389 4266
6585 2 2 1 1 311 176 3840
6586 2 2 1 1 3021 3022 4261
6587 2 2 1 1 2682 2124 3711
6588 2 2 1 1 3912 2702 4276
6589 2 2 1 1 1644 1319 1646
6590 2 2 1 1 2320 2316 2322
6591 2 2 1 1 1504 2683 3834
6592 2 2 1 1 592 590 2717
6593 2 2 1 1 733 735 3713
6594 2 2 1 1 2988 2989 3857
6595 2 2 1 1 3368 2232 3857
6596 2 2 1 1 187 3709 3712
6597 2 2 1 1 3259 2532 4226
6598 2 2 1 1 1892 2173 2174
6599 2 2 1 1 1361 1362 1484
6600 2 2 1 1 2385 1811 2494
6601 2 2 1 1 3279 3640 3677
6602 2 2 1 1 2148 2149 3858
6603 2 2 1 1 1105 2869 3723
6604 2 2 1 1 1667 718 3665
6605 2 2 1 1 1556 718 1667
6606 2 2 1 1 58 271 3708
6607 2 2 1 1 1054 1352 1353
6608 2 2 1 1 1408 3547 3806
6609 2 2 1 1 2205 3771 4032
6610 2 2 1 1 826 825 903
6611 2 2 1 1 1353 1463 1464
6612 2 2 1 1 904 903 1007
6613 2 2 1 1 1727 2127 2128
6614 2 2 1 1 490 3746 4087
6615 2 2 1 1 2701 335 2731
6616 2 2 1 1 2412 4226 4302
6617 2 2 1 1 2422 2423 4249
6618 2 2 1 1 3399 2447 3861
6619 2 2 1 1 2468 2233 3861
6620 2 2 1 1 1105 1106 1361
6621 2 2 1 1 1790 2674 4320
6622 2 2 1 1 1054 1055 1352
6623 2 2 1 1 950 951 1054
6624 2 2 1 1 2137 3395 3716
6625 2 2 1 1 2790 2776 3719
6626 2 2 1 1 3665 538 3666
6627 2 2 1 1 2417 2134 2428
6628 2 2 1 1 26 305 3779
6629 2 2 1 1 1305 1307 1422
6630 2 2 1 1 2688 2657 3820
6631 2 2 1 1 1215 3068 3069
6632 2 2 1 1 3753 2452 3871
6633 2 2 1 1 166 309 3855
6634 2 2 1 1 3604 2669 3730
6635 2 2 1 1 3195 3196 3868
6636 2 2 1 1 3184 457 3868
6637 2 2 1 1 3293 2352 3910
6638 2 2 1 1 2308 2309 3718
6639 2 2 1 1 3681 2307 3983
6640 2 2 1 1 3564 3563 3865
6641 2 2 1 1 871 872 945
6642 2 2 1 1 3416 2424 3869
6643 2 2 1 1 1464 1463 1789
6644 2 2 1 1 1680 1679 2150
6645 2 2 1 1 1464 1790 3645
6646 2 2 1 1 755 3104 4002
6647 2 2 1 1 3139 2501 3874
6648 2 2 1 1 1007 903 1008
6649 2 2 1 1 257 258 3960
6650 2 2 1 1 3146 1457 3722
6651 2 2 1 1 2359 4076 4258
6652 2 2 1 1 3068 1142 3670
6653 2 2 1 1 2638 1787 4302
6654 2 2 1 1 1891 1446 2433
6655 2 2 1 1 538 540 3666
6656 2 2 1 1 2799 2794 3726
6657 2 2 1 1 3262 1228 3875
6658 2 2 1 1 2824 2825 3894
6659 2 2 1 1 2886 983 3725
6660 2 2 1 1 2892 3459 3876
6661 2 2 1 1 557 569 3617
6662 2 2 1 1 1780 1769 2266
6663 2 2 1 1 2558 2132 3888
6664 2 2 1 1 2931 2932 3931
6665 2 2 1 1 3573 165 3855
6666 2 2 1 1 1394 1393 1679
6667 2 2 1 1 590 658 2717
6668 2 2 1 1 600 598 1356
6669 2 2 1 1 1233 3686 3757
6670 2 2 1 1 884 748 3690
6671 2 2 1 1 1098 925 3759
6672 2 2 1 1 2526 2279 4185
6673 2 2 1 1 2133 2135 3767
6674 2 2 1 1 2698 275 4007
6675 2 2 1 1 2216 2474 3873
6676 2 2 1 1 883 950 1669
6677 2 2 1 1 2814 1392 4028
6678 2 2 1 1 835 566 1309
6679 2 2 1 1 4027 2394 4071
6680 2 2 1 1 184 185 3729
6681 2 2 1 1 758 2897 3881
6682 2 2 1 1 3033 2179 3881
6683 2 2 1 1 533 3313 3727
6684 2 2 1 1 2981 2136 3887
6685 2 2 1 1 1031 1415 3765
6686 2 2 1 1 2811 2812 4253
6687 2 2 1 1 1422 1725 1727
6688 2 2 1 1 757 3609 3623
6689 2 2 1 1 1562 1564 4295
6690 2 2 1 1 2222 3649 3893
6691 2 2 1 1 1029 1027 3728
6692 2 2 1 1 2219 3630 3891
6693 2 2 1 1 2423 2128 2704
6694 2 2 1 1 3866 2374 4164
6695 2 2 1 1 2191 1717 2192
6696 2 2 1 1 2820 2472 4241
6697 2 2 1 1 2182 3661 3898
6698 2 2 1 1 2940 1897 3883
6699 2 2 1 1 217 303 3856
6700 2 2 1 1 1905 2990 3731
6701 2 2 1 1 2683 2119 3834
6702 2 2 1 1 3616 3597 3734
6703 2 2 1 1 2174 2425 2449
6704 2 2 1 1 2318 2608 2609
6705 2 2 1 1 3633 2356 3896
6706 2 2 1 1 886 3569 3872
6707 2 2 1 1 2622 2619 3911
6708 2 2 1 1 1156 485 3896
6709 2 2 1 1 474 3525 3721
6710 2 2 1 1 2618 2624 3911
6711 2 2 1 1 1110 1078 1393
6712 2 2 1 1 2181 2356 3906
6713 2 2 1 1 340 109 3916
6714 2 2 1 1 110 297 3916
6715 2 2 1 1 2286 3335 3908
6716 2 2 1 1 579 577 1314
6717 2 2 1 1 3568 216 3856
6718 2 2 1 1 2340 3573 3855
6719 2 2 1 1 552 2607 4116
6720 2 2 1 1 2279 2203 3953
6721 2 2 1 1 1009 1007 3723
6722 2 2 1 1 749 748 883
6723 2 2 1 1 4074 2930 4080
6724 2 2 1 1 3983 2307 4280
6725 2 2 1 1 2172 3087 3735
6726 2 2 1 1 3895 4053 4142
6727 2 2 1 1 1447 1752 3755
6728 2 2 1 1 1142 1143 1151
6729 2 2 1 1 2213 3812 3813
6730 2 2 1 1 3763 2420 4019
6731 2 2 1 1 1116 1115 1117
6732 2 2 1 1 145 6 4168
6733 2 2 1 1 6 146 4168
6734 2 2 1 1 2775 2778 3740
6735 2 2 1 1 2958 2957 3915
6736 2 2 1 1 2914 2405 3914
6737 2 2 1 1 852 572 3751
6738 2 2 1 1 2696 1253 4158
6739 2 2 1 1 2661 2659 3737
6740 2 2 1 1 1081 1013 1446
6741 2 2 1 1 828 559 3648
6742 2 2 1 1 3664 2958 3926
6743 2 2 1 1 1726 2188 2354
6744 2 2 1 1 2186 2562 3923
6745 2 2 1 1 3233 2184 3923
6746 2 2 1 1 476 1893 3924
6747 2 2 1 1 1004 908 3924
6748 2 2 1 1 1007 1008 1105
6749 2 2 1 1 2695 3736 3828
6750 2 2 1 1 2151 2504 2600
6751 2 2 1 1 2259 2262 3777
6752 2 2 1 1 727 748 749
6753 2 2 1 1 549 550 566
6754 2 2 1 1 1655 2209 3925
6755 2 2 1 1 2239 1657 3925
6756 2 2 1 1 2677 3604 3730
6757 2 2 1 1 827 491 3926
6758 2 2 1 1 2423 3678 4249
6759 2 2 1 1 2846 3744 3918
6760 2 2 1 1 2490 2489 2491
6761 2 2 1 1 1056 854 3982
6762 2 2 1 1 2954 2958 3930
6763 2 2 1 1 2430 3568 3856
6764 2 2 1 1 275 2698 4163
6765 2 2 1 1 1557 1556 1558
6766 2 2 1 1 1890 1446 1891
6767 2 2 1 1 2488 4231 4260
6768 2 2 1 1 923 880 4242
6769 2 2 1 1 727 726 748
6770 2 2 1 1 1897 1664 3931
6771 2 2 1 1 1868 2931 3931
6772 2 2 1 1 3293 3910 3948
6773 2 2 1 1 2846 2845 3744
6774 2 2 1 1 1808 2442 3935
6775 2 2 1 1 585 583 707
6776 2 2 1 1 1353 1352 1463
6777 2 2 1 1 1258 56 3901
6778 2 2 1 1 2336 2679 4308
6779 2 2 1 1 3742 1752 3809
6780 2 2 1 1 2945 2944 4077
6781 2 2 1 1 1663 2663 4316
6782 2 2 1 1 1014 1083 3782
6783 2 2 1 1 2128 2127 3717
6784 2 2 1 1 3731 1170 4159
6785 2 2 1 1 123 2824 3957
6786 2 2 1 1 327 122 3957
6787 2 2 1 1 2974 2167 3841
6788 2 2 1 1 1342 1466 3909
6789 2 2 1 1 1800 1801 3853
6790 2 2 1 1 3708 2369 3901
6791 2 2 1 1 941 939 3864
6792 2 2 1 1 1666 906 4130
6793 2 2 1 1 575 573 710
6794 2 2 1 1 939 1102 3864
6795 2 2 1 1 296 245 3763
6796 2 2 1 1 2832 3791 3909
6797 2 2 1 1 2767 2882 3816
6798 2 2 1 1 658 711 712
6799 2 2 1 1 745 714 3944
6800 2 2 1 1 686 2041 3944
6801 2 2 1 1 488 687 3746
6802 2 2 1 1 977 1068 1069
6803 2 2 1 1 2662 2754 3765
6804 2 2 1 1 204 205 3743
6805 2 2 1 1 1462 1062 3747
6806 2 2 1 1 2160 2399 3748
6807 2 2 1 1 1116 1118 1120
6808 2 2 1 1 3524 249 3758
6809 2 2 1 1 3845 2525 4070
6810 2 2 1 1 712 726 727
6811 2 2 1 1 540 541 542
6812 2 2 1 1 1253 2696 4304
6813 2 2 1 1 1473 3682 3887
6814 2 2 1 1 3449 3377 3976
6815 2 2 1 1 2804 2485 4287
6816 2 2 1 1 150 325 3940
6817 2 2 1 1 3721 2766 3798
6818 2 2 1 1 1645 1811 1812
6819 2 2 1 1 1892 1891 2173
6820 2 2 1 1 604 602 638
6821 2 2 1 1 182 183 3754
6822 2 2 1 1 2650 3651 3807
6823 2 2 1 1 877 578 3732
6824 2 2 1 1 1422 1423 1725
6825 2 2 1 1 658 589 711
6826 2 2 1 1 1636 1275 3753
6827 2 2 1 1 3725 3255 4193
6828 2 2 1 1 568 565 708
6829 2 2 1 1 1793 2976 4244
6830 2 2 1 1 1677 711 3733
6831 2 2 1 1 887 976 977
6832 2 2 1 1 2166 2369 3955
6833 2 2 1 1 555 559 560
6834 2 2 1 1 2995 3342 3956
6835 2 2 1 1 171 2736 3799
6836 2 2 1 1 709 828 829
6837 2 2 1 1 3707 295 3939
6838 2 2 1 1 1727 1725 2127
6839 2 2 1 1 3361 1233 3757
6840 2 2 1 1 72 1256 3934
6841 2 2 1 1 289 71 3934
6842 2 2 1 1 712 711 726
6843 2 2 1 1 3597 1838 3734
6844 2 2 1 1 1068 1317 1318
6845 2 2 1 1 121 327 3989
6846 2 2 1 1 2882 985 3816
6847 2 2 1 1 1294 1477 3762
6848 2 2 1 1 872 756 3623
6849 2 2 1 1 54 55 3756
6850 2 2 1 1 2178 2432 3622
6851 2 2 1 1 3751 2276 4005
6852 2 2 1 1 3808 2514 4306
6853 2 2 1 1 2354 2355 2537
6854 2 2 1 1 2724 3616 3734
6855 2 2 1 1 2234 2468 3964
6856 2 2 1 1 2591 3065 3766
6857 2 2 1 1 3526 154 3764
6858 2 2 1 1 345 149 3940
6859 2 2 1 1 2356 3633 3906
6860 2 2 1 1 2409 2742 4154
6861 2 2 1 1 1485 1692 3703
6862 2 2 1 1 1026 1107 3965
6863 2 2 1 1 1716 1711 1718
6864 2 2 1 1 2270 2681 3768
6865 2 2 1 1 1318 1644 1645
6866 2 2 1 1 3151 3152 3968
6867 2 2 1 1 3196 1177 3968
6868 2 2 1 1 40 41 3750
6869 2 2 1 1 2787 2761 3829
6870 2 2 1 1 1022 1024 3969
6871 2 2 1 1 2574 2572 3831
6872 2 2 1 1 1559 1560 1562
6873 2 2 1 1 2220 2265 3999
6874 2 2 1 1 709 829 1675
6875 2 2 1 1 211 212 3761
6876 2 2 1 1 3419 1452 3972
6877 2 2 1 1 704 702 3973
6878 2 2 1 1 2728 295 4215
6879 2 2 1 1 2670 2699 3825
6880 2 2 1 1 628 624 3977
6881 2 2 1 1 855 885 887
6882 2 2 1 1 2750 1871 4168
6883 2 2 1 1 2174 2173 2425
6884 2 2 1 1 1126 3680 3681
6885 2 2 1 1 829 854 855
6886 2 2 1 1 553 555 3641
6887 2 2 1 1 955 954 956
6888 2 2 1 1 1148 1147 1289
6889 2 2 1 1 1676 1069 2205
6890 2 2 1 1 1841 2506 4251
6891 2 2 1 1 2398 2210 3904
6892 2 2 1 1 100 341 3772
6893 2 2 1 1 1055 1299 3693
6894 2 2 1 1 2812 3645 4253
6895 2 2 1 1 855 870 885
6896 2 2 1 1 3683 3228 4132
6897 2 2 1 1 11 251 4155
6898 2 2 1 1 569 725 3617
6899 2 2 1 1 2134 1847 3707
6900 2 2 1 1 328 2617 3952
6901 2 2 1 1 85 272 3928
6902 2 2 1 1 250 11 4155
6903 2 2 1 1 3234 3694 4288
6904 2 2 1 1 2715 2225 3987
6905 2 2 1 1 3146 3722 3825
6906 2 2 1 1 1813 2538 4280
6907 2 2 1 1 1800 3853 3890
6908 2 2 1 1 2850 2853 4009
6909 2 2 1 1 2425 2173 3752
6910 2 2 1 1 2779 2782 3776
6911 2 2 1 1 3353 2331 3996
6912 2 2 1 1 3367 3368 3996
6913 2 2 1 1 1847 2587 3707
6914 2 2 1 1 461 3317 3997
6915 2 2 1 1 2385 2494 2530
6916 2 2 1 1 1081 1890 3780
6917 2 2 1 1 2822 2170 4278
6918 2 2 1 1 2155 2153 3775
6919 2 2 1 1 276 201 3954
6920 2 2 1 1 1145 1144 1146
6921 2 2 1 1 2207 3657 3859
6922 2 2 1 1 2991 2899 3778
6923 2 2 1 1 266 3795 4281
6924 2 2 1 1 2399 2227 3988
6925 2 2 1 1 1007 1105 3723
6926 2 2 1 1 1509 3612 3920
6927 2 2 1 1 1120 1122 1123
6928 2 2 1 1 3377 685 4002
6929 2 2 1 1 713 755 4002
6930 2 2 1 1 2299 1829 2307
6931 2 2 1 1 1606 175 3970
6932 2 2 1 1 3292 3293 3948
6933 2 2 1 1 1352 1055 3693
6934 2 2 1 1 2432 3929 4230
6935 2 2 1 1 2340 2200 4024
6936 2 2 1 1 1318 1319 1644
6937 2 2 1 1 1484 1485 3703
6938 2 2 1 1 92 277 3980
6939 2 2 1 1 732 731 891
6940 2 2 1 1 2488 2552 4231
6941 2 2 1 1 2947 1251 3928
6942 2 2 1 1 3920 2431 3921
6943 2 2 1 1 3775 2153 3785
6944 2 2 1 1 3066 1688 4011
6945 2 2 1 1 1686 2239 4011
6946 2 2 1 1 2298 2507 2535
6947 2 2 1 1 3632 2703 4167
6948 2 2 1 1 2050 2048 4012
6949 2 2 1 1 3409 1413 4012
6950 2 2 1 1 1280 1009 3723
6951 2 2 1 1 1809 1651 1810
6952 2 2 1 1 3682 2981 3887
6953 2 2 1 1 3084 1225 4018
6954 2 2 1 1 3747 1062 3815
6955 2 2 1 1 1253 159 4016
6956 2 2 1 1 2704 2128 3717
6957 2 2 1 1 603 606 3950
6958 2 2 1 1 69 70 3783
6959 2 2 1 1 2958 3664 3930
6960 2 2 1 1 32 1276 3919
6961 2 2 1 1 274 31 3919
6962 2 2 1 1 3847 2727 4308
6963 2 2 1 1 25 26 3779
6964 2 2 1 1 2873 3788 4266
6965 2 2 1 1 3812 1316 3813
6966 2 2 1 1 977 976 1068
6967 2 2 1 1 1816 3291 4021
6968 2 2 1 1 2153 2145 3785
6969 2 2 1 1 116 328 3952
6970 2 2 1 1 1251 84 3928
6971 2 2 1 1 2898 398 3786
6972 2 2 1 1 2355 2188 3850
6973 2 2 1 1 160 307 4016
6974 2 2 1 1 586 2521 3851
6975 2 2 1 1 1146 1144 2131
6976 2 2 1 1 1812 1811 2385
6977 2 2 1 1 2867 1064 3932
6978 2 2 1 1 2597 2327 4212
6979 2 2 1 1 3025 2285 3792
6980 2 2 1 1 2371 2113 4030
6981 2 2 1 1 170 171 3799
6982 2 2 1 1 1303 1305 3704
6983 2 2 1 1 1095 1094 2680
6984 2 2 1 1 3573 2340 4024
6985 2 2 1 1 310 3799 3999
6986 2 2 1 1 1346 1344 3791
6987 2 2 1 1 560 559 709
6988 2 2 1 1 161 162 4026
6989 2 2 1 1 887 885 976
6990 2 2 1 1 3397 1800 3890
6991 2 2 1 1 1123 1124 1125
6992 2 2 1 1 3785 2145 3800
6993 2 2 1 1 3786 398 3797
6994 2 2 1 1 1645 1644 1811
6995 2 2 1 1 2383 3932 4072
6996 2 2 1 1 2167 2707 3841
6997 2 2 1 1 1154 1153 4034
6998 2 2 1 1 2574 3831 4047
6999 2 2 1 1 1082 1081 3780
7000 2 2 1 1 2862 3801 3971
7001 2 2 1 1 2714 1832 4194
7002 2 2 1 1 2814 4028 4268
7003 2 2 1 1 2919 2330 4037
7004 2 2 1 1 2168 3626 4314
7005 2 2 1 1 2764 2809 3811
7006 2 2 1 1 3746 2908 4087
7007 2 2 1 1 198 199 4029
7008 2 2 1 1 1359 1125 3662
7009 2 2 1 1 2736 2280 3799
7010 2 2 1 1 43 44 4008
7011 2 2 1 1 2556 2482 3795
7012 2 2 1 1 1151 1143 1152
7013 2 2 1 1 398 2894 3797
7014 2 2 1 1 3587 557 3617
7015 2 2 1 1 1299 1421 3693
7016 2 2 1 1 18 280 3937
7017 2 2 1 1 3584 2198 3788
7018 2 2 1 1 3120 3117 4051
7019 2 2 1 1 2370 3037 4144
7020 2 2 1 1 1889 2840 3804
7021 2 2 1 1 1340 1338 3796
7022 2 2 1 1 1562 1563 1564
7023 2 2 1 1 2145 2810 3800
7024 2 2 1 1 3317 3316 4055
7025 2 2 1 1 562 560 3691
7026 2 2 1 1 3292 3948 3997
7027 2 2 1 1 3704 2422 3862
7028 2 2 1 1 3547 2082 3806
7029 2 2 1 1 180 181 3803
7030 2 2 1 1 2189 3652 4210
7031 2 2 1 1 3667 2842 3938
7032 2 2 1 1 2943 2163 3802
7033 2 2 1 1 1315 1085 3780
7034 2 2 1 1 17 18 3937
7035 2 2 1 1 1846 1484 3703
7036 2 2 1 1 2669 3722 3730
7037 2 2 1 1 596 657 3724
7038 2 2 1 1 2853 2855 3806
7039 2 2 1 1 4083 3632 4167
7040 2 2 1 1 868 898 4153
7041 2 2 1 1 199 200 4046
7042 2 2 1 1 2323 3650 3824
7043 2 2 1 1 279 195 4050
7044 2 2 1 1 2458 2459 4205
7045 2 2 1 1 592 2717 4214
7046 2 2 1 1 2532 3259 4109
7047 2 2 1 1 851 1116 4169
7048 2 2 1 1 3605 91 3980
7049 2 2 1 1 2281 2678 3962
7050 2 2 1 1 631 620 4065
7051 2 2 1 1 2714 1623 4275
7052 2 2 1 1 3992 2441 4013
7053 2 2 1 1 3879 1001 4308
7054 2 2 1 1 3156 2986 4289
7055 2 2 1 1 2192 2297 2298
7056 2 2 1 1 3644 1884 3978
7057 2 2 1 1 2900 3638 4267
7058 2 2 1 1 3346 1546 3808
7059 2 2 1 1 1752 2148 3809
7060 2 2 1 1 3558 2275 3801
7061 2 2 1 1 3675 825 3784
7062 2 2 1 1 3513 3471 4071
7063 2 2 1 1 2126 3721 3798
7064 2 2 1 1 1791 1441 4075
7065 2 2 1 1 2643 2375 4177
7066 2 2 1 1 1256 73 4042
7067 2 2 1 1 74 269 4042
7068 2 2 1 1 3851 2521 4064
7069 2 2 1 1 725 731 732
7070 2 2 1 1 2454 4181 4233
7071 2 2 1 1 2326 2328 3699
7072 2 2 1 1 1057 989 3903
7073 2 2 1 1 3871 4079 4134
7074 2 2 1 1 2560 2378 4120
7075 2 2 1 1 2769 3667 3938
7076 2 2 1 1 1731 1732 1733
7077 2 2 1 1 2571 2745 4048
7078 2 2 1 1 3397 3890 3936
7079 2 2 1 1 2400 329 4301
7080 2 2 1 1 1843 1718 2414
7081 2 2 1 1 3629 581 3852
7082 2 2 1 1 294 2821 4095
7083 2 2 1 1 3513 4071 4125
7084 2 2 1 1 548 492 4087
7085 2 2 1 1 2550 2376 4088
7086 2 2 1 1 3352 3353 4088
7087 2 2 1 1 3937 280 4315
7088 2 2 1 1 2585 3731 4159
7089 2 2 1 1 2230 2229 3810
7090 2 2 1 1 1564 1647 1648
7091 2 2 1 1 3589 2126 3798
7092 2 2 1 1 2490 2689 3714
7093 2 2 1 1 2428 2134 3707
7094 2 2 1 1 1062 986 3815
7095 2 2 1 1 196 3523 4050
7096 2 2 1 1 2819 2818 4158
7097 2 2 1 1 180 3803 3823
7098 2 2 1 1 1799 1650 2541
7099 2 2 1 1 3503 3332 4234
7100 2 2 1 1 3694 2463 4288
7101 2 2 1 1 836 981 4097
7102 2 2 1 1 1843 2415 3631
7103 2 2 1 1 3679 2402 3961
7104 2 2 1 1 102 288 4086
7105 2 2 1 1 341 101 4086
7106 2 2 1 1 1018 1020 4100
7107 2 2 1 1 2262 3727 3777
7108 2 2 1 1 3792 2285 3843
7109 2 2 1 1 4017 2350 4196
7110 2 2 1 1 1636 3753 3871
7111 2 2 1 1 2391 3725 4193
7112 2 2 1 1 2907 2908 4103
7113 2 2 1 1 2584 2585 4159
7114 2 2 1 1 330 3683 4132
7115 2 2 1 1 2541 1650 3990
7116 2 2 1 1 547 2996 3819
7117 2 2 1 1 2429 3514 4105
7118 2 2 1 1 2749 2751 3817
7119 2 2 1 1 883 1669 3784
7120 2 2 1 1 2848 2849 4270
7121 2 2 1 1 3636 2371 4030
7122 2 2 1 1 179 180 3823
7123 2 2 1 1 2105 2278 4109
7124 2 2 1 1 3259 2107 4109
7125 2 2 1 1 2667 2671 4163
7126 2 2 1 1 4052 3877 4117
7127 2 2 1 1 1872 3146 3825
7128 2 2 1 1 268 208 4063
7129 2 2 1 1 1752 3742 3755
7130 2 2 1 1 3153 2025 4113
7131 2 2 1 1 1631 1629 3826
7132 2 2 1 1 3387 2157 3878
7133 2 2 1 1 1875 2615 4299
7134 2 2 1 1 1351 610 4094
7135 2 2 1 1 2454 3683 4181
7136 2 2 1 1 2673 2674 4195
7137 2 2 1 1 2171 3636 4030
7138 2 2 1 1 1422 1727 3704
7139 2 2 1 1 2180 3387 3899
7140 2 2 1 1 1114 638 1121
7141 2 2 1 1 2369 3708 3955
7142 2 2 1 1 329 119 4301
7143 2 2 1 1 2572 2579 3831
7144 2 2 1 1 2169 2170 4085
7145 2 2 1 1 2410 2498 4256
7146 2 2 1 1 275 24 4007
7147 2 2 1 1 3894 2831 3895
7148 2 2 1 1 7 156 4175
7149 2 2 1 1 553 3641 3715
7150 2 2 1 1 142 332 4257
7151 2 2 1 1 155 7 4175
7152 2 2 1 1 3221 3222 4132
7153 2 2 1 1 114 115 4143
7154 2 2 1 1 1652 1817 3592
7155 2 2 1 1 3532 608 4177
7156 2 2 1 1 1011 1280 3749
7157 2 2 1 1 3650 1071 3824
7158 2 2 1 1 2936 2935 4138
7159 2 2 1 1 2365 2512 4140
7160 2 2 1 1 2562 2363 4140
7161 2 2 1 1 2341 2455 4115
7162 2 2 1 1 3308 1705 4144
7163 2 2 1 1 3448 2370 4144
7164 2 2 1 1 1305 1422 3704
7165 2 2 1 1 2583 2582 4150
7166 2 2 1 1 1801 2258 3853
7167 2 2 1 1 2648 2343 4115
7168 2 2 1 1 2408 2696 4158
7169 2 2 1 1 2356 2180 3899
7170 2 2 1 1 328 117 4299
7171 2 2 1 1 297 111 4300
7172 2 2 1 1 942 953 997
7173 2 2 1 1 825 749 3784
7174 2 2 1 1 1893 2878 4182
7175 2 2 1 1 335 21 3866
7176 2 2 1 1 482 758 3830
7177 2 2 1 1 1054 1353 3741
7178 2 2 1 1 1763 3589 3814
7179 2 2 1 1 486 484 4166
7180 2 2 1 1 1863 1475 2625
7181 2 2 1 1 3528 299 4124
7182 2 2 1 1 3895 2831 4053
7183 2 2 1 1 3067 1100 4099
7184 2 2 1 1 1155 2884 4172
7185 2 2 1 1 118 1875 4299
7186 2 2 1 1 3563 1685 3865
7187 2 2 1 1 3638 2421 4267
7188 2 2 1 1 3652 2902 4210
7189 2 2 1 1 3736 886 3828
7190 2 2 1 1 2355 3850 4057
7191 2 2 1 1 2347 1129 3812
7192 2 2 1 1 2698 2668 4163
7193 2 2 1 1 2601 1756 4198
7194 2 2 1 1 1417 1371 4126
7195 2 2 1 1 3706 2524 4309
7196 2 2 1 1 2406 2644 4179
7197 2 2 1 1 3955 271 4015
7198 2 2 1 1 1823 3397 3936
7199 2 2 1 1 4103 687 4138
7200 2 2 1 1 2444 2977 4297
7201 2 2 1 1 2152 2936 4183
7202 2 2 1 1 1733 1825 2544
7203 2 2 1 1 1862 157 4304
7204 2 2 1 1 3807 462 3854
7205 2 2 1 1 3627 1393 4170
7206 2 2 1 1 2569 2712 4061
7207 2 2 1 1 2164 2165 3832
7208 2 2 1 1 1492 1802 4309
7209 2 2 1 1 2433 1446 3749
7210 2 2 1 1 874 880 921
7211 2 2 1 1 749 883 3784
7212 2 2 1 1 3222 2288 4191
7213 2 2 1 1 520 519 521
7214 2 2 1 1 169 310 4146
7215 2 2 1 1 1819 2444 4297
7216 2 2 1 1 2903 2397 4292
7217 2 2 1 1 158 1253 4304
7218 2 2 1 1 1205 3183 4290
7219 2 2 1 1 3059 3060 4202
7220 2 2 1 1 3463 3465 4208
7221 2 2 1 1 2413 2454 4281
7222 2 2 1 1 1013 1011 3749
7223 2 2 1 1 2179 1497 4211
7224 2 2 1 1 2956 4098 4150
7225 2 2 1 1 3390 2477 4216
7226 2 2 1 1 892 891 988
7227 2 2 1 1 1788 1836 2224
7228 2 2 1 1 177 178 3836
7229 2 2 1 1 3532 3531 4179
7230 2 2 1 1 2757 2379 3842
7231 2 2 1 1 1712 1716 1717
7232 2 2 1 1 2578 2581 4240
7233 2 2 1 1 2391 2306 4252
7234 2 2 1 1 1442 1793 4244
7235 2 2 1 1 3344 1391 4244
7236 2 2 1 1 39 1266 4041
7237 2 2 1 1 267 38 4041
7238 2 2 1 1 612 1351 4246
7239 2 2 1 1 3612 2431 3920
7240 2 2 1 1 3997 3317 4021
7241 2 2 1 1 2197 2753 3849
7242 2 2 1 1 2753 302 3849
7243 2 2 1 1 269 75 4136
7244 2 2 1 1 2584 4159 4202
7245 2 2 1 1 176 177 3840
7246 2 2 1 1 2999 3388 3838
7247 2 2 1 1 1674 1290 4006
7248 2 2 1 1 708 3566 4219
7249 2 2 1 1 3928 272 4049
7250 2 2 1 1 3589 3798 3814
7251 2 2 1 1 3742 2599 3755
7252 2 2 1 1 2411 4072 4255
7253 2 2 1 1 2192 1717 2297
7254 2 2 1 1 936 1018 4130
7255 2 2 1 1 3651 462 3807
7256 2 2 1 1 167 168 4247
7257 2 2 1 1 997 953 1002
7258 2 2 1 1 3828 3872 4119
7259 2 2 1 1 1495 1121 1496
7260 2 2 1 1 566 550 3715
7261 2 2 1 1 581 579 3852
7262 2 2 1 1 1070 995 1321
7263 2 2 1 1 177 3836 3840
7264 2 2 1 1 3271 1215 3821
7265 2 2 1 1 2298 2297 2507
7266 2 2 1 1 2412 3259 4226
7267 2 2 1 1 3771 1645 4032
7268 2 2 1 1 522 519 3591
7269 2 2 1 1 3680 2299 3681
7270 2 2 1 1 1125 1425 3662
7271 2 2 1 1 3453 2426 4187
7272 2 2 1 1 1652 1809 1817
7273 2 2 1 1 3119 3503 4152
7274 2 2 1 1 2593 1887 2594
7275 2 2 1 1 2285 2286 3843
7276 2 2 1 1 2290 1411 2692
7277 2 2 1 1 950 1054 3741
7278 2 2 1 1 560 709 3691
7279 2 2 1 1 3069 3068 3670
7280 2 2 1 1 1322 1321 1710
7281 2 2 1 1 1436 1397 4221
7282 2 2 1 1 3060 558 4273
7283 2 2 1 1 2576 2575 3844
7284 2 2 1 1 4028 2238 4268
7285 2 2 1 1 266 48 4317
7286 2 2 1 1 283 81 4077
7287 2 2 1 1 77 301 4189
7288 2 2 1 1 2294 2292 4161
7289 2 2 1 1 3727 3313 3777
7290 2 2 1 1 957 956 3698
7291 2 2 1 1 1064 3789 3932
7292 2 2 1 1 1669 950 3741
7293 2 2 1 1 637 633 3845
7294 2 2 1 1 2217 3521 3904
7295 2 2 1 1 1623 1334 4275
7296 2 2 1 1 1102 3748 3864
7297 2 2 1 1 956 2326 3698
7298 2 2 1 1 555 554 559
7299 2 2 1 1 1145 1146 1147
7300 2 2 1 1 1702 1700 2213
7301 2 2 1 1 709 1675 3691
7302 2 2 1 1 47 266 4233
7303 2 2 1 1 2289 1411 2290
7304 2 2 1 1 1332 1832 4275
7305 2 2 1 1 2248 2940 3848
7306 2 2 1 1 2762 2197 3849
7307 2 2 1 1 2116 2311 2312
7308 2 2 1 1 3656 3752 4283
7309 2 2 1 1 2936 4138 4166
7310 2 2 1 1 3831 1107 4047
7311 2 2 1 1 2418 2131 3821
7312 2 2 1 1 3791 1344 3909
7313 2 2 1 1 203 300 4284
7314 2 2 1 1 2837 2846 3918
7315 2 2 1 1 2474 2473 2475
7316 2 2 1 1 330 45 4181
7317 2 2 1 1 991 989 1057
7318 2 2 1 1 520 521 523
7319 2 2 1 1 1813 1798 2211
7320 2 2 1 1 308 3573 4024
7321 2 2 1 1 2514 2513 4306
7322 2 2 1 1 1716 1718 1843
7323 2 2 1 1 1103 1471 2486
7324 2 2 1 1 2319 3872 3981
7325 2 2 1 1 3698 2326 3699
7326 2 2 1 1 4306 2513 4307
7327 2 2 1 1 2490 2491 2689
7328 2 2 1 1 3850 1812 4057
7329 2 2 1 1 165 166 3855
7330 2 2 1 1 4157 4058 4171
7331 2 2 1 1 921 880 922
7332 2 2 1 1 1501 1290 1674
7333 2 2 1 1 462 3017 3854
7334 2 2 1 1 2597 3641 3642
7335 2 2 1 1 1142 1151 3670
7336 2 2 1 1 3540 2350 4017
7337 2 2 1 1 2438 2440 4200
7338 2 2 1 1 2717 2685 4214
7339 2 2 1 1 1421 1301 3862
7340 2 2 1 1 2119 2332 3834
7341 2 2 1 1 2232 2988 3857
7342 2 2 1 1 1559 1558 1560
7343 2 2 1 1 3611 315 3700
7344 2 2 1 1 2312 2313 2314
7345 2 2 1 1 2637 332 4196
7346 2 2 1 1 2231 1821 4000
7347 2 2 1 1 216 217 3856
7348 2 2 1 1 3598 2127 3967
7349 2 2 1 1 2945 4077 4298
7350 2 2 1 1 2452 2451 4079
7351 2 2 1 1 2149 2980 3858
7352 2 2 1 1 1435 1289 3781
7353 2 2 1 1 3703 2139 3886
7354 2 2 1 1 571 2734 4269
7355 2 2 1 1 10 229 4052
7356 2 2 1 1 546 545 3587
7357 2 2 1 1 3610 3827 4035
7358 2 2 1 1 3708 271 3955
7359 2 2 1 1 2212 2211 2527
7360 2 2 1 1 607 608 4094
7361 2 2 1 1 2301 2375 4213
7362 2 2 1 1 2625 1359 2626
7363 2 2 1 1 345 2751 4078
7364 2 2 1 1 1652 1651 1809
7365 2 2 1 1 835 1309 3951
7366 2 2 1 1 985 3800 3816
7367 2 2 1 1 2443 2327 2597
7368 2 2 1 1 1653 1278 3998
7369 2 2 1 1 1094 1418 1419
7370 2 2 1 1 2291 2290 2292
7371 2 2 1 1 2233 3399 3861
7372 2 2 1 1 1151 1420 1433
7373 2 2 1 1 600 1356 3745
7374 2 2 1 1 1633 1807 2384
7375 2 2 1 1 1446 1013 3749
7376 2 2 1 1 303 3921 4174
7377 2 2 1 1 2205 1069 3771
7378 2 2 1 1 1153 952 3867
7379 2 2 1 1 940 942 3760
7380 2 2 1 1 2908 2906 4067
7381 2 2 1 1 2734 571 4186
7382 2 2 1 1 1080 1002 3907
7383 2 2 1 1 542 545 546
7384 2 2 1 1 457 3195 3868
7385 2 2 1 1 2403 2131 2418
7386 2 2 1 1 4202 3060 4240
7387 2 2 1 1 2278 3416 3869
7388 2 2 1 1 1069 1068 3771
7389 2 2 1 1 3853 2996 3890
7390 2 2 1 1 3468 1636 3871
7391 2 2 1 1 83 1251 4298
7392 2 2 1 1 1786 1788 3929
7393 2 2 1 1 2293 2292 2294
7394 2 2 1 1 2487 2489 2490
7395 2 2 1 1 2210 2217 3904
7396 2 2 1 1 1318 1645 3771
7397 2 2 1 1 1063 1002 1080
7398 2 2 1 1 2314 2315 2316
7399 2 2 1 1 2223 3139 3874
7400 2 2 1 1 1503 1476 1504
7401 2 2 1 1 1325 1324 1476
7402 2 2 1 1 2360 1839 2478
7403 2 2 1 1 3453 4187 4239
7404 2 2 1 1 271 3538 4015
7405 2 2 1 1 37 267 4248
7406 2 2 1 1 1797 1504 1839
7407 2 2 1 1 1111 1080 1112
7408 2 2 1 1 3688 2471 4263
7409 2 2 1 1 1107 3831 3965
7410 2 2 1 1 1802 3706 4309
7411 2 2 1 1 1449 1112 1450
7412 2 2 1 1 1079 946 1324
7413 2 2 1 1 1788 1612 1836
7414 2 2 1 1 1824 1450 1879
7415 2 2 1 1 2172 3735 4290
7416 2 2 1 1 3854 3017 3910
7417 2 2 1 1 2041 3262 3875
7418 2 2 1 1 3622 2224 4014
7419 2 2 1 1 2295 2294 2511
7420 2 2 1 1 932 938 1064
7421 2 2 1 1 1712 1711 1716
7422 2 2 1 1 3459 1156 3876
7423 2 2 1 1 4144 3037 4222
7424 2 2 1 1 2478 1839 4199
7425 2 2 1 1 3933 2238 4028
7426 2 2 1 1 2891 2892 3878
7427 2 2 1 1 229 230 3877
7428 2 2 1 1 3592 1817 3738
7429 2 2 1 1 2712 2713 4061
7430 2 2 1 1 1495 1496 3773
7431 2 2 1 1 2684 2492 4096
7432 2 2 1 1 3746 687 4103
7433 2 2 1 1 855 887 3805
7434 2 2 1 1 3799 2280 3999
7435 2 2 1 1 2708 2296 4294
7436 2 2 1 1 1419 1651 1652
7437 2 2 1 1 3801 2275 3971
7438 2 2 1 1 2299 2307 3681
7439 2 2 1 1 2273 3607 3918
7440 2 2 1 1 2587 1846 3886
7441 2 2 1 1 3647 2621 4128
7442 2 2 1 1 2132 2387 3888
7443 2 2 1 1 2908 3746 4103
7444 2 2 1 1 540 542 552
7445 2 2 1 1 2897 3033 3881
7446 2 2 1 1 3781 2202 4023
7447 2 2 1 1 2332 2120 2333
7448 2 2 1 1 1215 3069 3821
7449 2 2 1 1 1769 1435 3781
7450 2 2 1 1 2136 2614 3887
7451 2 2 1 1 2320 2322 2323
7452 2 2 1 1 2334 2333 2335
7453 2 2 1 1 1107 3452 4047
7454 2 2 1 1 2607 2534 4116
7455 2 2 1 1 2717 2079 4112
7456 2 2 1 1 258 287 3960
7457 2 2 1 1 1314 2652 4223
7458 2 2 1 1 2750 147 4078
7459 2 2 1 1 3609 873 3610
7460 2 2 1 1 2119 1032 2120
7461 2 2 1 1 3735 1205 4290
7462 2 2 1 1 3683 330 4181
7463 2 2 1 1 521 519 522
7464 2 2 1 1 3725 2391 4252
7465 2 2 1 1 2996 2994 3890
7466 2 2 1 1 421 3180 3891
7467 2 2 1 1 1301 1303 3862
7468 2 2 1 1 3619 36 4248
7469 2 2 1 1 585 707 3837
7470 2 2 1 1 598 596 3724
7471 2 2 1 1 2162 3453 4239
7472 2 2 1 1 2151 2600 3705
7473 2 2 1 1 2825 2831 3894
7474 2 2 1 1 410 3035 3893
7475 2 2 1 1 523 524 529
7476 2 2 1 1 3566 708 4110
7477 2 2 1 1 587 585 3837
7478 2 2 1 1 1116 1117 1118
7479 2 2 1 1 4015 3538 4056
7480 2 2 1 1 2596 2595 3954
7481 2 2 1 1 4098 2586 4150
7482 2 2 1 1 485 487 3896
7483 2 2 1 1 2253 1754 3898
7484 2 2 1 1 894 3513 4125
7485 2 2 1 1 945 946 1078
7486 2 2 1 1 293 224 2605
7487 2 2 1 1 550 544 551
7488 2 2 1 1 3898 1754 3902
7489 2 2 1 1 3733 587 3837
7490 2 2 1 1 3870 1057 4204
7491 2 2 1 1 3967 2354 4145
7492 2 2 1 1 3884 2347 3885
7493 2 2 1 1 1754 2981 3902
7494 2 2 1 1 1817 1809 2382
7495 2 2 1 1 2549 3334 3905
7496 2 2 1 1 1087 1085 1315
7497 2 2 1 1 2942 2181 3906
7498 2 2 1 1 2689 2491 4112
7499 2 2 1 1 553 551 554
7500 2 2 1 1 56 57 3901
7501 2 2 1 1 3865 1685 4044
7502 2 2 1 1 543 544 549
7503 2 2 1 1 529 530 543
7504 2 2 1 1 3335 1779 3908
7505 2 2 1 1 945 872 946
7506 2 2 1 1 3017 1214 3910
7507 2 2 1 1 2708 278 3860
7508 2 2 1 1 2619 2618 3911
7509 2 2 1 1 3789 3790 3932
7510 2 2 1 1 873 874 3827
7511 2 2 1 1 1344 1342 3909
7512 2 2 1 1 3751 574 3900
7513 2 2 1 1 530 524 2208
7514 2 2 1 1 938 940 3789
7515 2 2 1 1 2610 2608 4156
7516 2 2 1 1 3784 1669 3985
7517 2 2 1 1 1068 1318 3771
7518 2 2 1 1 2579 2570 4001
7519 2 2 1 1 921 1032 1873
7520 2 2 1 1 1726 2354 3967
7521 2 2 1 1 3521 343 3904
7522 2 2 1 1 2942 3906 3915
7523 2 2 1 1 3542 3464 4208
7524 2 2 1 1 1303 3704 3862
7525 2 2 1 1 4253 1790 4320
7526 2 2 1 1 1873 2119 2683
7527 2 2 1 1 1675 829 3805
7528 2 2 1 1 2398 3904 4129
7529 2 2 1 1 2859 2862 3971
7530 2 2 1 1 3245 745 4036
7531 2 2 1 1 3890 2994 3936
7532 2 2 1 1 3867 2399 3988
7533 2 2 1 1 725 732 1697
7534 2 2 1 1 579 1314 3852
7535 2 2 1 1 4047 3452 4081
7536 2 2 1 1 1674 3884 3885
7537 2 2 1 1 602 600 3745
7538 2 2 1 1 2957 2942 3915
7539 2 2 1 1 2915 2914 3914
7540 2 2 1 1 1322 1711 1712
7541 2 2 1 1 1846 3703 3886
7542 2 2 1 1 2512 3619 4248
7543 2 2 1 1 3639 2236 3933
7544 2 2 1 1 3838 3317 4055
7545 2 2 1 1 25 3779 4007
7546 2 2 1 1 109 110 3916
7547 2 2 1 1 1843 2414 2415
7548 2 2 1 1 540 552 3666
7549 2 2 1 1 1449 1824 1841
7550 2 2 1 1 1063 1111 1416
7551 2 2 1 1 2640 2639 4261
7552 2 2 1 1 2118 2673 4195
7553 2 2 1 1 3800 2810 3816
7554 2 2 1 1 3648 3959 4232
7555 2 2 1 1 2184 2186 3923
7556 2 2 1 1 908 476 3924
7557 2 2 1 1 3793 2719 3794
7558 2 2 1 1 2480 3584 4029
7559 2 2 1 1 1503 1797 1859
7560 2 2 1 1 1151 1433 3670
7561 2 2 1 1 1420 1152 1465
7562 2 2 1 1 1731 1648 1732
7563 2 2 1 1 1079 1325 1395
7564 2 2 1 1 222 223 4073
7565 2 2 1 1 2203 2773 3953
7566 2 2 1 1 1841 2276 2506
7567 2 2 1 1 2293 2295 2483
7568 2 2 1 1 1657 1655 3925
7569 2 2 1 1 4226 2638 4302
7570 2 2 1 1 491 493 3926
7571 2 2 1 1 3795 266 4317
7572 2 2 1 1 894 4125 4178
7573 2 2 1 1 3921 2431 4174
7574 2 2 1 1 2382 3700 4137
7575 2 2 1 1 2528 3710 4059
7576 2 2 1 1 926 928 1001
7577 2 2 1 1 2955 2954 3930
7578 2 2 1 1 2705 2632 4135
7579 2 2 1 1 956 2325 2326
7580 2 2 1 1 2513 3644 4307
7581 2 2 1 1 230 231 3892
7582 2 2 1 1 295 256 3939
7583 2 2 1 1 3908 1779 3947
7584 2 2 1 1 31 32 3919
7585 2 2 1 1 1843 3631 3835
7586 2 2 1 1 2291 2293 3870
7587 2 2 1 1 2144 3646 4151
7588 2 2 1 1 268 2740 4229
7589 2 2 1 1 3910 1214 3948
7590 2 2 1 1 1664 1868 3931
7591 2 2 1 1 3858 304 4217
7592 2 2 1 1 970 968 1113
7593 2 2 1 1 2523 1808 3935
7594 2 2 1 1 2886 3725 4252
7595 2 2 1 1 2994 2995 3936
7596 2 2 1 1 3584 298 4029
7597 2 2 1 1 2752 4017 4196
7598 2 2 1 1 2139 3695 3886
7599 2 2 1 1 1821 1823 4000
7600 2 2 1 1 2493 1836 3822
7601 2 2 1 1 115 116 3952
7602 2 2 1 1 1120 1118 1122
7603 2 2 1 1 71 72 3934
7604 2 2 1 1 2842 294 3938
7605 2 2 1 1 310 3811 4146
7606 2 2 1 1 84 85 3928
7607 2 2 1 1 725 1697 3617
7608 2 2 1 1 2346 3647 4128
7609 2 2 1 1 1278 1273 3998
7610 2 2 1 1 2192 2298 3946
7611 2 2 1 1 2643 2642 4312
7612 2 2 1 1 2771 2769 3938
7613 2 2 1 1 2674 296 4019
7614 2 2 1 1 2326 2327 2328
7615 2 2 1 1 2441 2439 4102
7616 2 2 1 1 829 855 3805
7617 2 2 1 1 2936 3830 4183
7618 2 2 1 1 550 553 3715
7619 2 2 1 1 1633 1465 1634
7620 2 2 1 1 149 150 3940
7621 2 2 1 1 1829 1495 3773
7622 2 2 1 1 3452 1235 4081
7623 2 2 1 1 1289 1290 1500
7624 2 2 1 1 1123 1122 1124
7625 2 2 1 1 2999 4055 4090
7626 2 2 1 1 3657 2207 4206
7627 2 2 1 1 2258 3819 3853
7628 2 2 1 1 714 686 3944
7629 2 2 1 1 1409 1411 2289
7630 2 2 1 1 3554 2178 3907
7631 2 2 1 1 1100 849 4069
7632 2 2 1 1 2685 2717 4112
7633 2 2 1 1 1562 1560 1563
7634 2 2 1 1 1807 1634 2196
7635 2 2 1 1 892 989 990
7636 2 2 1 1 2188 3668 3850
7637 2 2 1 1 2357 2358 4194
7638 2 2 1 1 3529 2501 4238
7639 2 2 1 1 1146 2131 2403
7640 2 2 1 1 2980 2979 4063
7641 2 2 1 1 553 554 555
7642 2 2 1 1 732 891 892
7643 2 2 1 1 3538 1257 4056
7644 2 2 1 1 3844 3060 4273
7645 2 2 1 1 2205 3668 4020
7646 2 2 1 1 2127 1725 3967
7647 2 2 1 1 1668 2872 4266
7648 2 2 1 1 2457 2916 4207
7649 2 2 1 1 1316 1095 2680
7650 2 2 1 1 964 962 1049
7651 2 2 1 1 1289 1500 3781
7652 2 2 1 1 1094 1091 1418
7653 2 2 1 1 1260 3542 4208
7654 2 2 1 1 1151 1152 1420
7655 2 2 1 1 2216 2473 2474
7656 2 2 1 1 1125 1124 1425
7657 2 2 1 1 1321 995 4293
7658 2 2 1 1 1500 1501 1699
7659 2 2 1 1 3675 3784 3985
7660 2 2 1 1 3918 3607 4062
7661 2 2 1 1 1779 2267 3947
7662 2 2 1 1 1214 3330 3948
7663 2 2 1 1 1825 1732 2361
7664 2 2 1 1 1564 1563 1647
7665 2 2 1 1 2719 2269 3949
7666 2 2 1 1 990 991 992
7667 2 2 1 1 1810 3611 4243
7668 2 2 1 1 1320 4061 4100
7669 2 2 1 1 1699 1700 1701
7670 2 2 1 1 2339 2411 2755
7671 2 2 1 1 3748 2399 3864
7672 2 2 1 1 1556 1667 3769
7673 2 2 1 1 3943 2402 4133
7674 2 2 1 1 2546 2404 4228
7675 2 2 1 1 2617 2620 3952
7676 2 2 1 1 1560 1558 1561
7677 2 2 1 1 3645 1790 4253
7678 2 2 1 1 3631 2415 3892
7679 2 2 1 1 3336 2166 3955
7680 2 2 1 1 3566 2722 4219
7681 2 2 1 1 992 993 994
7682 2 2 1 1 2335 2337 2448
7683 2 2 1 1 3774 2418 4184
7684 2 2 1 1 1701 1702 2206
7685 2 2 1 1 3342 3084 3956
7686 2 2 1 1 175 8 3970
7687 2 2 1 1 3591 2593 4054
7688 2 2 1 1 2446 3245 4036
7689 2 2 1 1 122 123 3957
7690 2 2 1 1 2998 2999 4090
7691 2 2 1 1 1647 1563 1649
7692 2 2 1 1 1817 2382 3739
7693 2 2 1 1 4081 1235 4114
7694 2 2 1 1 201 202 3954
7695 2 2 1 1 3738 1817 3739
7696 2 2 1 1 994 995 996
7697 2 2 1 1 4056 1257 4092
7698 2 2 1 1 3587 3617 4058
7699 2 2 1 1 606 1296 3950
7700 2 2 1 1 3663 3662 4013
7701 2 2 1 1 2515 2516 4101
7702 2 2 1 1 9 194 4118
7703 2 2 1 1 148 345 4078
7704 2 2 1 1 1100 3888 4099
7705 2 2 1 1 1733 1732 1825
7706 2 2 1 1 12 2 2395
7707 2 2 1 1 954 869 3951
7708 2 2 1 1 1072 2804 4287
7709 2 2 1 1 996 1070 1071
7710 2 2 1 1 2626 1359 3662
7711 2 2 1 1 3813 1316 4262
7712 2 2 1 1 335 3866 4164
7713 2 2 1 1 4053 1466 4142
7714 2 2 1 1 1729 2695 4147
7715 2 2 1 1 960 957 3698
7716 2 2 1 1 1124 1122 1469
7717 2 2 1 1 8 311 3970
7718 2 2 1 1 279 2870 4118
7719 2 2 1 1 1884 2554 3978
7720 2 2 1 1 3752 2173 4283
7721 2 2 1 1 1790 1789 4195
7722 2 2 1 1 2518 2234 3964
7723 2 2 1 1 922 924 3818
7724 2 2 1 1 1024 1026 3965
7725 2 2 1 1 930 932 3833
7726 2 2 1 1 3387 3876 3899
7727 2 2 1 1 1118 1117 1119
7728 2 2 1 1 1070 1321 1322
7729 2 2 1 1 3543 268 4229
7730 2 2 1 1 2150 1679 2168
7731 2 2 1 1 1496 1650 1798
7732 2 2 1 1 1177 3151 3968
7733 2 2 1 1 1320 1022 3969
7734 2 2 1 1 2486 2487 3897
7735 2 2 1 1 2318 2609 2700
7736 2 2 1 1 2465 2948 4049
7737 2 2 1 1 3819 2996 3853
7738 2 2 1 1 1356 598 3724
7739 2 2 1 1 3909 1466 4053
7740 2 2 1 1 2131 3271 3821
7741 2 2 1 1 892 988 989
7742 2 2 1 1 1309 566 3715
7743 2 2 1 1 2115 1649 2116
7744 2 2 1 1 3948 3330 3997
7745 2 2 1 1 3601 894 4178
7746 2 2 1 1 1452 2956 3972
7747 2 2 1 1 869 835 3951
7748 2 2 1 1 702 744 3973
7749 2 2 1 1 1053 3449 3975
7750 2 2 1 1 2388 2389 4131
7751 2 2 1 1 1101 628 3977
7752 2 2 1 1 1322 1710 1711
7753 2 2 1 1 638 602 3745
7754 2 2 1 1 2490 3714 3897
7755 2 2 1 1 1392 1715 4028
7756 2 2 1 1 3741 2144 4151
7757 2 2 1 1 3935 2179 4211
7758 2 2 1 1 2141 3540 4017
7759 2 2 1 1 1558 1556 3769
7760 2 2 1 1 2998 4090 4127
7761 2 2 1 1 2115 3673 4274
7762 2 2 1 1 4186 708 4219
7763 2 2 1 1 1755 1881 4149
7764 2 2 1 1 1289 1147 1290
7765 2 2 1 1 956 954 2325
7766 2 2 1 1 91 92 3980
7767 2 2 1 1 3466 3858 4217
7768 2 2 1 1 2224 1836 2493
7769 2 2 1 1 3685 1285 4038
7770 2 2 1 1 2289 2290 2291
7771 2 2 1 1 4152 3503 4234
7772 2 2 1 1 2297 1717 3835
7773 2 2 1 1 2446 4036 4066
7774 2 2 1 1 1676 2205 4020
7775 2 2 1 1 2443 2597 3642
7776 2 2 1 1 2525 2453 4070
7777 2 2 1 1 2320 2323 2324
7778 2 2 1 1 1633 2384 3986
7779 2 2 1 1 2314 2316 2319
7780 2 2 1 1 997 1002 1063
7781 2 2 1 1 2384 1807 2402
7782 2 2 1 1 1235 3419 4114
7783 2 2 1 1 2291 2292 2293
7784 2 2 1 1 1496 1121 1650
7785 2 2 1 1 3336 3955 4015
7786 2 2 1 1 2227 2388 3988
7787 2 2 1 1 2319 2316 2320
7788 2 2 1 1 2531 2532 4091
7789 2 2 1 1 2116 2312 2321
7790 2 2 1 1 147 148 4078
7791 2 2 1 1 576 877 4271
7792 2 2 1 1 2646 3895 4285
7793 2 2 1 1 1717 1716 3835
7794 2 2 1 1 3831 2579 3965
7795 2 2 1 1 1419 1418 1651
7796 2 2 1 1 523 521 524
7797 2 2 1 1 2393 3976 4303
7798 2 2 1 1 849 851 4069
7799 2 2 1 1 573 571 4269
7800 2 2 1 1 1325 1476 1503
7801 2 2 1 1 1063 1080 1111
7802 2 2 1 1 2225 3365 3987
7803 2 2 1 1 657 2684 4096
7804 2 2 1 1 2293 2294 2295
7805 2 2 1 1 1797 1839 2360
7806 2 2 1 1 921 922 1032
7807 2 2 1 1 2476 2820 4235
7808 2 2 1 1 1449 1450 1824
7809 2 2 1 1 2324 2323 2471
7810 2 2 1 1 1503 1504 1797
7811 2 2 1 1 2307 1829 3773
7812 2 2 1 1 2360 2478 3927
7813 2 2 1 1 2433 3656 4283
7814 2 2 1 1 1111 1112 1449
7815 2 2 1 1 3964 1893 4182
7816 2 2 1 1 2471 2323 3824
7817 2 2 1 1 1079 1324 1325
7818 2 2 1 1 120 121 3989
7819 2 2 1 1 2178 3622 3907
7820 2 2 1 1 2624 2623 3998
7821 2 2 1 1 2223 3874 4124
7822 2 2 1 1 1648 1647 3945
7823 2 2 1 1 2332 2333 2334
7824 2 2 1 1 2280 2220 3999
7825 2 2 1 1 1612 970 3839
7826 2 2 1 1 2331 3367 3996
7827 2 2 1 1 2445 2446 4066
7828 2 2 1 1 2679 3879 4308
7829 2 2 1 1 2334 2335 3787
7830 2 2 1 1 3330 461 3997
7831 2 2 1 1 2582 3972 4150
7832 2 2 1 1 2119 2120 2332
7833 2 2 1 1 3827 1873 4035
7834 2 2 1 1 2120 1032 3818
7835 2 2 1 1 2837 3918 4062
7836 2 2 1 1 3468 3871 4134
7837 2 2 1 1 2458 4205 4295
7838 2 2 1 1 529 524 530
7839 2 2 1 1 550 551 553
7840 2 2 1 1 3104 2656 4303
7841 2 2 1 1 546 3587 3672
7842 2 2 1 1 2947 3928 4049
7843 2 2 1 1 3000 2998 4127
7844 2 2 1 1 3888 2387 4099
7845 2 2 1 1 708 565 4110
7846 2 2 1 1 2626 3662 3663
7847 2 2 1 1 543 530 544
7848 2 2 1 1 2487 2490 3897
7849 2 2 1 1 194 279 4118
7850 2 2 1 1 2248 3848 4229
7851 2 2 1 1 549 544 550
7852 2 2 1 1 1078 946 1079
7853 2 2 1 1 2275 3625 3971
7854 2 2 1 1 1873 1032 2119
7855 2 2 1 1 2752 3817 4017
7856 2 2 1 1 2393 3975 3976
7857 2 2 1 1 928 930 3847
7858 2 2 1 1 571 568 4186
7859 2 2 1 1 2700 2609 3846
7860 2 2 1 1 3593 3813 4262
7861 2 2 1 1 2293 2483 3870
7862 2 2 1 1 685 713 4002
7863 2 2 1 1 1053 3975 4027
7864 2 2 1 1 1841 1824 2276
7865 2 2 1 1 2483 2295 2502
7866 2 2 1 1 1420 1465 1633
7867 2 2 1 1 1257 3539 4092
7868 2 2 1 1 2397 4111 4292
7869 2 2 1 1 2727 2336 4308
7870 2 2 1 1 1838 9 4118
7871 2 2 1 1 2328 2327 2443
7872 2 2 1 1 2626 3663 3993
7873 2 2 1 1 2326 2325 2327
7874 2 2 1 1 1647 1649 2115
7875 2 2 1 1 1633 1634 1807
7876 2 2 1 1 2849 2850 4009
7877 2 2 1 1 1500 1290 1501
7878 2 2 1 1 990 989 991
7879 2 2 1 1 1825 2361 2362
7880 2 2 1 1 1798 1650 1799
7881 2 2 1 1 1828 2643 4312
7882 2 2 1 1 1699 1501 1700
7883 2 2 1 1 1839 1504 3834
7884 2 2 1 1 992 991 993
7885 2 2 1 1 1701 1700 1702
7886 2 2 1 1 994 993 995
7887 2 2 1 1 2206 1702 2207
7888 2 2 1 1 996 995 1070
7889 2 2 1 1 4008 3222 4191
7890 2 2 1 1 1725 1726 3967
7891 2 2 1 1 1688 1686 4011
7892 2 2 1 1 2568 2571 4048
7893 2 2 1 1 3000 4127 4160
7894 2 2 1 1 2048 3409 4012
7895 2 2 1 1 2266 2731 4164
7896 2 2 1 1 278 221 2710
7897 2 2 1 1 159 160 4016
7898 2 2 1 1 3080 3336 4015
7899 2 2 1 1 2196 1634 3993
7900 2 2 1 1 2556 3795 4317
7901 2 2 1 1 1324 946 3880
7902 2 2 1 1 4092 3539 4139
7903 2 2 1 1 162 163 4279
7904 2 2 1 1 1787 3136 4302
7905 2 2 1 1 1225 3306 4018
7906 2 2 1 1 3837 2705 4135
7907 2 2 1 1 24 25 4007
7908 2 2 1 1 3929 1788 4230
7909 2 2 1 1 872 3623 3880
7910 2 2 1 1 1716 1843 3835
7911 2 2 1 1 1891 2433 4283
7912 2 2 1 1 1860 999 4187
7913 2 2 1 1 1667 3665 4082
7914 2 2 1 1 3635 2424 4218
7915 2 2 1 1 966 964 3889
7916 2 2 1 1 3848 2940 3883
7917 2 2 1 1 551 544 3966
7918 2 2 1 1 3904 343 4129
7919 2 2 1 1 3291 3292 4021
7920 2 2 1 1 1699 1701 3912
7921 2 2 1 1 2200 2409 4024
7922 2 2 1 1 3830 758 4183
7923 2 2 1 1 942 997 3760
7924 2 2 1 1 284 43 4008
7925 2 2 1 1 3617 1697 4058
7926 2 2 1 1 2859 3971 4123
7927 2 2 1 1 1645 1812 4032
7928 2 2 1 1 2820 3889 4235
7929 2 2 1 1 3959 2362 4232
7930 2 2 1 1 921 1873 3827
7931 2 2 1 1 3458 1053 4027
7932 2 2 1 1 2596 3954 4284
7933 2 2 1 1 2276 3751 3900
7934 2 2 1 1 3343 3000 4160
7935 2 2 1 1 2553 1863 3962
7936 2 2 1 1 4018 3306 4040
7937 2 2 1 1 1356 3724 3922
7938 2 2 1 1 999 2666 4239
7939 2 2 1 1 2113 3136 4030
7940 2 2 1 1 1861 2743 4060
7941 2 2 1 1 3556 1653 4258
7942 2 2 1 1 307 161 4026
7943 2 2 1 1 3698 3699 3941
7944 2 2 1 1 2633 3690 4296
7945 2 2 1 1 3080 4015 4056
7946 2 2 1 1 1112 1080 4014
7947 2 2 1 1 2402 3679 4133
7948 2 2 1 1 874 921 3827
7949 2 2 1 1 2906 3007 4067
7950 2 2 1 1 298 198 4029
7951 2 2 1 1 562 3691 4110
7952 2 2 1 1 1614 1154 4034
7953 2 2 1 1 2709 2708 4294
7954 2 2 1 1 3 330 4107
7955 2 2 1 1 2999 3838 4055
7956 2 2 1 1 3623 3609 4010
7957 2 2 1 1 2330 2479 4037
7958 2 2 1 1 657 594 4214
7959 2 2 1 1 3688 2192 3946
7960 2 2 1 1 3343 4160 4192
7961 2 2 1 1 2389 2923 4131
7962 2 2 1 1 3306 548 4040
7963 2 2 1 1 3672 4058 4157
7964 2 2 1 1 2202 1699 3912
7965 2 2 1 1 924 926 3879
7966 2 2 1 1 2428 3707 3939
7967 2 2 1 1 1863 2625 3962
7968 2 2 1 1 3876 1156 3899
7969 2 2 1 1 73 74 4042
7970 2 2 1 1 2577 2574 4047
7971 2 2 1 1 3607 1417 4062
7972 2 2 1 1 2523 4211 4250
7973 2 2 1 1 2948 2947 4049
7974 2 2 1 1 1128 3943 4133
7975 2 2 1 1 2858 2859 4123
7976 2 2 1 1 3794 1418 4039
7977 2 2 1 1 3136 2412 4302
7978 2 2 1 1 2297 3835 4084
7979 2 2 1 1 270 3391 4310
7980 2 2 1 1 2831 2832 4053
7981 2 2 1 1 2362 2361 4025
7982 2 2 1 1 1116 1120 4169
7983 2 2 1 1 2208 524 4043
7984 2 2 1 1 3539 290 4139
7985 2 2 1 1 3888 1100 4069
7986 2 2 1 1 3458 4027 4071
7987 2 2 1 1 2390 3308 4222
7988 2 2 1 1 1089 3793 4039
7989 2 2 1 1 3117 3119 4051
7990 2 2 1 1 195 196 4050
7991 2 2 1 1 3370 2523 4250
7992 2 2 1 1 38 39 4041
7993 2 2 1 1 3877 2415 4117
7994 2 2 1 1 1285 3846 4038
7995 2 2 1 1 200 276 4046
7996 2 2 1 1 1449 1841 3974
7997 2 2 1 1 2170 3581 4278
7998 2 2 1 1 3292 3997 4021
7999 2 2 1 1 1503 1859 3979
8000 2 2 1 1 3316 1230 4055
8001 2 2 1 1 1093 3994 4102
8002 2 2 1 1 3081 3080 4056
8003 2 2 1 1 940 3760 3789
8004 2 2 1 1 2984 3343 4192
8005 2 2 1 1 2872 2873 4266
8006 2 2 1 1 3598 3967 4145
8007 2 2 1 1 2395 2 2515
8008 2 2 1 1 3889 1049 4235
8009 2 2 1 1 4139 290 4188
8010 2 2 1 1 4036 3365 4066
8011 2 2 1 1 1370 2838 4318
8012 2 2 1 1 1064 938 3789
8013 2 2 1 1 3662 1425 4013
8014 2 2 1 1 2836 2837 4062
8015 2 2 1 1 3370 4250 4272
8016 2 2 1 1 2279 3953 4185
8017 2 2 1 1 2358 2714 4194
8018 2 2 1 1 2390 4222 4254
8019 2 2 1 1 2214 3675 3985
8020 2 2 1 1 2577 4047 4081
8021 2 2 1 1 1809 1810 4243
8022 2 2 1 1 2440 3710 4200
8023 2 2 1 1 2751 2750 4078
8024 2 2 1 1 1063 1416 4045
8025 2 2 1 1 2082 1755 4149
8026 2 2 1 1 988 1409 3903
8027 2 2 1 1 1079 1395 4170
8028 2 2 1 1 208 209 4063
8029 2 2 1 1 2385 2530 4220
8030 2 2 1 1 236 237 4068
8031 2 2 1 1 620 622 4065
8032 2 2 1 1 4071 2394 4125
8033 2 2 1 1 2238 1676 4020
8034 2 2 1 1 2335 2448 3787
8035 2 2 1 1 2542 3937 4315
8036 2 2 1 1 2415 2414 4117
8037 2 2 1 1 2703 1635 4167
8038 2 2 1 1 3954 202 4284
8039 2 2 1 1 2984 4192 4224
8040 2 2 1 1 2834 2836 4318
8041 2 2 1 1 3365 1791 4066
8042 2 2 1 1 2632 2633 4296
8043 2 2 1 1 2731 335 4164
8044 2 2 1 1 120 3989 4301
8045 2 2 1 1 2325 954 3951
8046 2 2 1 1 3610 873 3827
8047 2 2 1 1 2025 3403 4070
8048 2 2 1 1 1413 3370 4272
8049 2 2 1 1 4055 1230 4090
8050 2 2 1 1 3471 3458 4071
8051 2 2 1 1 2678 2553 3962
8052 2 2 1 1 1441 1703 4075
8053 2 2 1 1 3081 4056 4092
8054 2 2 1 1 968 966 3913
8055 2 2 1 1 3817 2141 4017
8056 2 2 1 1 3860 2294 4161
8057 2 2 1 1 4079 1860 4134
8058 2 2 1 1 3520 282 4074
8059 2 2 1 1 2424 2162 4218
8060 2 2 1 1 2975 2390 4254
8061 2 2 1 1 991 1057 3942
8062 2 2 1 1 278 2710 3860
8063 2 2 1 1 2266 1769 4023
8064 2 2 1 1 2337 2339 3917
8065 2 2 1 1 3971 3625 4123
8066 2 2 1 1 1395 3627 4170
8067 2 2 1 1 3822 1836 3839
8068 2 2 1 1 2930 2147 4080
8069 2 2 1 1 2501 2465 4238
8070 2 2 1 1 2580 2577 4081
8071 2 2 1 1 3789 3760 3790
8072 2 2 1 1 2506 2276 3900
8073 2 2 1 1 3835 3631 4084
8074 2 2 1 1 4065 622 4097
8075 2 2 1 1 1732 1648 3945
8076 2 2 1 1 2296 2708 4161
8077 2 2 1 1 2462 2463 4083
8078 2 2 1 1 962 960 3941
8079 2 2 1 1 4135 2632 4296
8080 2 2 1 1 2983 2984 4224
8081 2 2 1 1 1832 3556 4076
8082 2 2 1 1 81 82 4077
8083 2 2 1 1 3152 631 4089
8084 2 2 1 1 932 1064 3833
8085 2 2 1 1 2870 1838 4118
8086 2 2 1 1 2576 3844 4273
8087 2 2 1 1 101 102 4086
8088 2 2 1 1 1032 922 3818
8089 2 2 1 1 989 988 3903
8090 2 2 1 1 2541 3922 4260
8091 2 2 1 1 492 490 4087
8092 2 2 1 1 2455 2169 4085
8093 2 2 1 1 2956 2955 4098
8094 2 2 1 1 2975 4254 4286
8095 2 2 1 1 1002 3554 3907
8096 2 2 1 1 2376 3352 4088
8097 2 2 1 1 1756 228 4052
8098 2 2 1 1 2538 3983 4280
8099 2 2 1 1 2687 3066 4089
8100 2 2 1 1 4075 1703 4106
8101 2 2 1 1 2291 3870 4204
8102 2 2 1 1 2544 1825 3959
8103 2 2 1 1 1230 3160 4090
8104 2 2 1 1 1322 1712 3958
8105 2 2 1 1 290 3537 4188
8106 2 2 1 1 1836 1612 3839
8107 2 2 1 1 597 1072 4287
8108 2 2 1 1 610 607 4094
8109 2 2 1 1 1634 2281 3993
8110 2 2 1 1 3281 3081 4092
8111 2 2 1 1 4080 2147 4111
8112 2 2 1 1 2520 3657 4206
8113 2 2 1 1 3966 2208 4033
8114 2 2 1 1 2983 4224 4259
8115 2 2 1 1 1561 1558 3769
8116 2 2 1 1 2361 1732 3945
8117 2 2 1 1 2821 2822 4095
8118 2 2 1 1 2580 4081 4114
8119 2 2 1 1 2645 2646 4285
8120 2 2 1 1 296 3763 4019
8121 2 2 1 1 622 836 4097
8122 2 2 1 1 3613 2435 4044
8123 2 2 1 1 4188 3537 4227
8124 2 2 1 1 2387 2514 4099
8125 2 2 1 1 1020 1320 4100
8126 2 2 1 1 3733 3837 4135
8127 2 2 1 1 2206 2207 3859
8128 2 2 1 1 2937 2907 4103
8129 2 2 1 1 259 260 4122
8130 2 2 1 1 2976 2975 4286
8131 2 2 1 1 2622 3602 4128
8132 2 2 1 1 3514 3464 4105
8133 2 2 1 1 745 3987 4036
8134 2 2 1 1 3969 2579 4001
8135 2 2 1 1 2384 2402 3943
8136 2 2 1 1 958 1860 4197
8137 2 2 1 1 4090 3160 4127
8138 2 2 1 1 3976 3104 4303
8139 2 2 1 1 3602 2346 4128
8140 2 2 1 1 1703 3125 4106
8141 2 2 1 1 2656 3701 4303
8142 2 2 1 1 970 1113 3839
8143 2 2 1 1 1647 2115 3945
8144 2 2 1 1 2107 2105 4109
8145 2 2 1 1 3646 3985 4151
8146 2 2 1 1 2985 2983 4259
8147 2 2 1 1 3821 3069 4184
8148 2 2 1 1 1823 3956 4000
8149 2 2 1 1 892 990 4031
8150 2 2 1 1 3610 2349 4010
8151 2 2 1 1 2147 2396 4111
8152 2 2 1 1 2378 2380 4120
8153 2 2 1 1 3576 274 4152
8154 2 2 1 1 2424 3635 4305
8155 2 2 1 1 1001 928 3847
8156 2 2 1 1 3281 4092 4139
8157 2 2 1 1 1430 3153 4113
8158 2 2 1 1 906 936 4130
8159 2 2 1 1 2582 2580 4114
8160 2 2 1 1 3631 337 4084
8161 2 2 1 1 3520 4074 4129
8162 2 2 1 1 2937 4103 4138
8163 2 2 1 1 44 3 4107
8164 2 2 1 1 2343 2341 4115
8165 2 2 1 1 2742 3519 4154
8166 2 2 1 1 3364 2223 4124
8167 2 2 1 1 2429 4105 4319
8168 2 2 1 1 2394 2416 4125
8169 2 2 1 1 3872 2319 4119
8170 2 2 1 1 3764 155 4175
8171 2 2 1 1 4106 3125 4141
8172 2 2 1 1 3160 460 4127
8173 2 2 1 1 1393 1078 4170
8174 2 2 1 1 3982 2362 4025
8175 2 2 1 1 3611 3700 4243
8176 2 2 1 1 2621 2622 4128
8177 2 2 1 1 3774 4165 4203
8178 2 2 1 1 2985 4259 4289
8179 2 2 1 1 2431 2430 4174
8180 2 2 1 1 3609 3610 4010
8181 2 2 1 1 3665 3666 4082
8182 2 2 1 1 1371 1370 4126
8183 2 2 1 1 1859 4064 4162
8184 2 2 1 1 3228 3221 4132
8185 2 2 1 1 3581 2771 4278
8186 2 2 1 1 1153 3867 3988
8187 2 2 1 1 2295 2511 3963
8188 2 2 1 1 2426 3468 4134
8189 2 2 1 1 2349 3610 4035
8190 2 2 1 1 946 872 3880
8191 2 2 1 1 2130 2814 4268
8192 2 2 1 1 1871 145 4168
8193 2 2 1 1 2537 2355 4104
8194 2 2 1 1 343 3520 4129
8195 2 2 1 1 2350 2637 4196
8196 2 2 1 1 2935 2937 4138
8197 2 2 1 1 2832 3909 4053
8198 2 2 1 1 2838 2834 4318
8199 2 2 1 1 3030 3281 4139
8200 2 2 1 1 3537 1254 4227
8201 2 2 1 1 251 1861 4155
8202 2 2 1 1 4127 460 4160
8203 2 2 1 1 930 3833 3847
8204 2 2 1 1 964 1049 3889
8205 2 2 1 1 324 114 4143
8206 2 2 1 1 75 76 4136
8207 2 2 1 1 2363 2365 4140
8208 2 2 1 1 2609 2610 4038
8209 2 2 1 1 2986 2985 4289
8210 2 2 1 1 3125 2381 4141
8211 2 2 1 1 880 879 4242
8212 2 2 1 1 4227 1254 4264
8213 2 2 1 1 2818 2408 4158
8214 2 2 1 1 2492 3922 4096
8215 2 2 1 1 1649 1563 4022
8216 2 2 1 1 3811 2809 4146
8217 2 2 1 1 1705 3448 4144
8218 2 2 1 1 4125 2416 4178
8219 2 2 1 1 926 1001 3879
8220 2 2 1 1 168 169 4146
8221 2 2 1 1 2586 2583 4150
8222 2 2 1 1 1430 4113 4193
8223 2 2 1 1 1812 2385 4057
8224 2 2 1 1 1119 1117 4180
8225 2 2 1 1 1466 3796 4142
8226 2 2 1 1 1091 1089 4039
8227 2 2 1 1 3625 1436 4123
8228 2 2 1 1 1433 1420 3986
8229 2 2 1 1 1170 3324 4159
8230 2 2 1 1 460 3181 4160
8231 2 2 1 1 3975 3449 3976
8232 2 2 1 1 1469 1122 4003
8233 2 2 1 1 2404 2930 4228
8234 2 2 1 1 530 2208 3966
8235 2 2 1 1 3030 4139 4188
8236 2 2 1 1 2668 2667 4163
8237 2 2 1 1 1769 3781 4023
8238 2 2 1 1 1635 1562 4295
8239 2 2 1 1 3818 924 3879
8240 2 2 1 1 687 486 4166
8241 2 2 1 1 1280 3767 4121
8242 2 2 1 1 2292 2296 4161
8243 2 2 1 1 4141 2381 4190
8244 2 2 1 1 1830 2301 4213
8245 2 2 1 1 3700 2382 4243
8246 2 2 1 1 1409 2289 3903
8247 2 2 1 1 2630 3852 4223
8248 2 2 1 1 1667 4082 4173
8249 2 2 1 1 3846 2609 4038
8250 2 2 1 1 2360 3851 4064
8251 2 2 1 1 156 1862 4175
8252 2 2 1 1 2884 1894 4172
8253 2 2 1 1 2418 3821 4184
8254 2 2 1 1 2674 4019 4320
8255 2 2 1 1 2932 3743 4311
8256 2 2 1 1 234 235 4291
8257 2 2 1 1 3758 250 4155
8258 2 2 1 1 2375 3532 4177
8259 2 2 1 1 3856 303 4174
8260 2 2 1 1 1788 2224 4230
8261 2 2 1 1 4136 76 4189
8262 2 2 1 1 2374 2266 4164
8263 2 2 1 1 1425 3992 4013
8264 2 2 1 1 4160 3181 4192
8265 2 2 1 1 2536 4253 4320
8266 2 2 1 1 1049 962 3941
8267 2 2 1 1 2416 3564 4178
8268 2 2 1 1 2955 3677 4098
8269 2 2 1 1 3531 2406 4179
8270 2 2 1 1 2448 2337 3917
8271 2 2 1 1 828 3648 4232
8272 2 2 1 1 2878 1155 4182
8273 2 2 1 1 2386 3577 4265
8274 2 2 1 1 3793 3794 4039
8275 2 2 1 1 4159 3324 4202
8276 2 2 1 1 3465 3466 4217
8277 2 2 1 1 163 308 4279
8278 2 2 1 1 286 3598 4145
8279 2 2 1 1 1113 968 3913
8280 2 2 1 1 594 592 4214
8281 2 2 1 1 1715 3933 4028
8282 2 2 1 1 2442 2152 4183
8283 2 2 1 1 4138 687 4166
8284 2 2 1 1 2320 2324 4119
8285 2 2 1 1 4077 82 4298
8286 2 2 1 1 45 46 4181
8287 2 2 1 1 1416 1111 3974
8288 2 2 1 1 4172 1894 4201
8289 2 2 1 1 3029 3030 4188
8290 2 2 1 1 1879 3873 4005
8291 2 2 1 1 332 2752 4196
8292 2 2 1 1 2465 4049 4238
8293 2 2 1 1 1425 3991 3992
8294 2 2 1 1 344 3526 4185
8295 2 2 1 1 1395 1325 3979
8296 2 2 1 1 2339 2755 3917
8297 2 2 1 1 2381 2522 4190
8298 2 2 1 1 1807 2196 3961
8299 2 2 1 1 1254 3536 4264
8300 2 2 1 1 4264 3536 4310
8301 2 2 1 1 2288 3212 4191
8302 2 2 1 1 1873 2683 4035
8303 2 2 1 1 2456 2457 4207
8304 2 2 1 1 3181 1206 4192
8305 2 2 1 1 76 77 4189
8306 2 2 1 1 3255 1430 4193
8307 2 2 1 1 565 562 4110
8308 2 2 1 1 1756 4117 4198
8309 2 2 1 1 2459 2462 4205
8310 2 2 1 1 3678 1421 4249
8311 2 2 1 1 1073 2638 4226
8312 2 2 1 1 2324 3828 4119
8313 2 2 1 1 1290 1147 4006
8314 2 2 1 1 3880 3623 4010
8315 2 2 1 1 284 4191 4265
8316 2 2 1 1 1894 2896 4201
8317 2 2 1 1 3324 3059 4202
8318 2 2 1 1 3029 4188 4227
8319 2 2 1 1 1071 1070 3958
8320 2 2 1 1 993 991 3942
8321 2 2 1 1 3464 3463 4208
8322 2 2 1 1 4079 2451 4197
8323 2 2 1 1 1812 3850 4032
8324 2 2 1 1 4192 1206 4224
8325 2 2 1 1 2536 2811 4253
8326 2 2 1 1 2427 2189 4210
8327 2 2 1 1 1824 1879 4005
8328 2 2 1 1 1497 1814 4211
8329 2 2 1 1 522 3591 4054
8330 2 2 1 1 2328 2443 3984
8331 2 2 1 1 1859 1797 4064
8332 2 2 1 1 558 2744 4273
8333 2 2 1 1 3351 3390 4216
8334 2 2 1 1 3956 3084 4000
8335 2 2 1 1 4181 46 4233
8336 2 2 1 1 3869 2424 4305
8337 2 2 1 1 4201 2896 4237
8338 2 2 1 1 2314 2319 3981
8339 2 2 1 1 3037 3036 4222
8340 2 2 1 1 2191 3688 4263
8341 2 2 1 1 1147 1146 4006
8342 2 2 1 1 1206 3182 4224
8343 2 2 1 1 4191 3212 4265
8344 2 2 1 1 2414 2464 4198
8345 2 2 1 1 3031 3029 4227
8346 2 2 1 1 3984 1663 4316
8347 2 2 1 1 1121 638 3990
8348 2 2 1 1 2740 2248 4229
8349 2 2 1 1 966 3889 3913
8350 2 2 1 1 4211 1814 4250
8351 2 2 1 1 1418 1091 4039
8352 2 2 1 1 1397 1396 4221
8353 2 2 1 1 1825 2362 3959
8354 2 2 1 1 2312 2314 3981
8355 2 2 1 1 1117 1126 4180
8356 2 2 1 1 960 3698 3941
8357 2 2 1 1 2773 2410 4256
8358 2 2 1 1 4222 3036 4254
8359 2 2 1 1 2896 465 4237
8360 2 2 1 1 2507 2297 4084
8361 2 2 1 1 4224 3182 4259
8362 2 2 1 1 2581 2584 4240
8363 2 2 1 1 46 47 4233
8364 2 2 1 1 3536 270 4310
8365 2 2 1 1 304 3761 4217
8366 2 2 1 1 2436 3865 4044
8367 2 2 1 1 1320 3969 4001
8368 2 2 1 1 3031 4227 4264
8369 2 2 1 1 3022 2640 4261
8370 2 2 1 1 4034 2388 4131
8371 2 2 1 1 4187 999 4239
8372 2 2 1 1 1391 1442 4244
8373 2 2 1 1 614 612 4246
8374 2 2 1 1 141 142 4257
8375 2 2 1 1 1814 2918 4250
8376 2 2 1 1 1650 1121 3990
8377 2 2 1 1 229 3877 4052
8378 2 2 1 1 4237 465 4267
8379 2 2 1 1 2847 2848 4270
8380 2 2 1 1 2306 2304 4252
8381 2 2 1 1 3036 1003 4254
8382 2 2 1 1 3182 459 4259
8383 2 2 1 1 3672 2610 4156
8384 2 2 1 1 4250 2918 4272
8385 2 2 1 1 309 167 4247
8386 2 2 1 1 3032 3031 4264
8387 2 2 1 1 3212 2386 4265
8388 2 2 1 1 4254 1003 4286
8389 2 2 1 1 2278 3869 4091
8390 2 2 1 1 4259 459 4289
8391 2 2 1 1 3389 1668 4266
8392 2 2 1 1 465 2900 4267
8393 2 2 1 1 2523 3935 4211
8394 2 2 1 1 4292 2396 4313
8395 2 2 1 1 2918 2919 4272
8396 2 2 1 1 1070 1322 3958
8397 2 2 1 1 119 120 4301
8398 2 2 1 1 3032 4264 4310
8399 2 2 1 1 3220 2413 4281
8400 2 2 1 1 4142 2647 4285
8401 2 2 1 1 1003 3344 4286
8402 2 2 1 1 2647 2645 4285
8403 2 2 1 1 2502 2295 3963
8404 2 2 1 1 3749 1280 4121
8405 2 2 1 1 1554 3234 4288
8406 2 2 1 1 459 3156 4289
8407 2 2 1 1 2464 2601 4198
8408 2 2 1 1 111 112 4300
8409 2 2 1 1 3183 3184 4290
8410 2 2 1 1 117 118 4299
8411 2 2 1 1 2992 2903 4292
8412 2 2 1 1 2396 3515 4313
8413 2 2 1 1 2040 1819 4297
8414 2 2 1 1 3515 1109 4313
8415 2 2 1 1 2992 4292 4313
8416 2 2 1 1 157 158 4304
8417 2 2 1 1 2195 3050 4306
8418 2 2 1 1 2195 4306 4307
8419 2 2 1 1 2194 2195 4307
8420 2 2 1 1 272 3529 4238
8421 2 2 1 1 1494 1492 4309
8422 2 2 1 1 3391 3032 4310
8423 2 2 1 1 1109 2992 4313
8424 2 2 1 1 36 37 4248
8425 2 2 1 1 552 542 3995
8426 2 2 1 1 3701 2393 4303
8427 2 2 1 1 2402 1807 3961
8428 2 2 1 1 202 203 4284
8429 2 2 1 1 544 530 3966
8430 2 2 1 1 3895 4142 4285
8431 2 2 1 1 1334 1332 4275
8432 2 2 1 1 48 49 4317
8433 2 2 1 1 1124 1469 3991
8434 2 2 1 1 2702 2731 4276
8435 2 2 1 1 3690 1677 4296
8436 2 2 1 1 3622 2432 4230
8437 2 2 1 1 542 546 3995
8438 2 2 1 1 3524 3758 4209
8439 2 2 1 1 82 83 4298
8440 2 2 1 1 3883 2932 4311
8441 2 2 1 1 1111 1449 3974
8442 2 2 1 1 2593 2594 4054
8443 2 2 1 1 2321 2312 3981
8444 2 2 1 1 2584 4202 4240
8445 2 2 1 1 1325 1503 3979
8446 2 2 1 1 898 1666 4153
8447 2 2 1 1 4165 3774 4184
8448 2 2 1 1 1420 1633 3986
8449 2 2 1 1 3743 1259 4311
8450 2 2 1 1 1653 4004 4258
8451 2 2 1 1 2403 2418 4093
8452 2 2 1 1 2276 1824 4005
8453 2 2 1 1 1797 2360 4064
8454 2 2 1 1 1265 3576 4234
8455 2 2 1 1 273 3568 4319
8456 2 2 1 1 1862 3764 4175
8457 2 2 1 1 2491 2685 4112
8458 2 2 1 1 1057 3903 4204
8459 2 2 1 1 3672 3587 4058
8460 2 2 1 1 1425 1124 3991
8461 2 2 1 1 3560 2709 4294
8462 2 2 1 1 2354 2537 4145
8463 2 2 1 1 4076 2357 4194
8464 2 2 1 1 1789 2118 4195
8465 2 2 1 1 638 3745 3990
8466 2 2 1 1 3994 2441 4102
8467 2 2 1 1 1118 1119 4003
8468 2 2 1 1 1798 1799 4176
8469 2 2 1 1 1126 3681 4180
8470 2 2 1 1 15 291 4148
8471 2 2 1 1 2433 3749 4121
8472 2 2 1 1 3673 1056 4025
8473 2 2 1 1 2462 4083 4167
8474 2 2 1 1 1122 1118 4003
8475 2 2 1 1 521 522 4043
8476 2 2 1 1 1677 4135 4296
8477 2 2 1 1 1146 2403 4006
8478 2 2 1 1 2558 3888 4069
8479 2 2 1 1 3871 2452 4079
8480 2 2 1 1 3577 284 4265
8481 2 2 1 1 1259 3848 4311
8482 2 2 1 1 3724 657 4096
8483 2 2 1 1 1697 732 4031
8484 2 2 1 1 2348 3884 4093
8485 2 2 1 1 2224 3622 4230
8486 2 2 1 1 4049 272 4238
8487 2 2 1 1 1560 1561 4022
8488 2 2 1 1 568 708 4186
8489 2 2 1 1 3987 3365 4036
8490 2 2 1 1 3985 1669 4151
8491 2 2 1 1 2610 3672 4157
8492 2 2 1 1 1563 1560 4022
8493 2 2 1 1 3796 2647 4142
8494 2 2 1 1 1677 3733 4135
8495 2 2 1 1 4205 1635 4295
8496 2 2 1 1 3695 2728 4215
8497 2 2 1 1 4037 2479 4108
8498 2 2 1 1 2395 2515 4101
8499 2 2 1 1 3848 3883 4311
8500 2 2 1 1 1861 3758 4155
8501 2 2 1 1 2319 2320 4119
8502 2 2 1 1 2277 4157 4171
8503 2 2 1 1 732 892 4031
8504 2 2 1 1 2608 3995 4156
8505 2 2 1 1 2518 3964 4182
8506 2 2 1 1 1669 3741 4151
8507 2 2 1 1 3739 2382 4137
8508 2 2 1 1 3761 3465 4217
8509 2 2 1 1 3972 2956 4150
8510 2 2 1 1 3007 4040 4067
8511 2 2 1 1 524 521 4043
8512 2 2 1 1 3960 287 4277
8513 2 2 1 1 4061 2713 4100
8514 2 2 1 1 2430 3856 4174
8515 2 2 1 1 710 573 4269
8516 2 2 1 1 997 1063 4045
8517 2 2 1 1 3666 552 4116
8518 2 2 1 1 4009 2082 4149
8519 2 2 1 1 3760 997 4045
8520 2 2 1 1 3852 1314 4223
8521 2 2 1 1 2587 3886 4215
8522 2 2 1 1 2475 3984 4316
8523 2 2 1 1 3790 3760 4045
8524 2 2 1 1 2173 1891 4283
8525 2 2 1 1 2211 1798 4176
8526 2 2 1 1 3681 3983 4180
8527 2 2 1 1 3576 4152 4234
8528 2 2 1 1 3922 2492 4260
8529 2 2 1 1 3953 344 4185
8530 2 2 1 1 2716 3774 4203
8531 2 2 1 1 2708 3860 4161
8532 2 2 1 1 3983 1119 4180
8533 2 2 1 1 2327 2325 4212
8534 2 2 1 1 3991 1469 4059
8535 2 2 1 1 3710 1837 4200
8536 2 2 1 1 2702 3912 4315
8537 2 2 1 1 1078 1079 4170
8538 2 2 1 1 2382 1809 4243
8539 2 2 1 1 1860 4079 4197
8540 2 2 1 1 4040 548 4067
8541 2 2 1 1 1056 3982 4025
8542 2 2 1 1 546 3672 4156
8543 2 2 1 1 4165 1433 4203
8544 2 2 1 1 3951 1309 4212
8545 2 2 1 1 3922 3724 4096
8546 2 2 1 1 3069 3670 4165
8547 2 2 1 1 4231 1799 4260
8548 2 2 1 1 4022 1561 4236
8549 2 2 1 1 280 2702 4315
8550 2 2 1 1 274 4051 4152
8551 2 2 1 1 993 3942 4293
8552 2 2 1 1 3886 3695 4215
8553 2 2 1 1 3903 2289 4204
8554 2 2 1 1 4082 3666 4116
8555 2 2 1 1 1421 3862 4249
8556 2 2 1 1 2836 4126 4318
8557 2 2 1 1 2324 2471 4147
8558 2 2 1 1 2362 3982 4232
8559 2 2 1 1 3839 1113 4282
8560 2 2 1 1 2471 3824 4263
8561 2 2 1 1 2289 2291 4204
8562 2 2 1 1 2332 2334 4199
8563 2 2 1 1 4025 2361 4274
8564 2 2 1 1 3769 1667 4173
8565 2 2 1 1 2296 3560 4294
8566 2 2 1 1 1433 3986 4203
8567 2 2 1 1 3995 546 4156
8568 2 2 1 1 1799 2541 4260
8569 2 2 1 1 4117 2414 4198
8570 2 2 1 1 287 3752 4277
8571 2 2 1 1 2355 4057 4104
8572 2 2 1 1 3945 2115 4274
8573 2 2 1 1 2849 4009 4149
8574 2 2 1 1 1614 4034 4131
8575 2 2 1 1 982 3869 4305
8576 2 2 1 1 1316 2680 4262
8577 2 2 1 1 2527 2211 4245
8578 2 2 1 1 2771 4095 4278
8579 2 2 1 1 4082 2534 4173
8580 2 2 1 1 2361 3945 4274
8581 2 2 1 1 284 4008 4191
8582 2 2 1 1 3824 1071 4225
8583 2 2 1 1 3942 2503 4293
8584 2 2 1 1 3822 3839 4282
8585 2 2 1 1 3834 2332 4199
8586 2 2 1 1 4051 3119 4152
8587 2 2 1 1 995 993 4293
8588 2 2 1 1 2211 4176 4245
8589 2 2 1 1 4167 1635 4205
8590 2 2 1 1 2462 4167 4205
8591 2 2 1 1 3670 1433 4165
8592 2 2 1 1 2930 4074 4228
8593 2 2 1 1 4134 1860 4187
8594 2 2 1 1 2307 3773 4280
8595 2 2 1 1 4176 1799 4231
8596 2 2 1 1 4076 3556 4258
8597 2 2 1 1 2534 4082 4116
8598 2 2 1 1 3862 2422 4249
8599 2 2 1 1 3673 4025 4274
8600 2 2 1 1 3974 1841 4251
8601 2 2 1 1 3069 4165 4184
8602 2 2 1 1 4060 2467 4209
8603 2 2 1 1 1832 4076 4194
8604 2 2 1 1 2506 3900 4271
8605 2 2 1 1 4004 2359 4258
8606 2 2 1 1 4058 1697 4171
8607 2 2 1 1 1113 3913 4241
8608 2 2 1 1 2325 3951 4212
8609 2 2 1 1 308 4154 4279
8610 2 2 1 1 2426 4134 4187
8611 2 2 1 1 4074 282 4228
8612 2 2 1 1 2238 4020 4268
8613 2 2 1 1 879 4190 4242
8614 2 2 1 1 4057 2385 4220
8615 2 2 1 1 1839 3834 4199
8616 2 2 1 1 1697 4031 4171
8617 2 2 1 1 1071 3958 4225
8618 2 2 1 1 4104 4057 4220
8619 2 2 1 1 4225 2191 4263
8620 2 2 1 1 1416 3974 4255
8621 2 2 1 1 4105 273 4319
8622 2 2 1 1 4111 2396 4292
8623 2 2 1 1 4095 2822 4278
8624 2 2 1 1 4190 2522 4242
8625 2 2 1 1 4072 1416 4255
8626 2 2 1 1 4176 2552 4245
8627 2 2 1 1 336 4104 4220
8628 2 2 1 1 4154 3519 4279
8629 2 2 1 1 4126 1370 4318
8630 2 2 1 1 3824 4225 4263
8631 2 2 1 1 2552 4176 4231
8632 2 2 1 1 4251 2411 4255
8633 2 2 1 1 4023 2202 4276
8634 2 2 1 1 1113 4241 4282
8635 2 2 1 1 4241 2472 4282
8636 2 2 1 1 3974 4251 4255
8637 2 2 1 1 1 12 2395
8638 2 2 1 1 265 1 2395
$EndElements
